customer_id,actual_default,predicted_default,default_probability,predicted_risk
1,1,1,0.8855084,Very High
2,1,1,0.5548203,High
3,0,0,0.20298503,Medium
4,0,0,0.30821034,Medium
5,0,0,0.1870633,Low
6,0,0,0.33639455,Medium
7,0,0,0.09535593,Low
8,0,0,0.34706628,Medium
9,0,0,0.46681064,High
10,0,0,0.3648467,Medium
11,0,0,0.40022925,High
12,0,0,0.29113552,Medium
13,0,0,0.13519166,Low
14,1,1,0.6897222,Very High
15,0,0,0.09625102,Low
16,0,1,0.5602333,High
17,1,1,0.74495083,Very High
18,0,0,0.33588716,Medium
19,0,1,0.6479732,Very High
20,0,1,0.53240114,High
21,0,0,0.14137027,Low
22,1,0,0.4537079,High
23,1,1,0.87565696,Very High
24,1,0,0.25086,Medium
25,0,0,0.19746456,Low
26,0,0,0.29764125,Medium
27,1,0,0.42529818,High
28,0,0,0.22235374,Medium
29,0,0,0.38201138,Medium
30,0,0,0.28251955,Medium
31,0,0,0.10361573,Low
32,1,1,0.835005,Very High
33,0,0,0.23183902,Medium
34,0,0,0.075030416,Low
35,0,0,0.16171864,Low
36,0,0,0.18187678,Low
37,0,0,0.18011676,Low
38,0,0,0.3563638,Medium
39,1,0,0.44569665,High
40,0,0,0.3568643,Medium
41,0,0,0.188409,Low
42,0,0,0.25751713,Medium
43,0,0,0.37536967,Medium
44,0,0,0.14809836,Low
45,0,0,0.35654172,Medium
46,1,0,0.4757165,High
47,1,1,0.50054497,High
48,1,0,0.25515875,Medium
49,0,0,0.07180757,Low
50,0,0,0.3215897,Medium
51,1,1,0.7143485,Very High
52,0,0,0.20123003,Medium
53,0,0,0.14057298,Low
54,0,0,0.44921863,High
55,0,1,0.7824437,Very High
56,0,0,0.31927714,Medium
57,0,0,0.13674842,Low
58,0,0,0.23002084,Medium
59,0,1,0.72594273,Very High
60,0,0,0.3198756,Medium
61,1,0,0.13588691,Low
62,0,0,0.35312402,Medium
63,1,1,0.8981157,Very High
64,1,0,0.30616662,Medium
65,0,0,0.39518225,Medium
66,1,1,0.6071399,Very High
67,1,1,0.8568358,Very High
68,0,1,0.5548263,High
69,0,0,0.33622652,Medium
70,0,0,0.41289616,High
71,0,0,0.40271956,High
72,1,1,0.8620864,Very High
73,0,0,0.24852566,Medium
74,0,0,0.42612317,High
75,0,0,0.08929651,Low
76,0,1,0.5727838,High
77,0,0,0.29502568,Medium
78,0,0,0.3432461,Medium
79,1,0,0.3264844,Medium
80,1,1,0.5699279,High
81,0,0,0.09537682,Low
82,0,0,0.09008596,Low
83,1,0,0.2639106,Medium
84,0,0,0.2576308,Medium
85,0,0,0.32700366,Medium
86,0,0,0.18091604,Low
87,1,1,0.51374274,High
88,0,0,0.24358015,Medium
89,0,0,0.15256575,Low
90,0,1,0.8747764,Very High
91,1,1,0.86831737,Very High
92,0,0,0.29360652,Medium
93,0,0,0.20501888,Medium
94,0,0,0.29941496,Medium
95,0,0,0.32600436,Medium
96,0,0,0.25427723,Medium
97,0,0,0.15773633,Low
98,0,0,0.13121991,Low
99,0,0,0.28225887,Medium
100,1,0,0.39721662,Medium
101,0,0,0.31707504,Medium
102,0,0,0.121789224,Low
103,0,0,0.34800804,Medium
104,1,0,0.30020115,Medium
105,0,1,0.80219007,Very High
106,0,0,0.2872149,Medium
107,0,0,0.26252922,Medium
108,0,0,0.22681104,Medium
109,0,0,0.3889045,Medium
110,0,1,0.5923118,High
111,0,0,0.30587783,Medium
112,0,1,0.5112222,High
113,0,1,0.87085867,Very High
114,0,0,0.15161537,Low
115,0,0,0.25107023,Medium
116,1,1,0.70863765,Very High
117,0,0,0.2777294,Medium
118,1,1,0.8244979,Very High
119,0,0,0.112825565,Low
120,0,0,0.13036421,Low
121,1,1,0.8727393,Very High
122,1,1,0.6427922,Very High
123,0,1,0.6115648,Very High
124,1,1,0.85298884,Very High
125,0,0,0.3433442,Medium
126,0,1,0.6387848,Very High
127,0,0,0.13551678,Low
128,1,0,0.27782285,Medium
129,1,0,0.41899195,High
130,0,1,0.8340923,Very High
131,0,0,0.24883397,Medium
132,0,0,0.44229898,High
133,0,0,0.17397419,Low
134,0,0,0.18210246,Low
135,0,0,0.30844346,Medium
136,0,1,0.5831999,High
137,0,0,0.11980443,Low
138,0,0,0.24487653,Medium
139,1,0,0.45098764,High
140,0,0,0.3234861,Medium
141,1,1,0.607338,Very High
142,0,0,0.33490452,Medium
143,0,1,0.6273702,Very High
144,0,0,0.0979168,Low
145,0,0,0.25482106,Medium
146,0,1,0.51448417,High
147,1,0,0.20108089,Medium
148,0,0,0.45097637,High
149,0,1,0.7359251,Very High
150,0,0,0.36156064,Medium
151,0,0,0.41248262,High
152,0,0,0.13475055,Low
153,0,0,0.43263662,High
154,0,0,0.13038555,Low
155,0,0,0.28467143,Medium
156,0,0,0.14139141,Low
157,0,0,0.1294243,Low
158,0,0,0.24191551,Medium
159,1,1,0.8566614,Very High
160,0,1,0.84530497,Very High
161,0,1,0.85666406,Very High
162,0,1,0.7188653,Very High
163,0,0,0.36414257,Medium
164,0,0,0.3144075,Medium
165,0,0,0.2265566,Medium
166,0,0,0.20057136,Medium
167,0,0,0.1310803,Low
168,0,1,0.6192896,Very High
169,0,0,0.41489527,High
170,0,0,0.27339372,Medium
171,0,0,0.094688736,Low
172,0,0,0.22040871,Medium
173,0,0,0.23972695,Medium
174,1,1,0.58523166,High
175,0,1,0.5769793,High
176,1,1,0.79888487,Very High
177,0,0,0.312767,Medium
178,0,1,0.6720177,Very High
179,0,0,0.37503752,Medium
180,0,0,0.4906119,High
181,0,0,0.29871455,Medium
182,0,0,0.12393462,Low
183,0,0,0.068835445,Low
184,1,0,0.34161574,Medium
185,0,0,0.37661636,Medium
186,1,1,0.6813287,Very High
187,0,0,0.14339979,Low
188,1,1,0.8837729,Very High
189,0,0,0.2521745,Medium
190,0,1,0.6709653,Very High
191,0,0,0.072294265,Low
192,1,1,0.83309114,Very High
193,0,0,0.19906561,Low
194,0,0,0.44010022,High
195,0,0,0.3202382,Medium
196,1,1,0.7139366,Very High
197,0,0,0.35738713,Medium
198,0,0,0.29222414,Medium
199,0,0,0.24050349,Medium
200,1,1,0.6314265,Very High
201,0,0,0.37225187,Medium
202,0,0,0.3630958,Medium
203,0,0,0.13282369,Low
204,0,0,0.18378821,Low
205,0,0,0.1773376,Low
206,0,0,0.26054022,Medium
207,0,0,0.4684255,High
208,1,0,0.29771608,Medium
209,1,0,0.2866356,Medium
210,0,0,0.20136364,Medium
211,0,0,0.12895502,Low
212,1,0,0.40826637,High
213,0,0,0.32224455,Medium
214,0,0,0.4419132,High
215,0,1,0.9029603,Very High
216,0,1,0.59785,High
217,1,1,0.56155163,High
218,0,1,0.8239616,Very High
219,0,0,0.20669211,Medium
220,0,0,0.31053188,Medium
221,1,1,0.7721534,Very High
222,0,0,0.34212527,Medium
223,0,0,0.27489483,Medium
224,0,0,0.063249916,Low
225,1,1,0.7065698,Very High
226,0,0,0.16757572,Low
227,0,0,0.3251758,Medium
228,0,0,0.38487253,Medium
229,1,1,0.8243244,Very High
230,0,1,0.5515922,High
231,0,0,0.22938114,Medium
232,1,1,0.6782726,Very High
233,0,0,0.3086834,Medium
234,1,1,0.8604908,Very High
235,0,0,0.34024557,Medium
236,0,0,0.19649507,Low
237,0,0,0.21744637,Medium
238,0,0,0.22207905,Medium
239,1,0,0.2601369,Medium
240,1,0,0.13957024,Low
241,0,1,0.62243557,Very High
242,0,0,0.27867392,Medium
243,0,0,0.22080141,Medium
244,0,0,0.48476285,High
245,0,1,0.6911489,Very High
246,0,0,0.35987195,Medium
247,0,0,0.13985656,Low
248,0,0,0.18398158,Low
249,0,0,0.22656003,Medium
250,0,0,0.312087,Medium
251,0,1,0.63304585,Very High
252,0,0,0.31076795,Medium
253,1,0,0.15139689,Low
254,0,0,0.1142034,Low
255,0,0,0.13005675,Low
256,0,0,0.2966752,Medium
257,0,0,0.24087146,Medium
258,0,0,0.2058144,Medium
259,0,0,0.24663202,Medium
260,1,1,0.83879083,Very High
261,0,0,0.040444084,Low
262,0,0,0.32423115,Medium
263,0,0,0.3376899,Medium
264,0,0,0.27028704,Medium
265,0,0,0.16162199,Low
266,0,0,0.3435413,Medium
267,0,1,0.54433817,High
268,1,0,0.20387852,Medium
269,0,0,0.3332435,Medium
270,1,1,0.86557925,Very High
271,0,0,0.19067296,Low
272,0,1,0.6596261,Very High
273,1,1,0.68392783,Very High
274,0,0,0.16742997,Low
275,1,1,0.51132125,High
276,0,0,0.23152412,Medium
277,1,1,0.58351207,High
278,0,0,0.41620675,High
279,0,0,0.38432786,Medium
280,0,0,0.11980687,Low
281,0,0,0.36173117,Medium
282,0,0,0.09950553,Low
283,0,0,0.18350197,Low
284,0,0,0.14166686,Low
285,0,0,0.15893678,Low
286,0,0,0.08172544,Low
287,0,1,0.75672096,Very High
288,0,0,0.1016524,Low
289,1,1,0.80674165,Very High
290,0,0,0.21854298,Medium
291,1,0,0.3949917,Medium
292,1,1,0.5654561,High
293,0,1,0.8955764,Very High
294,1,1,0.5887692,High
295,0,1,0.5340987,High
296,0,0,0.21375178,Medium
297,0,0,0.3130308,Medium
298,0,0,0.12645702,Low
299,0,0,0.11666101,Low
300,1,0,0.47106797,High
301,0,0,0.26291752,Medium
302,0,0,0.37615743,Medium
303,0,0,0.3235445,Medium
304,1,1,0.5056049,High
305,0,0,0.2198391,Medium
306,0,0,0.34611112,Medium
307,0,0,0.13354543,Low
308,0,0,0.3985933,Medium
309,1,1,0.9154121,Very High
310,0,0,0.14784628,Low
311,0,0,0.21409124,Medium
312,0,0,0.15434016,Low
313,0,0,0.49686456,High
314,1,1,0.5354843,High
315,0,0,0.20947887,Medium
316,1,0,0.29904994,Medium
317,0,0,0.14722426,Low
318,0,0,0.43461022,High
319,0,1,0.8004322,Very High
320,0,0,0.46825466,High
321,1,1,0.67383903,Very High
322,0,0,0.07963582,Low
323,0,0,0.32714173,Medium
324,1,0,0.18068124,Low
325,0,0,0.07291219,Low
326,0,0,0.2794679,Medium
327,1,1,0.64323914,Very High
328,1,1,0.86689454,Very High
329,0,0,0.09900203,Low
330,0,1,0.8805497,Very High
331,1,0,0.45404744,High
332,1,1,0.51631683,High
333,0,1,0.5474712,High
334,0,0,0.3409504,Medium
335,0,0,0.347361,Medium
336,0,0,0.1648088,Low
337,0,0,0.104642175,Low
338,0,0,0.37791976,Medium
339,1,0,0.2994255,Medium
340,0,0,0.18401122,Low
341,0,0,0.3098958,Medium
342,0,0,0.45008197,High
343,0,0,0.41675127,High
344,0,0,0.3241335,Medium
345,0,0,0.2086418,Medium
346,0,0,0.17686486,Low
347,0,0,0.22996469,Medium
348,1,0,0.27859625,Medium
349,0,0,0.21479735,Medium
350,1,0,0.31229714,Medium
351,0,0,0.18743627,Low
352,0,0,0.3408623,Medium
353,1,1,0.60349184,Very High
354,0,0,0.28453413,Medium
355,0,1,0.8549888,Very High
356,1,0,0.1752265,Low
357,0,0,0.12908712,Low
358,0,0,0.08454369,Low
359,0,0,0.11019607,Low
360,0,0,0.1117732,Low
361,1,1,0.9098945,Very High
362,0,0,0.10196095,Low
363,0,1,0.7875623,Very High
364,1,1,0.5628872,High
365,0,0,0.35651037,Medium
366,0,0,0.391303,Medium
367,0,0,0.29546666,Medium
368,0,1,0.76023716,Very High
369,0,1,0.61502796,Very High
370,1,1,0.8170842,Very High
371,1,1,0.8206523,Very High
372,0,0,0.16389826,Low
373,0,0,0.39317802,Medium
374,0,0,0.371733,Medium
375,0,0,0.31876782,Medium
376,0,0,0.28746584,Medium
377,0,1,0.72450495,Very High
378,0,0,0.1438999,Low
379,0,0,0.11443449,Low
380,1,0,0.20144236,Medium
381,0,0,0.16809545,Low
382,1,1,0.8361234,Very High
383,0,0,0.14008333,Low
384,1,0,0.49315408,High
385,0,0,0.16992089,Low
386,0,0,0.16407952,Low
387,0,0,0.29277888,Medium
388,1,1,0.5387174,High
389,0,0,0.3100254,Medium
390,1,0,0.3313212,Medium
391,0,1,0.6427922,Very High
392,1,0,0.124542706,Low
393,0,0,0.13411243,Low
394,0,0,0.1262565,Low
395,0,0,0.20534758,Medium
396,0,0,0.22258417,Medium
397,0,0,0.23944831,Medium
398,0,0,0.30698,Medium
399,0,0,0.1359809,Low
400,0,1,0.8641821,Very High
401,0,0,0.21815342,Medium
402,0,0,0.25591257,Medium
403,1,0,0.4951858,High
404,0,0,0.3670518,Medium
405,1,1,0.83451945,Very High
406,0,0,0.27673188,Medium
407,0,0,0.23344955,Medium
408,0,1,0.56844276,High
409,0,0,0.06234556,Low
410,0,0,0.12991634,Low
411,1,1,0.7164837,Very High
412,0,0,0.32872298,Medium
413,0,0,0.38018256,Medium
414,1,1,0.5429888,High
415,0,0,0.08111033,Low
416,0,0,0.2521727,Medium
417,0,0,0.22305104,Medium
418,0,0,0.43097112,High
419,0,0,0.3163565,Medium
420,1,1,0.5835679,High
421,0,1,0.84911376,Very High
422,0,0,0.07784567,Low
423,0,0,0.2335007,Medium
424,1,1,0.90245676,Very High
425,0,0,0.11155788,Low
426,0,0,0.30316758,Medium
427,1,1,0.885327,Very High
428,1,0,0.33998734,Medium
429,0,0,0.35770598,Medium
430,0,0,0.24450181,Medium
431,0,0,0.27147377,Medium
432,1,0,0.2688125,Medium
433,0,0,0.14140056,Low
434,0,0,0.08495778,Low
435,0,0,0.14332126,Low
436,1,1,0.71960896,Very High
437,0,0,0.45656344,High
438,0,0,0.20377563,Medium
439,0,0,0.3375005,Medium
440,1,0,0.34284768,Medium
441,0,0,0.30983981,Medium
442,0,0,0.48206034,High
443,0,0,0.46100518,High
444,0,0,0.12958549,Low
445,1,0,0.32596332,Medium
446,0,0,0.17928699,Low
447,0,0,0.22847396,Medium
448,0,0,0.14062826,Low
449,0,0,0.12147364,Low
450,0,0,0.29551923,Medium
451,1,1,0.6947756,Very High
452,1,1,0.7764246,Very High
453,0,0,0.2432013,Medium
454,0,0,0.21150021,Medium
455,0,0,0.20441425,Medium
456,0,0,0.33382773,Medium
457,0,1,0.7053448,Very High
458,0,0,0.23995851,Medium
459,0,0,0.2020162,Medium
460,1,0,0.26560572,Medium
461,0,0,0.18520665,Low
462,0,0,0.20370165,Medium
463,0,0,0.07932916,Low
464,0,0,0.07454964,Low
465,0,1,0.5212632,High
466,1,0,0.27890563,Medium
467,1,0,0.2727844,Medium
468,0,0,0.19235757,Low
469,0,0,0.07909792,Low
470,0,0,0.25480795,Medium
471,1,0,0.26384988,Medium
472,0,0,0.2378678,Medium
473,0,0,0.29794616,Medium
474,0,1,0.7170833,Very High
475,0,0,0.26392418,Medium
476,0,0,0.2400955,Medium
477,0,0,0.32709345,Medium
478,0,0,0.416193,High
479,0,1,0.50570744,High
480,0,0,0.4757165,High
481,0,0,0.17239432,Low
482,1,1,0.65904665,Very High
483,0,0,0.37464932,Medium
484,0,1,0.7472474,Very High
485,0,0,0.31906828,Medium
486,0,0,0.23711438,Medium
487,0,0,0.22856167,Medium
488,0,0,0.12554786,Low
489,1,0,0.44601884,High
490,0,0,0.111033775,Low
491,0,0,0.37855214,Medium
492,0,1,0.8565325,Very High
493,0,0,0.24786487,Medium
494,0,0,0.21210355,Medium
495,1,0,0.32916573,Medium
496,0,0,0.3660036,Medium
497,0,0,0.287306,Medium
498,0,1,0.51813895,High
499,0,0,0.34406176,Medium
500,0,1,0.6328272,Very High
501,0,1,0.500461,High
502,0,1,0.68084794,Very High
503,0,0,0.11817151,Low
504,1,0,0.23004124,Medium
505,0,0,0.34777337,Medium
506,0,0,0.4217181,High
507,0,0,0.15554357,Low
508,0,0,0.3054852,Medium
509,0,0,0.4034231,High
510,0,0,0.28545764,Medium
511,0,1,0.5034242,High
512,1,0,0.37705585,Medium
513,0,0,0.06949787,Low
514,1,1,0.9102457,Very High
515,0,1,0.52706575,High
516,0,0,0.20420863,Medium
517,0,0,0.31356683,Medium
518,0,0,0.24587402,Medium
519,0,1,0.59515214,High
520,0,0,0.09379163,Low
521,0,0,0.28361636,Medium
522,0,0,0.117493525,Low
523,1,0,0.17445092,Low
524,1,0,0.1783744,Low
525,0,0,0.11009459,Low
526,0,0,0.21301688,Medium
527,0,1,0.6711456,Very High
528,1,1,0.76944727,Very High
529,0,0,0.3482487,Medium
530,0,0,0.49557453,High
531,0,0,0.233785,Medium
532,0,0,0.329484,Medium
533,1,1,0.662715,Very High
534,1,1,0.8735711,Very High
535,0,0,0.2703182,Medium
536,0,0,0.32792062,Medium
537,0,0,0.21168187,Medium
538,0,0,0.28862083,Medium
539,0,0,0.3905479,Medium
540,0,1,0.65038484,Very High
541,0,0,0.35092324,Medium
542,0,0,0.43751204,High
543,1,1,0.8478842,Very High
544,0,0,0.17025304,Low
545,0,0,0.13481815,Low
546,0,0,0.077038795,Low
547,1,1,0.5104344,High
548,0,0,0.4560186,High
549,0,0,0.16339606,Low
550,0,0,0.10560037,Low
551,1,1,0.5987169,High
552,1,0,0.22069858,Medium
553,1,0,0.3671175,Medium
554,0,0,0.4363693,High
555,0,0,0.34629577,Medium
556,0,0,0.11547754,Low
557,0,0,0.24744117,Medium
558,0,0,0.43442476,High
559,0,0,0.38062355,Medium
560,0,0,0.14450693,Low
561,0,0,0.13281976,Low
562,0,0,0.26895913,Medium
563,0,0,0.39600652,Medium
564,0,0,0.068802014,Low
565,0,1,0.69575393,Very High
566,0,0,0.106597856,Low
567,1,0,0.2048854,Medium
568,0,0,0.13681169,Low
569,0,0,0.25912553,Medium
570,0,0,0.22179589,Medium
571,0,0,0.2163688,Medium
572,0,0,0.3044267,Medium
573,0,0,0.15405564,Low
574,1,0,0.32660276,Medium
575,0,0,0.18072666,Low
576,1,1,0.8661708,Very High
577,0,0,0.16837195,Low
578,0,0,0.33901727,Medium
579,0,0,0.36251673,Medium
580,0,0,0.2993417,Medium
581,1,0,0.4747424,High
582,0,0,0.11484103,Low
583,0,0,0.17803727,Low
584,0,0,0.23720841,Medium
585,0,0,0.33266005,Medium
586,0,1,0.5018388,High
587,1,1,0.59702116,High
588,1,0,0.3190943,Medium
589,0,0,0.24117692,Medium
590,0,0,0.0796166,Low
591,0,0,0.100071386,Low
592,0,0,0.13558048,Low
593,0,0,0.32312497,Medium
594,0,0,0.22560482,Medium
595,0,0,0.15918799,Low
596,0,0,0.1492271,Low
597,0,0,0.21441248,Medium
598,0,1,0.54655737,High
599,0,1,0.817161,Very High
600,1,0,0.26722357,Medium
601,0,0,0.16406499,Low
602,1,1,0.5408025,High
603,0,0,0.23723733,Medium
604,0,1,0.85176766,Very High
605,0,0,0.49795774,High
606,0,1,0.7443795,Very High
607,0,0,0.36741945,Medium
608,0,0,0.30844846,Medium
609,0,0,0.19394182,Low
610,0,0,0.41459423,High
611,0,0,0.12142016,Low
612,1,0,0.34596962,Medium
613,0,0,0.35089403,Medium
614,0,1,0.82203245,Very High
615,0,1,0.6162506,Very High
616,0,0,0.13994467,Low
617,0,0,0.39321625,Medium
618,0,0,0.12600917,Low
619,0,0,0.31719005,Medium
620,0,0,0.13320531,Low
621,0,0,0.12000139,Low
622,0,0,0.36966774,Medium
623,0,0,0.33922696,Medium
624,0,0,0.41379672,High
625,0,0,0.37829027,Medium
626,0,1,0.532191,High
627,0,0,0.30563453,Medium
628,0,0,0.39755505,Medium
629,0,0,0.34215027,Medium
630,0,0,0.1756844,Low
631,0,0,0.40064713,High
632,0,0,0.4073376,High
633,0,0,0.40013218,High
634,0,1,0.52299666,High
635,0,0,0.16372837,Low
636,0,0,0.46053407,High
637,0,0,0.38276482,Medium
638,0,0,0.30106157,Medium
639,0,0,0.09626838,Low
640,0,0,0.116863735,Low
641,0,0,0.14281875,Low
642,0,0,0.3059764,Medium
643,0,0,0.07717599,Low
644,0,0,0.119126014,Low
645,0,1,0.5152813,High
646,0,0,0.3501306,Medium
647,1,1,0.82025033,Very High
648,0,0,0.2536541,Medium
649,1,1,0.8703096,Very High
650,0,1,0.77092934,Very High
651,0,0,0.33557585,Medium
652,0,0,0.15329319,Low
653,0,0,0.32496607,Medium
654,1,0,0.20875423,Medium
655,0,0,0.39602923,Medium
656,1,0,0.20158863,Medium
657,0,0,0.23225798,Medium
658,1,0,0.119579345,Low
659,0,0,0.18383847,Low
660,0,0,0.4450596,High
661,0,0,0.12013847,Low
662,1,0,0.23097731,Medium
663,0,0,0.3058135,Medium
664,0,0,0.36916956,Medium
665,0,1,0.5420537,High
666,0,0,0.27001944,Medium
667,0,0,0.39862368,Medium
668,0,0,0.3383033,Medium
669,0,1,0.67753583,Very High
670,1,1,0.8943154,Very High
671,0,1,0.7607403,Very High
672,1,0,0.38617438,Medium
673,1,1,0.8026267,Very High
674,1,1,0.91413325,Very High
675,0,0,0.111196026,Low
676,1,1,0.8918696,Very High
677,1,1,0.8395398,Very High
678,0,0,0.054388266,Low
679,0,0,0.20324393,Medium
680,0,0,0.28127956,Medium
681,0,0,0.17228118,Low
682,0,0,0.37399882,Medium
683,0,0,0.3799134,Medium
684,0,0,0.084099926,Low
685,0,0,0.31214717,Medium
686,0,0,0.25897527,Medium
687,1,0,0.4189579,High
688,0,0,0.20280565,Medium
689,0,0,0.2464024,Medium
690,0,0,0.2449251,Medium
691,0,0,0.12074451,Low
692,0,1,0.5863876,High
693,1,1,0.7786642,Very High
694,0,0,0.46726465,High
695,0,0,0.123012036,Low
696,0,0,0.45478758,High
697,0,0,0.2475495,Medium
698,0,1,0.58338135,High
699,0,0,0.08410843,Low
700,0,0,0.26571873,Medium
701,0,0,0.26690242,Medium
702,0,0,0.22365676,Medium
703,1,0,0.44502297,High
704,1,1,0.6848759,Very High
705,0,1,0.73604983,Very High
706,1,0,0.22653644,Medium
707,0,1,0.6265273,Very High
708,0,1,0.80384845,Very High
709,0,0,0.49709815,High
710,0,0,0.43422922,High
711,0,0,0.23107614,Medium
712,0,0,0.38232708,Medium
713,0,0,0.42498314,High
714,0,0,0.4915993,High
715,0,0,0.30206648,Medium
716,0,0,0.28131056,Medium
717,0,0,0.13019648,Low
718,1,0,0.30839553,Medium
719,0,1,0.5532286,High
720,0,0,0.16639182,Low
721,0,0,0.49531242,High
722,1,0,0.416103,High
723,0,0,0.26261976,Medium
724,0,0,0.15932027,Low
725,0,0,0.47790405,High
726,1,1,0.6068023,Very High
727,0,0,0.13529845,Low
728,0,0,0.32311752,Medium
729,0,0,0.072191305,Low
730,1,1,0.6494165,Very High
731,0,0,0.30324855,Medium
732,0,0,0.21449995,Medium
733,0,1,0.58262706,High
734,0,0,0.36185294,Medium
735,0,0,0.21746802,Medium
736,0,0,0.11615482,Low
737,0,0,0.13679269,Low
738,0,0,0.09945966,Low
739,0,0,0.20561947,Medium
740,1,1,0.8329264,Very High
741,0,0,0.162776,Low
742,0,0,0.36826682,Medium
743,0,0,0.16413352,Low
744,0,0,0.35209244,Medium
745,0,0,0.088522494,Low
746,0,0,0.12610558,Low
747,0,0,0.22906476,Medium
748,1,0,0.22159481,Medium
749,1,1,0.5353088,High
750,1,1,0.76775587,Very High
751,0,0,0.3454786,Medium
752,0,1,0.8084946,Very High
753,1,0,0.32251015,Medium
754,0,0,0.10333956,Low
755,0,0,0.31461114,Medium
756,0,0,0.14141221,Low
757,0,0,0.12683405,Low
758,1,1,0.7346509,Very High
759,0,0,0.112861395,Low
760,0,0,0.34351727,Medium
761,1,1,0.63934237,Very High
762,0,0,0.3502156,Medium
763,0,0,0.11754107,Low
764,0,0,0.43566856,High
765,0,0,0.28100094,Medium
766,0,0,0.22954658,Medium
767,0,0,0.19287735,Low
768,0,0,0.12318431,Low
769,0,0,0.37120125,Medium
770,0,0,0.26342168,Medium
771,0,0,0.080285154,Low
772,0,0,0.39096722,Medium
773,0,0,0.39444312,Medium
774,0,0,0.2040855,Medium
775,0,0,0.4360342,High
776,0,1,0.50633365,High
777,0,0,0.13897419,Low
778,0,0,0.47713122,High
779,1,1,0.82858634,Very High
780,0,1,0.5533797,High
781,0,0,0.3850169,Medium
782,0,1,0.5387975,High
783,1,1,0.8687752,Very High
784,1,0,0.4989439,High
785,1,0,0.2823336,Medium
786,0,0,0.22452323,Medium
787,0,0,0.23974137,Medium
788,0,0,0.18330047,Low
789,0,0,0.2392792,Medium
790,0,0,0.29531538,Medium
791,0,1,0.6449125,Very High
792,0,0,0.4340633,High
793,0,0,0.35903418,Medium
794,0,0,0.28124925,Medium
795,0,0,0.30565536,Medium
796,0,0,0.2720391,Medium
797,0,0,0.46604848,High
798,0,0,0.26609176,Medium
799,0,1,0.8807376,Very High
800,0,0,0.1388861,Low
801,0,0,0.27641818,Medium
802,1,1,0.79331726,Very High
803,0,0,0.24247713,Medium
804,0,0,0.30877158,Medium
805,0,0,0.19942734,Low
806,0,0,0.15426306,Low
807,0,1,0.52279145,High
808,1,1,0.72341806,Very High
809,0,0,0.32460964,Medium
810,0,0,0.19632587,Low
811,0,0,0.42326826,High
812,0,0,0.08596139,Low
813,0,0,0.4089444,High
814,0,0,0.14225039,Low
815,1,1,0.74364257,Very High
816,0,0,0.43658686,High
817,1,1,0.83609873,Very High
818,0,0,0.43739253,High
819,0,0,0.235227,Medium
820,0,0,0.097038746,Low
821,0,0,0.36782378,Medium
822,1,1,0.5515402,High
823,0,0,0.34199217,Medium
824,0,0,0.33622846,Medium
825,1,0,0.25578406,Medium
826,0,0,0.39290038,Medium
827,0,1,0.67245704,Very High
828,0,1,0.60048145,Very High
829,0,0,0.24462745,Medium
830,0,0,0.18524961,Low
831,0,0,0.26057637,Medium
832,0,1,0.786567,Very High
833,1,0,0.13883518,Low
834,0,0,0.23060724,Medium
835,0,0,0.3314118,Medium
836,1,0,0.270391,Medium
837,0,1,0.8839899,Very High
838,0,0,0.22000071,Medium
839,0,0,0.08029105,Low
840,1,1,0.6590287,Very High
841,0,1,0.55347115,High
842,0,0,0.12229435,Low
843,0,0,0.3083222,Medium
844,1,0,0.46856183,High
845,0,0,0.12069892,Low
846,0,0,0.16225237,Low
847,0,0,0.322915,Medium
848,1,1,0.8546619,Very High
849,1,1,0.89159644,Very High
850,0,1,0.5550017,High
851,0,1,0.56908524,High
852,0,1,0.6556017,Very High
853,0,0,0.28672022,Medium
854,0,0,0.15824538,Low
855,0,0,0.30677187,Medium
856,0,0,0.28956816,Medium
857,1,1,0.614824,Very High
858,1,1,0.8989196,Very High
859,0,0,0.26880372,Medium
860,0,0,0.36840603,Medium
861,0,0,0.46996045,High
862,0,0,0.13942409,Low
863,1,1,0.9239536,Very High
864,0,0,0.392881,Medium
865,0,0,0.1267191,Low
866,0,0,0.35101193,Medium
867,0,0,0.20105919,Medium
868,0,0,0.23462218,Medium
869,0,0,0.21872127,Medium
870,0,0,0.39405167,Medium
871,0,0,0.3610699,Medium
872,0,0,0.1673067,Low
873,0,0,0.09461049,Low
874,0,0,0.23124239,Medium
875,0,0,0.45198908,High
876,0,0,0.48019043,High
877,0,0,0.09644006,Low
878,0,0,0.18420705,Low
879,0,0,0.19430389,Low
880,0,1,0.87383854,Very High
881,0,0,0.201161,Medium
882,1,1,0.60567796,Very High
883,0,0,0.29743895,Medium
884,0,0,0.2901066,Medium
885,1,0,0.3736744,Medium
886,0,0,0.18002114,Low
887,0,0,0.22493164,Medium
888,0,0,0.19733219,Low
889,0,0,0.38226157,Medium
890,0,0,0.088847,Low
891,0,0,0.4304197,High
892,0,1,0.5233293,High
893,0,0,0.24638566,Medium
894,0,0,0.09858546,Low
895,1,0,0.39047664,Medium
896,0,0,0.33110783,Medium
897,1,1,0.7844661,Very High
898,1,1,0.87419105,Very High
899,1,0,0.46496394,High
900,0,0,0.3092329,Medium
901,0,0,0.38120654,Medium
902,0,0,0.27231312,Medium
903,0,0,0.23924342,Medium
904,0,0,0.31260252,Medium
905,0,1,0.8616097,Very High
906,0,1,0.540864,High
907,1,1,0.88401747,Very High
908,0,0,0.23589602,Medium
909,0,0,0.29333857,Medium
910,0,0,0.05186754,Low
911,0,1,0.8138737,Very High
912,0,0,0.14974855,Low
913,0,0,0.15357776,Low
914,0,0,0.4923731,High
915,0,0,0.21755055,Medium
916,0,0,0.42759687,High
917,0,0,0.13696925,Low
918,1,1,0.58559275,High
919,0,0,0.34050104,Medium
920,0,0,0.11602286,Low
921,0,0,0.4108846,High
922,0,0,0.40764394,High
923,0,0,0.14341335,Low
924,0,0,0.47570616,High
925,0,0,0.3012403,Medium
926,1,1,0.5178498,High
927,0,1,0.513974,High
928,0,0,0.32462913,Medium
929,0,0,0.086434506,Low
930,0,0,0.2385836,Medium
931,0,0,0.10100635,Low
932,1,0,0.10804598,Low
933,1,1,0.7371539,Very High
934,1,1,0.8997123,Very High
935,0,0,0.30533057,Medium
936,0,0,0.29790738,Medium
937,0,0,0.1505128,Low
938,0,0,0.4356587,High
939,1,1,0.69789547,Very High
940,0,0,0.17347912,Low
941,0,0,0.43212858,High
942,0,0,0.34451315,Medium
943,0,0,0.20918283,Medium
944,1,1,0.8490121,Very High
945,0,0,0.24720177,Medium
946,0,0,0.18857917,Low
947,0,0,0.23920137,Medium
948,0,0,0.34060627,Medium
949,0,0,0.09736437,Low
950,0,0,0.45433453,High
951,1,0,0.3441028,Medium
952,0,0,0.2938468,Medium
953,0,0,0.072120935,Low
954,0,0,0.23638482,Medium
955,0,0,0.20163758,Medium
956,0,0,0.4612215,High
957,0,0,0.14579098,Low
958,1,0,0.3998879,Medium
959,0,0,0.11525151,Low
960,1,0,0.37364453,Medium
961,1,1,0.543678,High
962,0,0,0.43909198,High
963,0,0,0.11818724,Low
964,0,0,0.34470662,Medium
965,0,0,0.2068402,Medium
966,0,0,0.1196509,Low
967,0,0,0.44193637,High
968,0,0,0.25823402,Medium
969,0,0,0.33640555,Medium
970,0,0,0.1944498,Low
971,1,0,0.097825795,Low
972,0,0,0.27455407,Medium
973,1,1,0.86813843,Very High
974,0,0,0.20495777,Medium
975,1,0,0.31317934,Medium
976,0,0,0.2989433,Medium
977,1,1,0.7373652,Very High
978,0,0,0.23972164,Medium
979,1,0,0.33200893,Medium
980,0,0,0.3961558,Medium
981,0,0,0.22679858,Medium
982,0,1,0.7008456,Very High
983,1,0,0.049047634,Low
984,0,0,0.23478203,Medium
985,0,0,0.30227992,Medium
986,1,0,0.1994024,Low
987,0,0,0.15080246,Low
988,0,1,0.6265534,Very High
989,0,1,0.8639566,Very High
990,0,1,0.70928943,Very High
991,0,0,0.44917423,High
992,1,1,0.52032125,High
993,0,0,0.19010413,Low
994,1,0,0.27049327,Medium
995,1,1,0.5651829,High
996,0,0,0.20805618,Medium
997,0,0,0.4035307,High
998,1,1,0.6427922,Very High
999,1,0,0.3781915,Medium
1000,0,1,0.8485416,Very High
1001,0,0,0.23766068,Medium
1002,0,0,0.11672215,Low
1003,0,0,0.27856296,Medium
1004,1,1,0.62847424,Very High
1005,1,0,0.25056523,Medium
1006,0,0,0.28626612,Medium
1007,0,0,0.3377501,Medium
1008,0,0,0.22738329,Medium
1009,0,1,0.6262895,Very High
1010,0,0,0.2686014,Medium
1011,0,0,0.20798828,Medium
1012,0,0,0.33562082,Medium
1013,0,0,0.06877571,Low
1014,0,0,0.2931866,Medium
1015,0,0,0.1286427,Low
1016,0,0,0.2528285,Medium
1017,1,0,0.27079877,Medium
1018,1,1,0.7724165,Very High
1019,0,0,0.39581227,Medium
1020,0,0,0.35877824,Medium
1021,0,0,0.32722762,Medium
1022,0,0,0.23828584,Medium
1023,0,0,0.18054022,Low
1024,0,0,0.17437498,Low
1025,0,0,0.19251834,Low
1026,0,0,0.37427628,Medium
1027,0,0,0.13203691,Low
1028,0,0,0.0485834,Low
1029,0,0,0.33513498,Medium
1030,1,1,0.86238486,Very High
1031,0,0,0.16901556,Low
1032,0,0,0.29245386,Medium
1033,1,1,0.6047394,Very High
1034,0,0,0.11194533,Low
1035,0,0,0.44219023,High
1036,1,1,0.7151107,Very High
1037,0,0,0.08757361,Low
1038,1,0,0.25446013,Medium
1039,0,0,0.28279707,Medium
1040,0,0,0.18253206,Low
1041,0,0,0.43879306,High
1042,1,1,0.7284525,Very High
1043,0,0,0.19937314,Low
1044,0,0,0.27436647,Medium
1045,1,1,0.89522505,Very High
1046,0,0,0.2471587,Medium
1047,1,0,0.35260278,Medium
1048,1,1,0.66415244,Very High
1049,0,0,0.25527814,Medium
1050,0,0,0.4243918,High
1051,0,1,0.66463435,Very High
1052,0,0,0.1566545,Low
1053,0,0,0.29587567,Medium
1054,0,0,0.3032852,Medium
1055,0,1,0.71992993,Very High
1056,0,0,0.2830908,Medium
1057,0,1,0.5791101,High
1058,0,0,0.35523808,Medium
1059,0,0,0.120073795,Low
1060,1,1,0.8723965,Very High
1061,1,1,0.50523806,High
1062,0,0,0.2662343,Medium
1063,1,0,0.2569382,Medium
1064,0,0,0.12359061,Low
1065,1,1,0.82277673,Very High
1066,0,0,0.1320971,Low
1067,0,0,0.19552776,Low
1068,1,0,0.36554554,Medium
1069,0,0,0.27670407,Medium
1070,0,0,0.37109652,Medium
1071,0,0,0.24045976,Medium
1072,1,0,0.18793042,Low
1073,0,0,0.09308165,Low
1074,0,0,0.09530596,Low
1075,0,0,0.26128864,Medium
1076,0,0,0.20265514,Medium
1077,0,0,0.11807205,Low
1078,0,0,0.0682737,Low
1079,0,0,0.426525,High
1080,0,0,0.220177,Medium
1081,0,0,0.16512853,Low
1082,0,1,0.8085405,Very High
1083,0,1,0.90506154,Very High
1084,1,1,0.706438,Very High
1085,0,0,0.2223346,Medium
1086,0,0,0.4666698,High
1087,1,0,0.20277843,Medium
1088,0,0,0.44190362,High
1089,0,0,0.34828913,Medium
1090,0,0,0.09928644,Low
1091,0,0,0.21834771,Medium
1092,0,0,0.21228066,Medium
1093,0,1,0.5474288,High
1094,1,1,0.6454695,Very High
1095,0,1,0.64974934,Very High
1096,0,0,0.15919457,Low
1097,0,0,0.21681786,Medium
1098,0,0,0.43062267,High
1099,0,0,0.4221925,High
1100,0,0,0.17533417,Low
1101,1,1,0.5376221,High
1102,1,1,0.59959245,High
1103,0,0,0.402456,High
1104,0,0,0.15966702,Low
1105,1,1,0.7433583,Very High
1106,0,0,0.20284249,Medium
1107,0,0,0.26099023,Medium
1108,0,0,0.34855744,Medium
1109,1,0,0.2985459,Medium
1110,0,1,0.5759654,High
1111,0,1,0.6852706,Very High
1112,0,0,0.26221597,Medium
1113,0,0,0.23750435,Medium
1114,0,0,0.10767319,Low
1115,0,0,0.336842,Medium
1116,0,0,0.19389267,Low
1117,1,0,0.1500691,Low
1118,0,1,0.61067563,Very High
1119,1,1,0.66695195,Very High
1120,0,0,0.32526597,Medium
1121,1,1,0.7798069,Very High
1122,1,1,0.73925805,Very High
1123,0,0,0.36737692,Medium
1124,0,0,0.18783036,Low
1125,0,0,0.17643718,Low
1126,0,0,0.39372778,Medium
1127,0,0,0.05764439,Low
1128,0,0,0.23593403,Medium
1129,0,1,0.53240114,High
1130,1,1,0.5718682,High
1131,1,0,0.34702647,Medium
1132,0,0,0.3122136,Medium
1133,0,1,0.8727594,Very High
1134,0,1,0.8447465,Very High
1135,0,1,0.7443996,Very High
1136,0,0,0.42931977,High
1137,0,0,0.2937485,Medium
1138,0,0,0.27499986,Medium
1139,0,0,0.39632684,Medium
1140,0,0,0.1121593,Low
1141,0,0,0.38114986,Medium
1142,0,0,0.48016432,High
1143,0,0,0.17462122,Low
1144,0,0,0.2676328,Medium
1145,1,1,0.8425782,Very High
1146,1,1,0.8640789,Very High
1147,1,1,0.9141284,Very High
1148,0,0,0.44332626,High
1149,0,1,0.5851278,High
1150,0,1,0.670877,Very High
1151,0,0,0.44172654,High
1152,0,0,0.47188243,High
1153,1,1,0.8733456,Very High
1154,0,0,0.1427751,Low
1155,0,1,0.719826,Very High
1156,0,0,0.11462553,Low
1157,0,0,0.21514183,Medium
1158,0,1,0.6216647,Very High
1159,0,0,0.31978068,Medium
1160,0,1,0.6322816,Very High
1161,0,0,0.31466573,Medium
1162,0,0,0.24137878,Medium
1163,0,0,0.14725119,Low
1164,0,0,0.098333165,Low
1165,0,0,0.41655406,High
1166,0,1,0.87407345,Very High
1167,0,0,0.13419299,Low
1168,0,0,0.2948128,Medium
1169,0,0,0.29967004,Medium
1170,0,0,0.33850148,Medium
1171,1,0,0.43854776,High
1172,0,0,0.33396348,Medium
1173,0,0,0.11377973,Low
1174,0,0,0.35374606,Medium
1175,1,0,0.12973082,Low
1176,1,1,0.87336665,Very High
1177,0,0,0.26797894,Medium
1178,0,0,0.14316772,Low
1179,0,0,0.36517286,Medium
1180,0,0,0.32934463,Medium
1181,0,0,0.35469,Medium
1182,0,1,0.8294433,Very High
1183,1,1,0.81376666,Very High
1184,0,0,0.22993802,Medium
1185,0,0,0.25720364,Medium
1186,0,0,0.46367583,High
1187,1,1,0.5185277,High
1188,0,0,0.39377502,Medium
1189,0,0,0.106957495,Low
1190,0,0,0.21276379,Medium
1191,0,0,0.27945763,Medium
1192,0,0,0.16949394,Low
1193,1,0,0.23552586,Medium
1194,0,0,0.095669635,Low
1195,0,0,0.2388749,Medium
1196,0,0,0.3137614,Medium
1197,0,0,0.3170294,Medium
1198,0,1,0.5438239,High
1199,1,0,0.08734043,Low
1200,0,0,0.35496566,Medium
1201,0,0,0.20737943,Medium
1202,0,0,0.16372295,Low
1203,0,0,0.21084017,Medium
1204,0,1,0.7945463,Very High
1205,0,0,0.15017179,Low
1206,1,0,0.26330352,Medium
1207,1,1,0.8971018,Very High
1208,0,0,0.2625784,Medium
1209,1,0,0.1184252,Low
1210,1,0,0.29904717,Medium
1211,0,0,0.26578954,Medium
1212,0,0,0.38698402,Medium
1213,1,0,0.25489268,Medium
1214,0,0,0.25998467,Medium
1215,0,0,0.21285427,Medium
1216,0,0,0.1479573,Low
1217,0,0,0.2744581,Medium
1218,0,0,0.2260708,Medium
1219,0,0,0.32977614,Medium
1220,0,0,0.22703138,Medium
1221,0,0,0.2642634,Medium
1222,0,0,0.24324298,Medium
1223,0,0,0.22507215,Medium
1224,1,0,0.21926363,Medium
1225,0,0,0.380992,Medium
1226,1,0,0.36303294,Medium
1227,0,0,0.22048056,Medium
1228,0,0,0.064374514,Low
1229,1,0,0.21964896,Medium
1230,0,0,0.30482164,Medium
1231,1,0,0.33055404,Medium
1232,0,0,0.09717698,Low
1233,0,1,0.73053014,Very High
1234,0,0,0.4851881,High
1235,0,0,0.27863228,Medium
1236,1,0,0.3379265,Medium
1237,1,1,0.833809,Very High
1238,0,0,0.20324616,Medium
1239,1,0,0.30558896,Medium
1240,0,0,0.24179518,Medium
1241,0,0,0.40356842,High
1242,0,1,0.7682452,Very High
1243,0,0,0.3058976,Medium
1244,1,1,0.88129526,Very High
1245,0,0,0.4305232,High
1246,0,0,0.21634524,Medium
1247,1,1,0.8898528,Very High
1248,0,0,0.36272648,Medium
1249,0,0,0.06897401,Low
1250,1,1,0.92528784,Very High
1251,0,0,0.17519277,Low
1252,1,0,0.14113109,Low
1253,0,0,0.3625986,Medium
1254,0,0,0.14213772,Low
1255,0,0,0.15187529,Low
1256,0,1,0.55780935,High
1257,0,0,0.3952069,Medium
1258,0,0,0.22612691,Medium
1259,0,0,0.3528253,Medium
1260,0,1,0.82094467,Very High
1261,0,0,0.1145554,Low
1262,1,1,0.5219953,High
1263,0,0,0.35373658,Medium
1264,1,1,0.5652927,High
1265,0,0,0.116294466,Low
1266,0,0,0.22051069,Medium
1267,0,0,0.23244105,Medium
1268,0,1,0.68749475,Very High
1269,1,1,0.5004376,High
1270,0,0,0.10840589,Low
1271,0,0,0.3058812,Medium
1272,0,1,0.6043357,Very High
1273,0,0,0.10878201,Low
1274,0,0,0.3200642,Medium
1275,0,0,0.26751083,Medium
1276,1,0,0.4408743,High
1277,0,0,0.14130868,Low
1278,0,0,0.35607454,Medium
1279,0,0,0.16232954,Low
1280,0,0,0.16331588,Low
1281,0,0,0.08992134,Low
1282,0,0,0.45987543,High
1283,0,0,0.062305514,Low
1284,0,0,0.20800915,Medium
1285,0,0,0.08910001,Low
1286,0,0,0.1322197,Low
1287,0,0,0.10863354,Low
1288,0,0,0.09129472,Low
1289,1,1,0.8081076,Very High
1290,0,0,0.123184524,Low
1291,0,0,0.28717428,Medium
1292,0,0,0.3302061,Medium
1293,0,0,0.28281105,Medium
1294,1,0,0.17876662,Low
1295,0,0,0.23297456,Medium
1296,0,0,0.09339001,Low
1297,0,1,0.69136775,Very High
1298,0,0,0.22993517,Medium
1299,1,0,0.19980814,Low
1300,1,1,0.5350539,High
1301,0,1,0.7704273,Very High
1302,1,1,0.56278694,High
1303,0,0,0.49458584,High
1304,1,1,0.8144354,Very High
1305,0,0,0.4042039,High
1306,0,0,0.2544359,Medium
1307,0,0,0.317421,Medium
1308,0,0,0.36629063,Medium
1309,0,0,0.47166854,High
1310,0,0,0.21455531,Medium
1311,1,1,0.80750775,Very High
1312,0,1,0.8036134,Very High
1313,0,0,0.107494414,Low
1314,0,0,0.08224898,Low
1315,0,1,0.86366516,Very High
1316,1,1,0.5792388,High
1317,0,0,0.13300048,Low
1318,0,0,0.19969322,Low
1319,0,0,0.46677238,High
1320,0,0,0.11164808,Low
1321,0,0,0.09510038,Low
1322,0,0,0.18220022,Low
1323,0,0,0.070973635,Low
1324,0,0,0.31853572,Medium
1325,0,0,0.18910049,Low
1326,0,1,0.70352536,Very High
1327,0,0,0.20300712,Medium
1328,0,0,0.48733258,High
1329,0,0,0.20943865,Medium
1330,0,0,0.32083428,Medium
1331,0,0,0.4644252,High
1332,0,0,0.31534573,Medium
1333,1,1,0.55686736,High
1334,0,0,0.3356101,Medium
1335,1,0,0.2728072,Medium
1336,0,0,0.35736778,Medium
1337,1,1,0.88942665,Very High
1338,0,0,0.26021165,Medium
1339,0,0,0.30786687,Medium
1340,1,1,0.6487378,Very High
1341,0,0,0.06322421,Low
1342,0,0,0.18258774,Low
1343,1,0,0.26887837,Medium
1344,0,1,0.74007344,Very High
1345,1,0,0.28206256,Medium
1346,0,1,0.5788132,High
1347,0,0,0.19155559,Low
1348,0,0,0.11324238,Low
1349,0,0,0.099778734,Low
1350,1,1,0.67310786,Very High
1351,0,1,0.5751776,High
1352,1,0,0.19513199,Low
1353,0,0,0.3813579,Medium
1354,0,0,0.48901993,High
1355,0,0,0.3011181,Medium
1356,0,0,0.20074464,Medium
1357,0,0,0.18748611,Low
1358,1,1,0.8612102,Very High
1359,0,0,0.34297752,Medium
1360,0,0,0.122227296,Low
1361,0,0,0.23235014,Medium
1362,0,0,0.2729482,Medium
1363,1,1,0.8364274,Very High
1364,0,0,0.29567778,Medium
1365,0,1,0.6603017,Very High
1366,0,1,0.5127309,High
1367,0,0,0.2551074,Medium
1368,1,0,0.3068445,Medium
1369,0,1,0.8402801,Very High
1370,0,0,0.09594491,Low
1371,0,0,0.15505405,Low
1372,0,0,0.14466502,Low
1373,0,1,0.83077484,Very High
1374,0,0,0.28578803,Medium
1375,0,0,0.2623463,Medium
1376,0,1,0.5262172,High
1377,0,0,0.3258685,Medium
1378,0,0,0.27823374,Medium
1379,0,0,0.25322643,Medium
1380,0,1,0.66506654,Very High
1381,0,1,0.6169181,Very High
1382,0,1,0.58470243,High
1383,0,0,0.23528472,Medium
1384,0,0,0.06088651,Low
1385,0,0,0.19102897,Low
1386,0,0,0.17771287,Low
1387,0,0,0.2280061,Medium
1388,0,1,0.69197977,Very High
1389,0,0,0.103535265,Low
1390,0,1,0.5216536,High
1391,1,1,0.895047,Very High
1392,0,0,0.19948067,Low
1393,0,0,0.14965859,Low
1394,0,0,0.30615687,Medium
1395,0,0,0.15467426,Low
1396,0,0,0.2776139,Medium
1397,1,1,0.71029854,Very High
1398,0,0,0.2578961,Medium
1399,0,1,0.8476656,Very High
1400,0,0,0.4209246,High
1401,0,0,0.15140866,Low
1402,0,1,0.83739,Very High
1403,1,0,0.28599134,Medium
1404,0,0,0.25669783,Medium
1405,0,0,0.2375813,Medium
1406,1,0,0.26464087,Medium
1407,0,0,0.13857387,Low
1408,0,0,0.14493896,Low
1409,1,0,0.18724829,Low
1410,0,0,0.23936768,Medium
1411,0,0,0.3876171,Medium
1412,0,0,0.10657431,Low
1413,0,0,0.3519784,Medium
1414,0,0,0.18896425,Low
1415,0,0,0.07445993,Low
1416,0,0,0.23890206,Medium
1417,0,0,0.25803035,Medium
1418,0,1,0.7193764,Very High
1419,0,0,0.33170208,Medium
1420,0,0,0.09513709,Low
1421,0,0,0.19088885,Low
1422,0,0,0.10501448,Low
1423,0,0,0.22824514,Medium
1424,0,1,0.54655737,High
1425,0,0,0.22255374,Medium
1426,0,0,0.26813695,Medium
1427,0,0,0.29949915,Medium
1428,0,1,0.8319787,Very High
1429,1,1,0.87667054,Very High
1430,0,0,0.24130973,Medium
1431,0,0,0.3384693,Medium
1432,1,1,0.8940424,Very High
1433,1,1,0.89074236,Very High
1434,0,0,0.39665255,Medium
1435,0,0,0.33405712,Medium
1436,1,1,0.89674926,Very High
1437,1,0,0.3317235,Medium
1438,0,0,0.24850534,Medium
1439,0,1,0.5761944,High
1440,0,0,0.29032838,Medium
1441,0,1,0.5586968,High
1442,0,0,0.17587161,Low
1443,1,0,0.42722085,High
1444,0,0,0.21498919,Medium
1445,1,1,0.7216522,Very High
1446,0,1,0.8258506,Very High
1447,1,0,0.47033504,High
1448,0,0,0.36103517,Medium
1449,0,0,0.40133578,High
1450,1,0,0.36419258,Medium
1451,0,0,0.32574245,Medium
1452,1,0,0.33554417,Medium
1453,0,0,0.40417436,High
1454,0,1,0.56126964,High
1455,0,0,0.35098502,Medium
1456,0,1,0.5386301,High
1457,0,0,0.24088272,Medium
1458,1,0,0.4766632,High
1459,1,0,0.235318,Medium
1460,0,0,0.37551215,Medium
1461,1,1,0.88348025,Very High
1462,0,0,0.4246663,High
1463,0,0,0.16431443,Low
1464,0,0,0.085218236,Low
1465,0,0,0.11731051,Low
1466,0,0,0.31743464,Medium
1467,1,1,0.5554768,High
1468,0,0,0.3556729,Medium
1469,0,0,0.36361113,Medium
1470,1,0,0.40520856,High
1471,0,0,0.23778345,Medium
1472,1,1,0.56548643,High
1473,0,0,0.08833991,Low
1474,0,0,0.42190862,High
1475,1,0,0.16961774,Low
1476,0,0,0.1139672,Low
1477,0,0,0.16871296,Low
1478,0,0,0.29049137,Medium
1479,1,0,0.39743382,Medium
1480,0,0,0.314699,Medium
1481,0,0,0.14896896,Low
1482,0,0,0.41086438,High
1483,0,0,0.1051321,Low
1484,0,0,0.21291074,Medium
1485,0,0,0.2945447,Medium
1486,1,1,0.92779815,Very High
1487,0,0,0.06390328,Low
1488,0,0,0.29406095,Medium
1489,1,1,0.8427511,Very High
1490,1,1,0.64473844,Very High
1491,0,0,0.08191845,Low
1492,0,0,0.23486355,Medium
1493,0,1,0.8049214,Very High
1494,0,0,0.15783942,Low
1495,0,0,0.146859,Low
1496,0,1,0.85999423,Very High
1497,1,1,0.8938832,Very High
1498,0,0,0.33719984,Medium
1499,0,0,0.28951523,Medium
1500,0,1,0.5965969,High
1501,0,0,0.21513653,Medium
1502,0,1,0.546083,High
1503,0,1,0.52704406,High
1504,0,0,0.40957233,High
1505,0,0,0.15924643,Low
1506,0,0,0.11411439,Low
1507,0,0,0.35571888,Medium
1508,0,0,0.17322583,Low
1509,0,0,0.29976436,Medium
1510,1,1,0.8607256,Very High
1511,0,0,0.23727895,Medium
1512,0,1,0.8448416,Very High
1513,0,0,0.3859391,Medium
1514,1,0,0.35305017,Medium
1515,0,0,0.3420446,Medium
1516,0,0,0.30543724,Medium
1517,0,0,0.43858746,High
1518,1,1,0.88573414,Very High
1519,0,1,0.86815596,Very High
1520,0,0,0.097653635,Low
1521,0,1,0.81428653,Very High
1522,0,1,0.89225876,Very High
1523,0,0,0.22289899,Medium
1524,1,1,0.8801599,Very High
1525,0,0,0.2887059,Medium
1526,0,1,0.76711535,Very High
1527,1,0,0.2653951,Medium
1528,0,0,0.1881971,Low
1529,0,0,0.4711464,High
1530,0,0,0.31594732,Medium
1531,0,0,0.23068228,Medium
1532,0,0,0.08296117,Low
1533,0,1,0.76599336,Very High
1534,0,0,0.10227467,Low
1535,0,0,0.2497956,Medium
1536,0,0,0.2364318,Medium
1537,0,1,0.5100048,High
1538,0,1,0.6739937,Very High
1539,1,0,0.26483333,Medium
1540,0,0,0.38521308,Medium
1541,1,1,0.6353195,Very High
1542,0,1,0.57638836,High
1543,0,0,0.2715903,Medium
1544,0,0,0.3213311,Medium
1545,1,0,0.4189236,High
1546,1,0,0.17885433,Low
1547,0,0,0.17673235,Low
1548,0,0,0.35318688,Medium
1549,1,0,0.27029523,Medium
1550,0,0,0.2754918,Medium
1551,1,0,0.23785724,Medium
1552,0,0,0.13624735,Low
1553,0,0,0.31930682,Medium
1554,0,0,0.41609433,High
1555,0,1,0.551476,High
1556,1,0,0.09381657,Low
1557,0,0,0.29028392,Medium
1558,0,0,0.293098,Medium
1559,1,1,0.72321033,Very High
1560,1,0,0.2946628,Medium
1561,0,0,0.3334886,Medium
1562,0,0,0.49041486,High
1563,0,0,0.232904,Medium
1564,0,0,0.45350304,High
1565,1,0,0.111531325,Low
1566,0,0,0.3921503,Medium
1567,0,0,0.12857299,Low
1568,0,0,0.27540308,Medium
1569,0,0,0.34574747,Medium
1570,1,0,0.29271853,Medium
1571,0,0,0.49451336,High
1572,0,1,0.72106904,Very High
1573,0,0,0.42422715,High
1574,1,0,0.3206411,Medium
1575,0,1,0.5007707,High
1576,0,0,0.25205562,Medium
1577,0,0,0.32534444,Medium
1578,0,0,0.37949535,Medium
1579,0,0,0.31556466,Medium
1580,0,0,0.20354949,Medium
1581,0,0,0.16582344,Low
1582,0,0,0.38460734,Medium
1583,0,0,0.35796818,Medium
1584,0,1,0.7926782,Very High
1585,0,0,0.32062745,Medium
1586,0,0,0.21353196,Medium
1587,0,0,0.15563293,Low
1588,0,0,0.12032824,Low
1589,0,0,0.10302249,Low
1590,0,0,0.17222248,Low
1591,0,0,0.31336913,Medium
1592,0,1,0.6455376,Very High
1593,0,0,0.12466212,Low
1594,0,0,0.11943307,Low
1595,0,0,0.36407903,Medium
1596,0,0,0.2643229,Medium
1597,0,1,0.61444896,Very High
1598,0,0,0.41369915,High
1599,0,0,0.12280613,Low
1600,1,0,0.3327169,Medium
1601,0,0,0.31716907,Medium
1602,0,1,0.5333744,High
1603,0,0,0.3479121,Medium
1604,0,0,0.31673035,Medium
1605,0,0,0.1368237,Low
1606,0,0,0.24649763,Medium
1607,1,1,0.88415694,Very High
1608,1,0,0.24254693,Medium
1609,0,0,0.1963335,Low
1610,0,0,0.28293884,Medium
1611,0,0,0.39999962,Medium
1612,0,0,0.14540763,Low
1613,0,0,0.11721836,Low
1614,1,0,0.4256478,High
1615,0,0,0.33496818,Medium
1616,1,0,0.41260168,High
1617,1,1,0.68254757,Very High
1618,0,0,0.22911018,Medium
1619,0,0,0.10238737,Low
1620,1,0,0.23242596,Medium
1621,0,0,0.32501647,Medium
1622,0,0,0.28181043,Medium
1623,0,0,0.28163,Medium
1624,0,0,0.23387355,Medium
1625,0,0,0.11081885,Low
1626,1,1,0.8596061,Very High
1627,0,0,0.3163082,Medium
1628,1,0,0.36157244,Medium
1629,0,1,0.867671,Very High
1630,0,0,0.41003624,High
1631,0,0,0.07896359,Low
1632,0,0,0.08437633,Low
1633,0,0,0.11598409,Low
1634,0,0,0.270121,Medium
1635,0,0,0.31010026,Medium
1636,0,0,0.21401814,Medium
1637,0,0,0.36110935,Medium
1638,0,1,0.837336,Very High
1639,1,1,0.6676677,Very High
1640,0,0,0.35633495,Medium
1641,0,0,0.28578976,Medium
1642,0,0,0.27733365,Medium
1643,1,0,0.37656087,Medium
1644,0,0,0.36664426,Medium
1645,1,1,0.86469203,Very High
1646,1,0,0.34765875,Medium
1647,1,1,0.71420574,Very High
1648,0,0,0.30077654,Medium
1649,0,0,0.35173222,Medium
1650,0,0,0.3246618,Medium
1651,0,0,0.20300256,Medium
1652,0,0,0.16215989,Low
1653,0,0,0.48703635,High
1654,1,1,0.61778957,Very High
1655,0,0,0.32906586,Medium
1656,0,0,0.28091848,Medium
1657,1,0,0.3544256,Medium
1658,0,0,0.3027864,Medium
1659,0,0,0.29725394,Medium
1660,0,0,0.3368265,Medium
1661,0,1,0.68572456,Very High
1662,1,0,0.3983993,Medium
1663,0,0,0.49374145,High
1664,1,0,0.39744467,Medium
1665,0,0,0.24659485,Medium
1666,0,0,0.3366844,Medium
1667,0,1,0.9027046,Very High
1668,1,1,0.64076084,Very High
1669,0,0,0.35351154,Medium
1670,0,1,0.7807466,Very High
1671,0,0,0.32650942,Medium
1672,0,0,0.37701866,Medium
1673,0,0,0.181222,Low
1674,0,0,0.29503465,Medium
1675,0,0,0.19391899,Low
1676,1,0,0.32086194,Medium
1677,0,0,0.12755641,Low
1678,0,0,0.11259732,Low
1679,0,1,0.529374,High
1680,0,0,0.26616493,Medium
1681,1,0,0.17325015,Low
1682,0,0,0.28442508,Medium
1683,0,0,0.33486992,Medium
1684,0,0,0.41721004,High
1685,0,0,0.1866527,Low
1686,0,0,0.3097077,Medium
1687,0,0,0.14970888,Low
1688,0,0,0.3260989,Medium
1689,0,1,0.5028247,High
1690,1,1,0.6380844,Very High
1691,0,0,0.073772416,Low
1692,0,0,0.32407722,Medium
1693,0,0,0.34647244,Medium
1694,0,0,0.16916181,Low
1695,1,0,0.3325752,Medium
1696,0,0,0.29739258,Medium
1697,1,1,0.67087805,Very High
1698,0,0,0.40025365,High
1699,0,0,0.4890574,High
1700,0,0,0.20665799,Medium
1701,0,0,0.24800047,Medium
1702,0,0,0.25130194,Medium
1703,1,0,0.2926945,Medium
1704,0,0,0.29567844,Medium
1705,0,0,0.32477102,Medium
1706,1,1,0.56748503,High
1707,0,1,0.8948739,Very High
1708,0,0,0.095108725,Low
1709,0,0,0.33044073,Medium
1710,0,0,0.17896175,Low
1711,1,0,0.26987123,Medium
1712,0,0,0.366136,Medium
1713,1,1,0.8914038,Very High
1714,0,0,0.09514977,Low
1715,0,0,0.40007663,High
1716,0,0,0.3085077,Medium
1717,0,0,0.28393322,Medium
1718,1,0,0.24329062,Medium
1719,0,0,0.16996904,Low
1720,1,1,0.82727516,Very High
1721,0,0,0.09463947,Low
1722,0,0,0.38594913,Medium
1723,1,1,0.845828,Very High
1724,0,0,0.17507122,Low
1725,0,0,0.082124956,Low
1726,0,0,0.0857412,Low
1727,0,1,0.5988016,High
1728,1,1,0.8284865,Very High
1729,0,0,0.45497358,High
1730,0,1,0.7386181,Very High
1731,1,0,0.35671866,Medium
1732,1,0,0.3395751,Medium
1733,0,0,0.2386478,Medium
1734,0,0,0.17801726,Low
1735,0,0,0.27074048,Medium
1736,0,0,0.31182808,Medium
1737,1,1,0.81004286,Very High
1738,0,0,0.43048963,High
1739,1,0,0.3620441,Medium
1740,0,1,0.67093897,Very High
1741,1,0,0.39713168,Medium
1742,0,0,0.25744873,Medium
1743,0,0,0.29632917,Medium
1744,0,0,0.3529648,Medium
1745,0,0,0.14611319,Low
1746,0,0,0.2919453,Medium
1747,0,0,0.368857,Medium
1748,0,0,0.13186355,Low
1749,0,0,0.27410576,Medium
1750,0,0,0.15453963,Low
1751,0,0,0.22463845,Medium
1752,1,1,0.891498,Very High
1753,0,0,0.18544813,Low
1754,0,0,0.17706062,Low
1755,0,0,0.24510825,Medium
1756,0,0,0.43183255,High
1757,0,0,0.20846806,Medium
1758,0,1,0.5329859,High
1759,0,0,0.1973766,Low
1760,0,1,0.5601237,High
1761,0,0,0.48524264,High
1762,0,0,0.30498585,Medium
1763,0,0,0.35557812,Medium
1764,0,0,0.15092055,Low
1765,0,1,0.69653535,Very High
1766,1,0,0.32839158,Medium
1767,1,1,0.8682653,Very High
1768,0,0,0.17138343,Low
1769,0,0,0.21823451,Medium
1770,1,0,0.36449197,Medium
1771,0,0,0.3824293,Medium
1772,0,0,0.2395349,Medium
1773,0,0,0.17318316,Low
1774,1,1,0.8752276,Very High
1775,0,0,0.34055606,Medium
1776,1,1,0.9144729,Very High
1777,0,0,0.30876413,Medium
1778,1,0,0.41931123,High
1779,0,0,0.2304387,Medium
1780,0,0,0.2744747,Medium
1781,0,0,0.3442601,Medium
1782,0,0,0.33844143,Medium
1783,0,0,0.38334975,Medium
1784,0,0,0.1746015,Low
1785,0,0,0.22689772,Medium
1786,1,0,0.31413075,Medium
1787,1,1,0.6282958,Very High
1788,0,0,0.115219496,Low
1789,0,0,0.2996047,Medium
1790,0,0,0.22096953,Medium
1791,0,0,0.20116329,Medium
1792,0,0,0.14610462,Low
1793,0,0,0.087606706,Low
1794,0,0,0.22355564,Medium
1795,1,0,0.35812965,Medium
1796,0,1,0.6255723,Very High
1797,0,0,0.18309891,Low
1798,0,0,0.11676967,Low
1799,0,0,0.09052839,Low
1800,0,0,0.2320946,Medium
1801,1,0,0.37339306,Medium
1802,0,0,0.33263403,Medium
1803,0,0,0.34348154,Medium
1804,0,0,0.3037506,Medium
1805,1,0,0.11676189,Low
1806,0,0,0.08469625,Low
1807,0,0,0.2697039,Medium
1808,0,0,0.14346401,Low
1809,0,0,0.18054959,Low
1810,0,0,0.04456307,Low
1811,0,0,0.40944758,High
1812,0,0,0.2553904,Medium
1813,1,0,0.30451402,Medium
1814,0,1,0.7999766,Very High
1815,0,0,0.12773415,Low
1816,0,0,0.49571687,High
1817,0,0,0.33707124,Medium
1818,0,0,0.37193632,Medium
1819,0,0,0.09332172,Low
1820,0,0,0.117325194,Low
1821,1,0,0.44146878,High
1822,0,0,0.13583066,Low
1823,0,0,0.28054857,Medium
1824,0,0,0.145612,Low
1825,0,1,0.50536543,High
1826,0,0,0.22934848,Medium
1827,1,0,0.4610156,High
1828,0,0,0.31924906,Medium
1829,0,0,0.09099796,Low
1830,0,1,0.57491314,High
1831,1,0,0.42856124,High
1832,0,0,0.056253213,Low
1833,0,0,0.20412324,Medium
1834,0,0,0.38179585,Medium
1835,0,0,0.15656142,Low
1836,1,1,0.75291735,Very High
1837,0,0,0.3024375,Medium
1838,1,0,0.2812425,Medium
1839,0,0,0.25760123,Medium
1840,1,1,0.88543046,Very High
1841,0,0,0.28862098,Medium
1842,1,0,0.35316366,Medium
1843,0,0,0.2617099,Medium
1844,1,0,0.27886716,Medium
1845,0,0,0.40574542,High
1846,1,1,0.8232719,Very High
1847,0,0,0.29182908,Medium
1848,1,1,0.6859653,Very High
1849,0,0,0.2136516,Medium
1850,1,1,0.5808219,High
1851,0,0,0.38070777,Medium
1852,0,0,0.20510449,Medium
1853,0,0,0.14225279,Low
1854,0,0,0.09819014,Low
1855,0,0,0.1357065,Low
1856,0,0,0.2867567,Medium
1857,0,0,0.21973029,Medium
1858,0,0,0.16050541,Low
1859,0,0,0.14034013,Low
1860,0,1,0.71680367,Very High
1861,0,0,0.46710125,High
1862,1,1,0.7717915,Very High
1863,0,0,0.23454691,Medium
1864,0,0,0.33012012,Medium
1865,0,0,0.09289026,Low
1866,0,0,0.28860188,Medium
1867,0,0,0.2891743,Medium
1868,0,0,0.33518732,Medium
1869,1,1,0.8352574,Very High
1870,1,1,0.8915073,Very High
1871,0,0,0.26014718,Medium
1872,0,0,0.31295905,Medium
1873,0,0,0.18405263,Low
1874,0,0,0.32154652,Medium
1875,1,0,0.45925772,High
1876,0,0,0.29770562,Medium
1877,0,0,0.35081595,Medium
1878,0,0,0.085234,Low
1879,0,0,0.2513191,Medium
1880,1,1,0.9193479,Very High
1881,0,0,0.28076732,Medium
1882,1,1,0.8398039,Very High
1883,0,0,0.1481467,Low
1884,0,0,0.24265434,Medium
1885,1,0,0.3556385,Medium
1886,0,1,0.57601327,High
1887,0,0,0.19995977,Low
1888,0,0,0.13134308,Low
1889,0,1,0.68852484,Very High
1890,1,0,0.30666614,Medium
1891,0,0,0.20127578,Medium
1892,0,0,0.33200747,Medium
1893,0,0,0.45629513,High
1894,1,0,0.23524617,Medium
1895,1,1,0.7284079,Very High
1896,0,0,0.12902853,Low
1897,0,0,0.21918619,Medium
1898,0,0,0.069086455,Low
1899,0,0,0.110957585,Low
1900,0,0,0.42934605,High
1901,0,0,0.31848902,Medium
1902,0,1,0.5792819,High
1903,0,0,0.16634253,Low
1904,0,0,0.106841825,Low
1905,0,0,0.18963926,Low
1906,0,0,0.12664299,Low
1907,0,0,0.12862909,Low
1908,0,0,0.20312639,Medium
1909,0,1,0.90249085,Very High
1910,0,0,0.18010996,Low
1911,1,0,0.3899182,Medium
1912,0,0,0.24583656,Medium
1913,0,0,0.4175943,High
1914,0,0,0.281922,Medium
1915,0,0,0.2976071,Medium
1916,0,0,0.1231209,Low
1917,0,0,0.36035526,Medium
1918,0,0,0.18904509,Low
1919,0,0,0.13402829,Low
1920,0,0,0.39057454,Medium
1921,1,1,0.6463455,Very High
1922,0,0,0.31794962,Medium
1923,1,0,0.31962386,Medium
1924,0,0,0.06730531,Low
1925,1,0,0.3065048,Medium
1926,0,0,0.10287371,Low
1927,0,0,0.26517263,Medium
1928,0,0,0.14474915,Low
1929,0,0,0.20918538,Medium
1930,0,0,0.09086699,Low
1931,0,0,0.1664514,Low
1932,1,1,0.6626318,Very High
1933,0,0,0.22382538,Medium
1934,0,0,0.44872525,High
1935,1,1,0.7085453,Very High
1936,0,0,0.28379038,Medium
1937,1,1,0.6538969,Very High
1938,1,0,0.24473044,Medium
1939,0,0,0.1287152,Low
1940,0,0,0.15738313,Low
1941,0,0,0.28537682,Medium
1942,0,1,0.6265534,Very High
1943,0,0,0.22301544,Medium
1944,0,0,0.24901585,Medium
1945,1,1,0.79022765,Very High
1946,1,0,0.4322547,High
1947,0,0,0.110935785,Low
1948,0,0,0.33000353,Medium
1949,0,0,0.16208822,Low
1950,0,0,0.110634774,Low
1951,0,0,0.27723035,Medium
1952,0,0,0.19646704,Low
1953,0,0,0.4280662,High
1954,1,0,0.471867,High
1955,0,0,0.17381412,Low
1956,0,1,0.7610164,Very High
1957,1,1,0.9320402,Very High
1958,0,0,0.297877,Medium
1959,0,0,0.21421166,Medium
1960,0,0,0.28177825,Medium
1961,1,1,0.81964296,Very High
1962,0,0,0.074084915,Low
1963,0,0,0.17655742,Low
1964,0,0,0.26428154,Medium
1965,1,1,0.55686736,High
1966,0,0,0.3827183,Medium
1967,0,1,0.5185314,High
1968,0,0,0.18913637,Low
1969,1,1,0.84046566,Very High
1970,0,0,0.29194906,Medium
1971,0,0,0.20598166,Medium
1972,1,1,0.646987,Very High
1973,0,0,0.1349412,Low
1974,0,0,0.45064795,High
1975,1,1,0.7236961,Very High
1976,0,0,0.3896949,Medium
1977,0,0,0.28195602,Medium
1978,0,0,0.1947531,Low
1979,0,0,0.28225252,Medium
1980,1,0,0.113202795,Low
1981,1,1,0.55686736,High
1982,1,1,0.8851771,Very High
1983,0,0,0.119179845,Low
1984,1,1,0.5935114,High
1985,0,0,0.10210359,Low
1986,1,1,0.8307572,Very High
1987,0,0,0.18420497,Low
1988,0,1,0.7076619,Very High
1989,0,1,0.88926363,Very High
1990,1,0,0.31942865,Medium
1991,0,0,0.112819485,Low
1992,1,1,0.72524893,Very High
1993,0,1,0.75324094,Very High
1994,0,0,0.10028805,Low
1995,0,1,0.5452474,High
1996,0,0,0.12141965,Low
1997,0,0,0.22543256,Medium
1998,0,1,0.5122769,High
1999,0,0,0.41046128,High
2000,0,0,0.217067,Medium
2001,1,0,0.42492223,High
2002,0,0,0.40697592,High
2003,0,0,0.24667826,Medium
2004,1,1,0.84882694,Very High
2005,0,0,0.10062746,Low
2006,0,0,0.37003392,Medium
2007,0,0,0.3570814,Medium
2008,0,0,0.38167435,Medium
2009,1,0,0.41903308,High
2010,0,1,0.5851273,High
2011,0,1,0.5363101,High
2012,0,0,0.49482974,High
2013,1,1,0.87354726,Very High
2014,0,1,0.5040353,High
2015,0,0,0.39308646,Medium
2016,1,0,0.34501943,Medium
2017,1,1,0.7909943,Very High
2018,1,0,0.13767815,Low
2019,0,0,0.20965593,Medium
2020,1,1,0.839547,Very High
2021,0,0,0.20365876,Medium
2022,0,0,0.16791804,Low
2023,0,0,0.15258446,Low
2024,0,0,0.08253939,Low
2025,0,0,0.2556509,Medium
2026,1,1,0.86792916,Very High
2027,0,0,0.26768577,Medium
2028,0,0,0.29898888,Medium
2029,1,0,0.40167668,High
2030,1,1,0.839719,Very High
2031,0,0,0.118002646,Low
2032,0,1,0.5123982,High
2033,0,0,0.057255045,Low
2034,0,0,0.29677638,Medium
2035,0,0,0.37536496,Medium
2036,0,0,0.21055692,Medium
2037,0,0,0.09418527,Low
2038,0,0,0.13159083,Low
2039,0,0,0.33096477,Medium
2040,0,0,0.12950197,Low
2041,0,0,0.3931826,Medium
2042,0,0,0.45725828,High
2043,0,0,0.34703207,Medium
2044,1,0,0.2709877,Medium
2045,0,0,0.2612794,Medium
2046,1,1,0.8962579,Very High
2047,0,0,0.47328344,High
2048,0,0,0.20118685,Medium
2049,0,0,0.38084498,Medium
2050,0,0,0.28078204,Medium
2051,0,1,0.80953395,Very High
2052,0,1,0.8589739,Very High
2053,0,0,0.42977217,High
2054,0,1,0.8849595,Very High
2055,0,0,0.39564008,Medium
2056,1,1,0.5406973,High
2057,1,1,0.64254016,Very High
2058,0,0,0.4576076,High
2059,0,1,0.6847172,Very High
2060,0,0,0.10449606,Low
2061,0,0,0.2943072,Medium
2062,0,0,0.24124606,Medium
2063,0,0,0.2897216,Medium
2064,0,0,0.15937412,Low
2065,1,1,0.51038283,High
2066,0,0,0.14978234,Low
2067,0,1,0.5955897,High
2068,0,0,0.30221254,Medium
2069,1,0,0.37386,Medium
2070,0,0,0.2136846,Medium
2071,0,0,0.1649279,Low
2072,0,1,0.895408,Very High
2073,0,0,0.28153327,Medium
2074,0,0,0.30436468,Medium
2075,0,0,0.085191496,Low
2076,0,1,0.53560436,High
2077,0,1,0.50684136,High
2078,1,1,0.68139076,Very High
2079,0,0,0.15913773,Low
2080,0,1,0.7121233,Very High
2081,0,0,0.2625607,Medium
2082,0,0,0.1817018,Low
2083,0,1,0.59058416,High
2084,0,0,0.3872285,Medium
2085,0,0,0.10999481,Low
2086,0,1,0.55327725,High
2087,1,1,0.92156893,Very High
2088,0,0,0.20991673,Medium
2089,0,0,0.31981903,Medium
2090,1,1,0.87797254,Very High
2091,0,0,0.49808216,High
2092,0,1,0.58787733,High
2093,0,0,0.32704177,Medium
2094,0,0,0.21680573,Medium
2095,0,1,0.84187955,Very High
2096,0,0,0.28706467,Medium
2097,1,1,0.65607196,Very High
2098,0,0,0.16815643,Low
2099,0,0,0.12583937,Low
2100,1,1,0.8407792,Very High
2101,0,0,0.12503107,Low
2102,0,1,0.87896764,Very High
2103,1,1,0.79765666,Very High
2104,0,0,0.1837764,Low
2105,0,0,0.15929867,Low
2106,1,1,0.7487368,Very High
2107,0,0,0.3189098,Medium
2108,0,1,0.53514516,High
2109,0,1,0.71288884,Very High
2110,0,0,0.15541372,Low
2111,0,0,0.21500373,Medium
2112,1,0,0.41882193,High
2113,0,0,0.29446363,Medium
2114,1,0,0.3188933,Medium
2115,1,1,0.915873,Very High
2116,0,0,0.3135725,Medium
2117,1,0,0.25500837,Medium
2118,1,1,0.6520892,Very High
2119,0,1,0.7464776,Very High
2120,0,0,0.13570437,Low
2121,0,0,0.114841536,Low
2122,0,1,0.8472161,Very High
2123,0,1,0.6954024,Very High
2124,0,0,0.11886714,Low
2125,1,1,0.84091514,Very High
2126,0,0,0.20002966,Medium
2127,0,0,0.47634083,High
2128,0,1,0.8527588,Very High
2129,1,0,0.24785094,Medium
2130,0,0,0.04529486,Low
2131,1,1,0.8811669,Very High
2132,0,0,0.27645606,Medium
2133,0,1,0.6478367,Very High
2134,0,0,0.16627355,Low
2135,1,1,0.9066973,Very High
2136,0,0,0.11846466,Low
2137,0,0,0.41064057,High
2138,0,0,0.10703475,Low
2139,0,0,0.3748403,Medium
2140,1,0,0.32954708,Medium
2141,0,1,0.8025,Very High
2142,0,0,0.40303484,High
2143,1,1,0.858716,Very High
2144,1,1,0.8419997,Very High
2145,1,1,0.90993166,Very High
2146,0,0,0.311806,Medium
2147,0,0,0.20429839,Medium
2148,0,0,0.4818147,High
2149,1,1,0.8389846,Very High
2150,0,0,0.18108568,Low
2151,0,0,0.21420383,Medium
2152,0,0,0.21361445,Medium
2153,0,0,0.29840684,Medium
2154,0,0,0.08473023,Low
2155,0,0,0.20586042,Medium
2156,1,1,0.8752217,Very High
2157,1,0,0.35328183,Medium
2158,0,0,0.11131746,Low
2159,0,0,0.2747462,Medium
2160,0,1,0.5882639,High
2161,0,0,0.16517311,Low
2162,0,0,0.20348522,Medium
2163,0,0,0.15511988,Low
2164,0,0,0.42547643,High
2165,0,0,0.057550736,Low
2166,0,1,0.61772484,Very High
2167,0,0,0.12220979,Low
2168,1,1,0.87387925,Very High
2169,0,1,0.5419338,High
2170,0,1,0.54366744,High
2171,0,0,0.19185296,Low
2172,0,0,0.15725946,Low
2173,0,0,0.3794342,Medium
2174,0,0,0.1504261,Low
2175,0,0,0.24924515,Medium
2176,0,0,0.22667785,Medium
2177,0,0,0.10031719,Low
2178,0,0,0.2777311,Medium
2179,0,0,0.2748411,Medium
2180,0,0,0.21500601,Medium
2181,0,0,0.20972565,Medium
2182,0,0,0.2838582,Medium
2183,0,0,0.12056016,Low
2184,0,0,0.32538754,Medium
2185,0,0,0.38140813,Medium
2186,0,0,0.1920245,Low
2187,1,0,0.31756812,Medium
2188,1,1,0.72576165,Very High
2189,0,0,0.30596408,Medium
2190,0,0,0.24988467,Medium
2191,0,0,0.25013462,Medium
2192,0,0,0.31769592,Medium
2193,0,0,0.17586435,Low
2194,0,0,0.12915513,Low
2195,0,0,0.25608405,Medium
2196,0,0,0.48226112,High
2197,0,0,0.38199297,Medium
2198,0,0,0.22042634,Medium
2199,0,0,0.12129701,Low
2200,1,0,0.42176962,High
2201,1,1,0.7388643,Very High
2202,0,0,0.2181368,Medium
2203,0,0,0.21357936,Medium
2204,0,0,0.48052955,High
2205,0,0,0.27987176,Medium
2206,0,0,0.2647744,Medium
2207,0,0,0.3056745,Medium
2208,1,0,0.3654884,Medium
2209,0,0,0.4637599,High
2210,0,0,0.23416518,Medium
2211,0,0,0.39476165,Medium
2212,0,0,0.12683354,Low
2213,0,0,0.4561782,High
2214,0,0,0.15814786,Low
2215,0,0,0.45563418,High
2216,0,1,0.50582975,High
2217,0,0,0.22384593,Medium
2218,1,0,0.15893719,Low
2219,1,1,0.7802076,Very High
2220,1,0,0.4433085,High
2221,1,0,0.4125521,High
2222,0,1,0.51104057,High
2223,0,0,0.25815618,Medium
2224,0,0,0.273991,Medium
2225,0,0,0.0750449,Low
2226,1,0,0.2885282,Medium
2227,1,0,0.4753776,High
2228,0,0,0.30818588,Medium
2229,0,0,0.29388866,Medium
2230,0,0,0.318699,Medium
2231,0,0,0.3906299,Medium
2232,1,1,0.64700377,Very High
2233,0,0,0.23404978,Medium
2234,0,0,0.43482494,High
2235,0,1,0.7039551,Very High
2236,0,0,0.10194034,Low
2237,0,0,0.34944806,Medium
2238,0,0,0.12261497,Low
2239,0,0,0.31583253,Medium
2240,0,0,0.30982307,Medium
2241,0,0,0.13856035,Low
2242,1,1,0.8149707,Very High
2243,0,1,0.7153903,Very High
2244,1,1,0.82281345,Very High
2245,0,0,0.113100156,Low
2246,0,0,0.32291675,Medium
2247,0,0,0.16953531,Low
2248,1,1,0.65523624,Very High
2249,1,0,0.40518412,High
2250,1,0,0.28121313,Medium
2251,0,0,0.26243192,Medium
2252,0,1,0.88416797,Very High
2253,0,0,0.2512855,Medium
2254,0,0,0.4237605,High
2255,0,0,0.26994097,Medium
2256,0,1,0.81975013,Very High
2257,1,1,0.75733674,Very High
2258,0,0,0.2510419,Medium
2259,0,0,0.15081556,Low
2260,0,0,0.35483095,Medium
2261,0,0,0.19951862,Low
2262,1,0,0.16852942,Low
2263,0,1,0.86593074,Very High
2264,0,0,0.2456687,Medium
2265,0,0,0.29345807,Medium
2266,1,0,0.2888255,Medium
2267,0,0,0.070968404,Low
2268,0,0,0.30528584,Medium
2269,1,1,0.89464545,Very High
2270,0,1,0.56313354,High
2271,0,0,0.21627517,Medium
2272,0,0,0.47270113,High
2273,0,0,0.35429496,Medium
2274,0,0,0.35255975,Medium
2275,0,0,0.26109135,Medium
2276,0,0,0.48951295,High
2277,0,0,0.18764265,Low
2278,0,0,0.24597745,Medium
2279,1,1,0.82092136,Very High
2280,0,0,0.4493129,High
2281,0,0,0.307771,Medium
2282,0,0,0.08880551,Low
2283,0,0,0.32673824,Medium
2284,0,0,0.41213,High
2285,1,0,0.23820826,Medium
2286,0,0,0.16222593,Low
2287,0,1,0.6462172,Very High
2288,0,0,0.26553205,Medium
2289,0,1,0.57307225,High
2290,1,0,0.28053048,Medium
2291,0,1,0.63278425,Very High
2292,0,1,0.74105096,Very High
2293,1,1,0.8807339,Very High
2294,0,0,0.39795712,Medium
2295,1,1,0.6475223,Very High
2296,0,1,0.61208063,Very High
2297,0,0,0.079711236,Low
2298,1,1,0.58964616,High
2299,0,0,0.09268504,Low
2300,0,0,0.27559152,Medium
2301,0,1,0.7995801,Very High
2302,1,0,0.20564535,Medium
2303,0,1,0.6282831,Very High
2304,1,1,0.64593214,Very High
2305,0,0,0.24673352,Medium
2306,0,0,0.49678922,High
2307,0,0,0.41539097,High
2308,0,0,0.34896022,Medium
2309,0,0,0.27757338,Medium
2310,0,0,0.15342218,Low
2311,0,1,0.59437895,High
2312,0,0,0.13663699,Low
2313,0,1,0.7968238,Very High
2314,0,0,0.23546489,Medium
2315,0,0,0.1469258,Low
2316,0,0,0.20853071,Medium
2317,0,0,0.43100655,High
2318,0,0,0.35143748,Medium
2319,1,0,0.22323595,Medium
2320,0,0,0.3484904,Medium
2321,0,0,0.20500441,Medium
2322,0,1,0.76958805,Very High
2323,0,0,0.32693264,Medium
2324,0,0,0.154233,Low
2325,1,1,0.8861559,Very High
2326,0,0,0.27107093,Medium
2327,0,0,0.13117,Low
2328,0,0,0.3083989,Medium
2329,0,0,0.3365433,Medium
2330,0,0,0.2519572,Medium
2331,0,0,0.22037654,Medium
2332,1,0,0.24054363,Medium
2333,0,1,0.8966133,Very High
2334,0,0,0.3883343,Medium
2335,0,0,0.22664613,Medium
2336,0,0,0.25210112,Medium
2337,1,0,0.24098337,Medium
2338,0,0,0.22770709,Medium
2339,0,0,0.16890237,Low
2340,0,0,0.11225178,Low
2341,0,1,0.6999608,Very High
2342,0,0,0.32746336,Medium
2343,0,0,0.13266928,Low
2344,0,0,0.18120353,Low
2345,0,0,0.2534155,Medium
2346,0,0,0.36646184,Medium
2347,0,0,0.20229056,Medium
2348,1,0,0.100737885,Low
2349,0,1,0.6648918,Very High
2350,1,0,0.40123746,High
2351,0,0,0.11620345,Low
2352,0,0,0.20302732,Medium
2353,1,1,0.6006716,Very High
2354,0,0,0.14767367,Low
2355,0,0,0.25523928,Medium
2356,0,0,0.24260317,Medium
2357,1,1,0.8049488,Very High
2358,0,0,0.12336108,Low
2359,0,0,0.12354356,Low
2360,0,0,0.22036839,Medium
2361,0,1,0.6097331,Very High
2362,0,0,0.16980894,Low
2363,0,1,0.7372058,Very High
2364,1,0,0.27556852,Medium
2365,0,0,0.116099834,Low
2366,1,1,0.8156966,Very High
2367,0,0,0.18944705,Low
2368,0,0,0.17747061,Low
2369,0,0,0.13574226,Low
2370,0,0,0.18984081,Low
2371,0,0,0.22450155,Medium
2372,0,0,0.40925917,High
2373,0,0,0.32639304,Medium
2374,0,0,0.24162847,Medium
2375,1,1,0.8838291,Very High
2376,1,1,0.9037478,Very High
2377,0,0,0.3402172,Medium
2378,1,0,0.42927483,High
2379,1,1,0.6035886,Very High
2380,0,0,0.11296989,Low
2381,0,0,0.16535465,Low
2382,0,0,0.11351461,Low
2383,0,0,0.27331468,Medium
2384,0,0,0.20585357,Medium
2385,0,0,0.4707133,High
2386,0,0,0.088897675,Low
2387,0,0,0.34857082,Medium
2388,0,0,0.17772485,Low
2389,0,0,0.21498358,Medium
2390,0,1,0.6469486,Very High
2391,1,1,0.69026774,Very High
2392,0,0,0.21298811,Medium
2393,1,1,0.8859412,Very High
2394,0,1,0.55025876,High
2395,0,0,0.3485208,Medium
2396,0,0,0.17747264,Low
2397,0,0,0.40183473,High
2398,0,0,0.32350156,Medium
2399,0,0,0.25482967,Medium
2400,0,0,0.28462586,Medium
2401,0,0,0.20079708,Medium
2402,0,0,0.27892476,Medium
2403,0,1,0.7303473,Very High
2404,1,1,0.5402413,High
2405,0,0,0.21361917,Medium
2406,1,1,0.9202724,Very High
2407,0,0,0.25088286,Medium
2408,1,1,0.8662418,Very High
2409,0,0,0.23733959,Medium
2410,0,0,0.11680347,Low
2411,0,0,0.3058091,Medium
2412,0,0,0.28177467,Medium
2413,1,1,0.8579572,Very High
2414,0,0,0.1997264,Low
2415,1,1,0.50548464,High
2416,0,0,0.31342292,Medium
2417,0,0,0.3098511,Medium
2418,1,1,0.86420214,Very High
2419,0,0,0.4977195,High
2420,0,0,0.11039285,Low
2421,0,1,0.74027276,Very High
2422,1,1,0.83903044,Very High
2423,0,0,0.33004916,Medium
2424,0,0,0.33623955,Medium
2425,0,0,0.12207237,Low
2426,0,1,0.6202129,Very High
2427,0,1,0.57496434,High
2428,1,1,0.7121606,Very High
2429,0,0,0.21738493,Medium
2430,1,0,0.4115329,High
2431,1,0,0.46634835,High
2432,0,1,0.67937887,Very High
2433,1,1,0.86287796,Very High
2434,0,0,0.40170673,High
2435,1,1,0.8595791,Very High
2436,1,0,0.33874866,Medium
2437,1,1,0.58477044,High
2438,1,1,0.8713642,Very High
2439,0,0,0.22092293,Medium
2440,0,0,0.21060891,Medium
2441,0,0,0.1576431,Low
2442,1,0,0.39766726,Medium
2443,0,0,0.14727703,Low
2444,0,1,0.62266135,Very High
2445,0,1,0.5096282,High
2446,1,0,0.3475441,Medium
2447,0,0,0.17896156,Low
2448,1,1,0.8531507,Very High
2449,0,0,0.17735271,Low
2450,1,1,0.7115536,Very High
2451,1,0,0.33899048,Medium
2452,0,0,0.08889127,Low
2453,0,0,0.24271183,Medium
2454,0,0,0.4632163,High
2455,0,0,0.078559816,Low
2456,0,0,0.21485084,Medium
2457,0,0,0.2619803,Medium
2458,0,1,0.67904717,Very High
2459,0,1,0.69492996,Very High
2460,0,0,0.13892262,Low
2461,0,0,0.11387688,Low
2462,1,1,0.88183475,Very High
2463,1,1,0.8016885,Very High
2464,1,1,0.75263244,Very High
2465,1,0,0.29112792,Medium
2466,1,1,0.7940832,Very High
2467,1,0,0.23557481,Medium
2468,0,0,0.3689903,Medium
2469,0,0,0.1251325,Low
2470,0,0,0.21381731,Medium
2471,1,1,0.8781881,Very High
2472,1,1,0.91442394,Very High
2473,0,0,0.18740052,Low
2474,0,0,0.25597265,Medium
2475,0,0,0.35020852,Medium
2476,0,1,0.51498765,High
2477,0,0,0.356912,Medium
2478,0,0,0.10951985,Low
2479,0,0,0.32219058,Medium
2480,0,0,0.2387249,Medium
2481,1,1,0.55555624,High
2482,0,0,0.13572943,Low
2483,1,1,0.61335075,Very High
2484,1,0,0.39997306,Medium
2485,0,1,0.6671552,Very High
2486,0,0,0.33835956,Medium
2487,0,0,0.13513677,Low
2488,1,0,0.46395028,High
2489,1,1,0.8403916,Very High
2490,0,1,0.5764499,High
2491,0,0,0.3513859,Medium
2492,1,0,0.33936897,Medium
2493,0,0,0.24891374,Medium
2494,0,0,0.10192982,Low
2495,1,1,0.6054762,Very High
2496,0,0,0.27459335,Medium
2497,0,0,0.20065913,Medium
2498,0,0,0.29182437,Medium
2499,1,0,0.43622303,High
2500,0,0,0.24290192,Medium
2501,1,0,0.12031897,Low
2502,0,0,0.08700957,Low
2503,0,0,0.22227244,Medium
2504,1,0,0.3531616,Medium
2505,0,0,0.2533397,Medium
2506,0,1,0.6008061,Very High
2507,1,0,0.22405757,Medium
2508,1,1,0.5730967,High
2509,0,0,0.21978307,Medium
2510,1,1,0.89066887,Very High
2511,1,1,0.8382364,Very High
2512,1,0,0.12713863,Low
2513,1,0,0.3712664,Medium
2514,0,1,0.61038935,Very High
2515,0,0,0.07265703,Low
2516,0,0,0.3678135,Medium
2517,0,0,0.3195535,Medium
2518,0,0,0.34118026,Medium
2519,0,0,0.30949813,Medium
2520,0,0,0.26791155,Medium
2521,0,0,0.2788225,Medium
2522,0,0,0.18785533,Low
2523,0,0,0.18788353,Low
2524,0,0,0.4433861,High
2525,0,0,0.29590786,Medium
2526,0,0,0.24443369,Medium
2527,0,1,0.7121155,Very High
2528,0,1,0.5390805,High
2529,0,0,0.4769847,High
2530,0,1,0.5144998,High
2531,1,0,0.49654216,High
2532,1,0,0.38815123,Medium
2533,0,0,0.16846979,Low
2534,0,0,0.15036494,Low
2535,0,0,0.32385528,Medium
2536,0,0,0.37747237,Medium
2537,1,0,0.20579335,Medium
2538,1,0,0.47509953,High
2539,0,0,0.24287654,Medium
2540,0,1,0.50762755,High
2541,0,0,0.28030416,Medium
2542,1,1,0.8714182,Very High
2543,0,0,0.14704308,Low
2544,0,0,0.31595823,Medium
2545,1,0,0.35837004,Medium
2546,1,0,0.31354353,Medium
2547,0,0,0.09194124,Low
2548,0,0,0.35885343,Medium
2549,0,0,0.12858427,Low
2550,0,1,0.8008074,Very High
2551,0,0,0.15463944,Low
2552,0,0,0.29697904,Medium
2553,1,0,0.4061881,High
2554,0,0,0.21485047,Medium
2555,0,0,0.32359675,Medium
2556,0,0,0.090079375,Low
2557,0,0,0.23423187,Medium
2558,1,1,0.80622345,Very High
2559,0,0,0.26910022,Medium
2560,0,0,0.46594742,High
2561,1,0,0.06766793,Low
2562,0,0,0.28198558,Medium
2563,1,1,0.9102245,Very High
2564,0,0,0.38807717,Medium
2565,0,1,0.6201528,Very High
2566,0,0,0.3345323,Medium
2567,0,0,0.45156193,High
2568,0,0,0.16103524,Low
2569,0,1,0.5941238,High
2570,0,0,0.3508161,Medium
2571,0,0,0.28540683,Medium
2572,0,1,0.6203569,Very High
2573,0,0,0.48671144,High
2574,0,0,0.31874377,Medium
2575,0,0,0.13335562,Low
2576,0,0,0.23636194,Medium
2577,0,0,0.30259153,Medium
2578,0,0,0.2577934,Medium
2579,0,0,0.12025467,Low
2580,1,1,0.6909322,Very High
2581,0,0,0.26655096,Medium
2582,0,1,0.5210218,High
2583,1,0,0.43274915,High
2584,0,0,0.17054194,Low
2585,0,0,0.37537557,Medium
2586,0,0,0.21989772,Medium
2587,1,0,0.2722736,Medium
2588,0,0,0.41558853,High
2589,0,0,0.17030197,Low
2590,1,1,0.84634376,Very High
2591,0,0,0.23717918,Medium
2592,0,1,0.6440865,Very High
2593,0,0,0.153316,Low
2594,0,0,0.21313444,Medium
2595,0,0,0.2076357,Medium
2596,0,0,0.37388727,Medium
2597,0,0,0.18786633,Low
2598,0,0,0.26099476,Medium
2599,0,0,0.07830695,Low
2600,0,0,0.3168147,Medium
2601,1,1,0.5785153,High
2602,0,0,0.0787072,Low
2603,1,1,0.8561511,Very High
2604,0,0,0.23517196,Medium
2605,0,0,0.20872575,Medium
2606,0,0,0.3761201,Medium
2607,0,0,0.48498428,High
2608,1,0,0.4165002,High
2609,1,0,0.49422374,High
2610,0,0,0.13662332,Low
2611,0,0,0.09642643,Low
2612,0,0,0.4060676,High
2613,0,0,0.2659638,Medium
2614,0,1,0.59147656,High
2615,0,0,0.057465352,Low
2616,0,0,0.1517822,Low
2617,1,0,0.33911523,Medium
2618,1,1,0.83953905,Very High
2619,0,0,0.106479704,Low
2620,1,0,0.29756412,Medium
2621,0,0,0.32796237,Medium
2622,0,1,0.5670628,High
2623,0,0,0.33605388,Medium
2624,0,0,0.117099226,Low
2625,0,0,0.26409626,Medium
2626,0,0,0.3695698,Medium
2627,0,0,0.3392537,Medium
2628,0,0,0.4856192,High
2629,0,0,0.18291865,Low
2630,1,1,0.8243209,Very High
2631,0,0,0.26879892,Medium
2632,0,0,0.25607777,Medium
2633,1,0,0.29367554,Medium
2634,1,1,0.6795181,Very High
2635,1,0,0.47336188,High
2636,0,0,0.28800502,Medium
2637,0,1,0.68902993,Very High
2638,0,0,0.0864112,Low
2639,0,0,0.2456754,Medium
2640,0,0,0.16330555,Low
2641,1,1,0.8461775,Very High
2642,1,1,0.7008404,Very High
2643,0,0,0.444051,High
2644,0,0,0.4476517,High
2645,1,1,0.6351687,Very High
2646,0,0,0.32158592,Medium
2647,1,1,0.8428638,Very High
2648,1,0,0.418012,High
2649,0,0,0.23470168,Medium
2650,0,0,0.21123965,Medium
2651,1,0,0.31480187,Medium
2652,1,0,0.40075222,High
2653,0,0,0.2792061,Medium
2654,0,0,0.278539,Medium
2655,0,0,0.4030288,High
2656,1,1,0.6240918,Very High
2657,1,1,0.5166535,High
2658,0,1,0.5360988,High
2659,0,1,0.6428303,Very High
2660,0,1,0.8628638,Very High
2661,1,0,0.36792675,Medium
2662,0,0,0.107569404,Low
2663,0,0,0.25393954,Medium
2664,0,0,0.18879394,Low
2665,1,0,0.4295478,High
2666,0,0,0.30649287,Medium
2667,0,0,0.13749911,Low
2668,0,0,0.4040664,High
2669,0,0,0.3402681,Medium
2670,1,0,0.32837713,Medium
2671,0,0,0.12543683,Low
2672,1,1,0.61772484,Very High
2673,0,1,0.54168326,High
2674,0,0,0.08167026,Low
2675,0,0,0.2591607,Medium
2676,0,1,0.58780366,High
2677,0,0,0.49799734,High
2678,0,0,0.43267903,High
2679,0,0,0.22018033,Medium
2680,0,0,0.3695154,Medium
2681,0,0,0.14505337,Low
2682,0,0,0.31280306,Medium
2683,0,0,0.35637906,Medium
2684,0,0,0.090535626,Low
2685,1,1,0.86039054,Very High
2686,0,0,0.12754965,Low
2687,0,0,0.07986278,Low
2688,0,0,0.12310069,Low
2689,1,0,0.28801373,Medium
2690,0,0,0.32932472,Medium
2691,0,0,0.28328177,Medium
2692,0,0,0.09321508,Low
2693,0,0,0.19369167,Low
2694,0,0,0.25308517,Medium
2695,0,1,0.57534456,High
2696,0,0,0.45383918,High
2697,0,0,0.22525088,Medium
2698,0,0,0.3127102,Medium
2699,0,0,0.37741843,Medium
2700,0,1,0.73217654,Very High
2701,0,0,0.40668505,High
2702,0,0,0.39314315,Medium
2703,0,0,0.26050466,Medium
2704,0,1,0.8729252,Very High
2705,0,0,0.26894197,Medium
2706,0,0,0.17942536,Low
2707,1,1,0.85956573,Very High
2708,0,0,0.22807924,Medium
2709,0,0,0.09958714,Low
2710,0,0,0.30974486,Medium
2711,0,0,0.1580756,Low
2712,0,1,0.5270848,High
2713,0,0,0.46985373,High
2714,0,0,0.22366244,Medium
2715,0,1,0.8827177,Very High
2716,0,1,0.59383535,High
2717,0,0,0.19854337,Low
2718,0,0,0.40315977,High
2719,0,0,0.2094806,Medium
2720,0,0,0.23456885,Medium
2721,0,0,0.31168523,Medium
2722,0,0,0.20684828,Medium
2723,1,1,0.8863914,Very High
2724,0,0,0.124860264,Low
2725,0,0,0.42250726,High
2726,0,1,0.55947167,High
2727,0,0,0.2656297,Medium
2728,0,0,0.36468294,Medium
2729,0,0,0.49424565,High
2730,0,0,0.24312213,Medium
2731,0,1,0.75836354,Very High
2732,1,0,0.18603313,Low
2733,0,0,0.16075382,Low
2734,0,1,0.53733134,High
2735,0,0,0.18320596,Low
2736,0,0,0.22623526,Medium
2737,0,0,0.34355664,Medium
2738,1,1,0.67712665,Very High
2739,0,0,0.22301473,Medium
2740,0,0,0.29149556,Medium
2741,0,0,0.26753432,Medium
2742,0,0,0.21306904,Medium
2743,0,0,0.4218637,High
2744,0,0,0.14159316,Low
2745,0,0,0.26650614,Medium
2746,0,0,0.09611394,Low
2747,1,1,0.8251803,Very High
2748,0,0,0.10584663,Low
2749,1,0,0.17597054,Low
2750,1,1,0.6107639,Very High
2751,0,0,0.41395363,High
2752,0,1,0.5504807,High
2753,1,0,0.41682008,High
2754,1,0,0.4779503,High
2755,0,0,0.40061542,High
2756,0,0,0.14856558,Low
2757,1,1,0.8556314,Very High
2758,0,0,0.3944763,Medium
2759,0,0,0.39323428,Medium
2760,0,0,0.105231635,Low
2761,0,0,0.2001772,Medium
2762,0,0,0.16139202,Low
2763,0,0,0.22149703,Medium
2764,0,0,0.35209,Medium
2765,0,0,0.13634779,Low
2766,0,0,0.14819804,Low
2767,0,0,0.12991759,Low
2768,1,0,0.28891394,Medium
2769,0,0,0.08730457,Low
2770,0,0,0.28276452,Medium
2771,0,1,0.7823889,Very High
2772,0,0,0.25070113,Medium
2773,1,1,0.85872376,Very High
2774,0,1,0.56423265,High
2775,0,0,0.08359425,Low
2776,0,0,0.19202489,Low
2777,1,1,0.8624469,Very High
2778,0,0,0.1822421,Low
2779,1,1,0.83761543,Very High
2780,0,0,0.12504068,Low
2781,1,0,0.28535974,Medium
2782,0,0,0.24316137,Medium
2783,0,0,0.065388866,Low
2784,0,1,0.5450579,High
2785,1,1,0.5463568,High
2786,0,0,0.34015447,Medium
2787,0,0,0.43168166,High
2788,1,0,0.31105977,Medium
2789,0,0,0.45727956,High
2790,1,1,0.63770026,Very High
2791,1,0,0.34031975,Medium
2792,0,1,0.5513597,High
2793,0,0,0.14555052,Low
2794,0,0,0.2645318,Medium
2795,1,1,0.552659,High
2796,1,1,0.564894,High
2797,0,0,0.46439055,High
2798,0,0,0.13817193,Low
2799,0,0,0.34326613,Medium
2800,0,0,0.19381009,Low
2801,0,0,0.48250106,High
2802,1,1,0.7077559,Very High
2803,1,0,0.38865733,Medium
2804,0,0,0.22266157,Medium
2805,0,0,0.3578627,Medium
2806,0,0,0.44082773,High
2807,0,0,0.304721,Medium
2808,0,0,0.40492412,High
2809,0,0,0.117828704,Low
2810,0,0,0.45617265,High
2811,0,1,0.5248436,High
2812,1,0,0.30236897,Medium
2813,0,0,0.10533101,Low
2814,0,0,0.3014116,Medium
2815,0,0,0.36814126,Medium
2816,0,0,0.31939337,Medium
2817,0,0,0.2343041,Medium
2818,1,1,0.8112785,Very High
2819,0,0,0.2009319,Medium
2820,0,0,0.38013503,Medium
2821,0,1,0.84887016,Very High
2822,1,1,0.75933605,Very High
2823,0,0,0.11281753,Low
2824,1,1,0.5078604,High
2825,1,0,0.31175083,Medium
2826,1,0,0.36714125,Medium
2827,0,0,0.11940865,Low
2828,0,0,0.1766435,Low
2829,1,0,0.47235247,High
2830,0,0,0.109378494,Low
2831,0,0,0.2787322,Medium
2832,0,0,0.37912208,Medium
2833,0,0,0.3379228,Medium
2834,0,0,0.21859881,Medium
2835,0,0,0.21919347,Medium
2836,1,1,0.8686698,Very High
2837,0,0,0.15754993,Low
2838,0,0,0.17331941,Low
2839,0,0,0.12839124,Low
2840,0,0,0.13621813,Low
2841,0,0,0.20101164,Medium
2842,0,0,0.16725808,Low
2843,0,1,0.6071021,Very High
2844,0,1,0.6426851,Very High
2845,0,0,0.20968473,Medium
2846,0,0,0.11961895,Low
2847,0,0,0.20328592,Medium
2848,0,0,0.19618754,Low
2849,0,0,0.11311375,Low
2850,0,1,0.60547256,Very High
2851,0,0,0.23826373,Medium
2852,1,1,0.87337565,Very High
2853,1,1,0.8778899,Very High
2854,0,0,0.18225841,Low
2855,1,1,0.90675753,Very High
2856,0,0,0.14249119,Low
2857,0,0,0.4393234,High
2858,0,0,0.11520291,Low
2859,1,0,0.22299455,Medium
2860,0,1,0.5256833,High
2861,1,1,0.8259946,Very High
2862,1,0,0.22843088,Medium
2863,0,0,0.42707878,High
2864,0,0,0.28406924,Medium
2865,0,1,0.91564053,Very High
2866,0,0,0.3056898,Medium
2867,0,0,0.22064814,Medium
2868,0,0,0.32042235,Medium
2869,0,0,0.27389127,Medium
2870,0,0,0.35817975,Medium
2871,0,0,0.28493136,Medium
2872,0,0,0.23672895,Medium
2873,0,0,0.36629128,Medium
2874,0,0,0.08525244,Low
2875,0,0,0.36007828,Medium
2876,0,0,0.43767196,High
2877,0,1,0.6450636,Very High
2878,0,0,0.49426255,High
2879,0,0,0.13955097,Low
2880,0,0,0.41811612,High
2881,0,0,0.1762543,Low
2882,0,0,0.26832867,Medium
2883,0,0,0.06516517,Low
2884,0,0,0.18984365,Low
2885,0,0,0.13392708,Low
2886,0,0,0.22718269,Medium
2887,0,0,0.14472994,Low
2888,0,0,0.062372632,Low
2889,0,0,0.24435256,Medium
2890,0,0,0.42493764,High
2891,0,0,0.34405145,Medium
2892,0,0,0.28259563,Medium
2893,0,0,0.083196744,Low
2894,0,1,0.66927177,Very High
2895,0,0,0.2586437,Medium
2896,1,1,0.6290555,Very High
2897,0,1,0.5670628,High
2898,0,0,0.108096585,Low
2899,1,0,0.35438627,Medium
2900,0,1,0.5564102,High
2901,0,0,0.37174436,Medium
2902,0,1,0.62713736,Very High
2903,1,0,0.34120739,Medium
2904,1,1,0.64083225,Very High
2905,0,0,0.19944434,Low
2906,0,0,0.18135788,Low
2907,0,0,0.068938345,Low
2908,1,0,0.31406894,Medium
2909,1,1,0.57901675,High
2910,0,0,0.23078342,Medium
2911,0,0,0.2736639,Medium
2912,0,0,0.27523935,Medium
2913,1,0,0.28192565,Medium
2914,0,0,0.27109426,Medium
2915,0,0,0.21547517,Medium
2916,0,0,0.4154876,High
2917,0,1,0.7442393,Very High
2918,0,0,0.37901503,Medium
2919,1,0,0.21581838,Medium
2920,0,0,0.3093146,Medium
2921,0,0,0.3608987,Medium
2922,0,0,0.23640798,Medium
2923,0,0,0.22191173,Medium
2924,1,0,0.44311553,High
2925,0,0,0.32798514,Medium
2926,0,1,0.83263016,Very High
2927,1,1,0.8919413,Very High
2928,1,0,0.4155316,High
2929,0,0,0.45036235,High
2930,0,0,0.06816214,Low
2931,0,0,0.26778606,Medium
2932,0,0,0.44644415,High
2933,0,0,0.07689975,Low
2934,0,0,0.3182768,Medium
2935,0,0,0.43701017,High
2936,1,1,0.80038,Very High
2937,0,0,0.21347211,Medium
2938,0,0,0.12678036,Low
2939,0,1,0.8658645,Very High
2940,0,0,0.10037409,Low
2941,0,0,0.32110554,Medium
2942,0,1,0.77326244,Very High
2943,1,1,0.50717735,High
2944,0,1,0.53202,High
2945,1,1,0.6223189,Very High
2946,0,0,0.28766802,Medium
2947,0,0,0.27917635,Medium
2948,1,1,0.81815064,Very High
2949,0,0,0.160731,Low
2950,0,0,0.37627554,Medium
2951,0,1,0.8546757,Very High
2952,0,0,0.29556698,Medium
2953,0,1,0.6033475,Very High
2954,0,0,0.32915246,Medium
2955,0,0,0.27237588,Medium
2956,0,0,0.102066785,Low
2957,1,0,0.28073224,Medium
2958,0,0,0.39642957,Medium
2959,0,1,0.6403619,Very High
2960,0,0,0.15879364,Low
2961,0,0,0.32972428,Medium
2962,0,0,0.14391857,Low
2963,1,0,0.49330708,High
2964,0,1,0.8512942,Very High
2965,0,0,0.25349396,Medium
2966,0,0,0.22824162,Medium
2967,0,0,0.3362057,Medium
2968,1,0,0.27308452,Medium
2969,0,0,0.35095742,Medium
2970,0,0,0.13209225,Low
2971,0,0,0.09452705,Low
2972,0,0,0.1792395,Low
2973,0,0,0.14021759,Low
2974,0,1,0.75901395,Very High
2975,0,0,0.20429051,Medium
2976,0,0,0.2479576,Medium
2977,1,0,0.25263926,Medium
2978,0,0,0.10587909,Low
2979,0,0,0.44737926,High
2980,0,0,0.2376982,Medium
2981,0,0,0.3030453,Medium
2982,0,0,0.49824724,High
2983,0,0,0.2213746,Medium
2984,0,0,0.1339671,Low
2985,0,0,0.18804531,Low
2986,0,0,0.19384097,Low
2987,0,0,0.24654695,Medium
2988,1,0,0.2631198,Medium
2989,0,0,0.12996987,Low
2990,0,0,0.17100455,Low
2991,1,1,0.74021715,Very High
2992,1,0,0.3736886,Medium
2993,0,0,0.14408842,Low
2994,1,1,0.86648256,Very High
2995,0,0,0.28486454,Medium
2996,1,0,0.36835754,Medium
2997,1,1,0.8373094,Very High
2998,0,0,0.48727915,High
2999,1,0,0.4593279,High
3000,0,0,0.3585507,Medium
3001,0,0,0.22070332,Medium
3002,0,0,0.07625779,Low
3003,1,1,0.85731715,Very High
3004,1,1,0.8359458,Very High
3005,0,1,0.834609,Very High
3006,0,0,0.13382751,Low
3007,0,0,0.2693935,Medium
3008,0,1,0.8068373,Very High
3009,0,0,0.43303588,High
3010,1,1,0.84959954,Very High
3011,0,0,0.27761567,Medium
3012,0,0,0.3238996,Medium
3013,0,0,0.23301661,Medium
3014,0,0,0.30864882,Medium
3015,0,0,0.08197505,Low
3016,1,0,0.1993029,Low
3017,0,0,0.32888922,Medium
3018,1,0,0.3581733,Medium
3019,0,1,0.9240974,Very High
3020,1,1,0.79387367,Very High
3021,1,1,0.8707993,Very High
3022,0,0,0.21379235,Medium
3023,0,1,0.54975855,High
3024,1,1,0.8914525,Very High
3025,1,0,0.48972097,High
3026,0,1,0.5356589,High
3027,1,0,0.29873323,Medium
3028,0,0,0.28630742,Medium
3029,0,0,0.15175894,Low
3030,0,0,0.1820427,Low
3031,0,0,0.1636865,Low
3032,0,0,0.48511717,High
3033,0,0,0.31564936,Medium
3034,0,1,0.75457996,Very High
3035,0,0,0.17580527,Low
3036,0,0,0.49985495,High
3037,0,0,0.27249408,Medium
3038,0,0,0.36136776,Medium
3039,0,0,0.185315,Low
3040,0,0,0.23565231,Medium
3041,1,1,0.89893657,Very High
3042,0,0,0.27640858,Medium
3043,0,0,0.2730421,Medium
3044,1,1,0.89265174,Very High
3045,0,0,0.14329918,Low
3046,0,0,0.47237515,High
3047,0,1,0.59104216,High
3048,0,0,0.2514116,Medium
3049,0,0,0.19399229,Low
3050,0,0,0.46904767,High
3051,0,0,0.08190415,Low
3052,0,0,0.20626846,Medium
3053,0,0,0.365799,Medium
3054,0,0,0.42496875,High
3055,1,1,0.529538,High
3056,0,0,0.38650185,Medium
3057,0,0,0.16963796,Low
3058,0,0,0.33906108,Medium
3059,0,0,0.28374082,Medium
3060,0,0,0.14057368,Low
3061,1,0,0.17380549,Low
3062,0,0,0.37781143,Medium
3063,0,0,0.18264623,Low
3064,0,1,0.6836667,Very High
3065,0,0,0.09945554,Low
3066,1,1,0.6594732,Very High
3067,0,0,0.3917095,Medium
3068,1,0,0.373761,Medium
3069,0,0,0.087747835,Low
3070,0,1,0.5848363,High
3071,0,0,0.055867508,Low
3072,1,0,0.31087047,Medium
3073,0,0,0.1952431,Low
3074,1,0,0.22423106,Medium
3075,0,1,0.7794361,Very High
3076,0,1,0.6695633,Very High
3077,1,0,0.33775517,Medium
3078,1,0,0.3289022,Medium
3079,0,0,0.14879337,Low
3080,0,0,0.33218983,Medium
3081,0,0,0.26939148,Medium
3082,0,0,0.10700235,Low
3083,0,0,0.16456935,Low
3084,0,0,0.24481513,Medium
3085,0,0,0.32150155,Medium
3086,0,0,0.181653,Low
3087,0,1,0.77438927,Very High
3088,0,1,0.578193,High
3089,0,1,0.5908425,High
3090,0,0,0.07587682,Low
3091,0,0,0.3733743,Medium
3092,0,0,0.08992329,Low
3093,0,0,0.41762158,High
3094,0,1,0.8159892,Very High
3095,1,0,0.39389172,Medium
3096,0,0,0.40690228,High
3097,0,0,0.11686824,Low
3098,0,0,0.12322525,Low
3099,0,0,0.3528826,Medium
3100,0,0,0.11496069,Low
3101,1,0,0.18374999,Low
3102,0,0,0.25074306,Medium
3103,0,0,0.099479124,Low
3104,1,0,0.1517719,Low
3105,0,0,0.1266368,Low
3106,0,0,0.06876313,Low
3107,0,0,0.07288461,Low
3108,0,0,0.08069992,Low
3109,0,0,0.23647644,Medium
3110,0,0,0.2111409,Medium
3111,0,0,0.25053242,Medium
3112,0,0,0.33399943,Medium
3113,0,0,0.09523327,Low
3114,0,0,0.23558858,Medium
3115,0,0,0.23093793,Medium
3116,0,1,0.51496243,High
3117,0,0,0.31288624,Medium
3118,0,0,0.29166338,Medium
3119,0,0,0.30576253,Medium
3120,0,0,0.080528274,Low
3121,0,0,0.3074069,Medium
3122,0,0,0.2493022,Medium
3123,0,0,0.102098696,Low
3124,0,0,0.3626905,Medium
3125,0,0,0.23378089,Medium
3126,0,0,0.124431774,Low
3127,0,1,0.8363432,Very High
3128,0,0,0.14217734,Low
3129,0,1,0.5904283,High
3130,0,0,0.3443484,Medium
3131,0,0,0.11462042,Low
3132,0,0,0.17713615,Low
3133,1,0,0.3780263,Medium
3134,1,0,0.17008471,Low
3135,0,0,0.10967057,Low
3136,0,0,0.2197214,Medium
3137,0,0,0.2902432,Medium
3138,0,0,0.2470352,Medium
3139,0,0,0.3995757,Medium
3140,0,0,0.2956558,Medium
3141,1,1,0.69603854,Very High
3142,0,0,0.46844283,High
3143,0,0,0.2684274,Medium
3144,1,1,0.8973741,Very High
3145,0,0,0.14910775,Low
3146,0,0,0.30299202,Medium
3147,0,0,0.25053474,Medium
3148,1,0,0.39160836,Medium
3149,0,0,0.19783849,Low
3150,0,0,0.061135083,Low
3151,1,1,0.6115665,Very High
3152,0,1,0.8727357,Very High
3153,0,0,0.043655124,Low
3154,1,1,0.80829436,Very High
3155,0,1,0.500898,High
3156,0,0,0.32114884,Medium
3157,1,1,0.7106535,Very High
3158,0,0,0.16359966,Low
3159,0,0,0.24007395,Medium
3160,0,0,0.26618826,Medium
3161,0,0,0.22624868,Medium
3162,0,0,0.35615328,Medium
3163,1,0,0.36353505,Medium
3164,0,1,0.59058416,High
3165,0,0,0.4776265,High
3166,0,0,0.45478758,High
3167,1,0,0.4741118,High
3168,0,0,0.1911986,Low
3169,0,0,0.17293634,Low
3170,0,0,0.36813983,Medium
3171,1,1,0.7410376,Very High
3172,1,0,0.3447047,Medium
3173,0,0,0.28556803,Medium
3174,0,1,0.5877368,High
3175,0,0,0.11209219,Low
3176,0,0,0.18894705,Low
3177,0,0,0.37366164,Medium
3178,0,0,0.20110412,Medium
3179,1,1,0.86255574,Very High
3180,0,0,0.072028704,Low
3181,0,0,0.4103398,High
3182,0,0,0.13616037,Low
3183,0,0,0.38495845,Medium
3184,0,0,0.19419442,Low
3185,0,0,0.31260213,Medium
3186,1,1,0.6388752,Very High
3187,0,1,0.84778345,Very High
3188,1,1,0.6947756,Very High
3189,0,0,0.18201701,Low
3190,0,0,0.434409,High
3191,0,0,0.22784802,Medium
3192,1,1,0.67156076,Very High
3193,0,0,0.155776,Low
3194,0,0,0.23664364,Medium
3195,1,1,0.7385179,Very High
3196,0,1,0.57756615,High
3197,0,0,0.20829533,Medium
3198,0,0,0.3288343,Medium
3199,0,1,0.5694674,High
3200,1,0,0.34116387,Medium
3201,1,0,0.49463233,High
3202,1,1,0.77534175,Very High
3203,0,0,0.28121352,Medium
3204,0,0,0.28903693,Medium
3205,0,0,0.11972055,Low
3206,1,1,0.57122976,High
3207,0,0,0.14877845,Low
3208,0,0,0.13762993,Low
3209,0,0,0.28512833,Medium
3210,0,0,0.16325216,Low
3211,0,1,0.6267458,Very High
3212,0,1,0.53309405,High
3213,0,0,0.1504308,Low
3214,0,0,0.13219598,Low
3215,0,0,0.49482873,High
3216,0,0,0.095923364,Low
3217,1,1,0.9060247,Very High
3218,0,0,0.07258171,Low
3219,0,1,0.5751067,High
3220,0,0,0.15486903,Low
3221,0,0,0.2197412,Medium
3222,0,0,0.14215699,Low
3223,0,1,0.6434115,Very High
3224,1,0,0.3428905,Medium
3225,0,0,0.2584051,Medium
3226,0,1,0.547314,High
3227,0,0,0.09799677,Low
3228,0,0,0.19407347,Low
3229,0,0,0.29369867,Medium
3230,0,0,0.09539385,Low
3231,1,0,0.14854245,Low
3232,0,0,0.12569092,Low
3233,0,0,0.26858938,Medium
3234,0,1,0.8774607,Very High
3235,0,1,0.56383705,High
3236,1,1,0.78590816,Very High
3237,0,0,0.20598738,Medium
3238,0,0,0.22701529,Medium
3239,0,0,0.2660403,Medium
3240,0,1,0.60295284,Very High
3241,0,0,0.37583077,Medium
3242,1,1,0.8902694,Very High
3243,1,1,0.85992897,Very High
3244,1,0,0.46522284,High
3245,0,0,0.29849306,Medium
3246,0,1,0.8757049,Very High
3247,0,1,0.5415719,High
3248,1,1,0.8419979,Very High
3249,0,0,0.18444109,Low
3250,0,0,0.3146724,Medium
3251,0,0,0.13814683,Low
3252,0,0,0.22237873,Medium
3253,0,0,0.39163154,Medium
3254,1,1,0.7616355,Very High
3255,0,0,0.42408663,High
3256,0,0,0.4218522,High
3257,1,1,0.8771375,Very High
3258,1,1,0.75073797,Very High
3259,0,0,0.059434444,Low
3260,0,0,0.34502664,Medium
3261,0,0,0.20454982,Medium
3262,0,0,0.2721071,Medium
3263,0,0,0.45459762,High
3264,0,0,0.19221477,Low
3265,1,1,0.81508666,Very High
3266,1,1,0.6168011,Very High
3267,0,0,0.21891008,Medium
3268,0,0,0.09147119,Low
3269,0,0,0.3453547,Medium
3270,0,0,0.38166496,Medium
3271,1,1,0.6004479,Very High
3272,0,0,0.1516213,Low
3273,0,0,0.38997975,Medium
3274,0,0,0.2738623,Medium
3275,0,0,0.33061394,Medium
3276,1,1,0.756179,Very High
3277,0,0,0.22326155,Medium
3278,1,1,0.57478833,High
3279,0,1,0.68325955,Very High
3280,0,0,0.07875142,Low
3281,0,0,0.28862673,Medium
3282,0,0,0.3484309,Medium
3283,0,1,0.5241352,High
3284,0,0,0.1160265,Low
3285,0,0,0.25731617,Medium
3286,0,0,0.2805206,Medium
3287,0,1,0.5161379,High
3288,1,1,0.9164298,Very High
3289,0,0,0.26703858,Medium
3290,0,1,0.5438696,High
3291,1,0,0.36984247,Medium
3292,1,1,0.8231328,Very High
3293,0,0,0.4197615,High
3294,0,0,0.29091826,Medium
3295,0,0,0.06844662,Low
3296,1,1,0.865552,Very High
3297,0,0,0.32760292,Medium
3298,0,0,0.44339684,High
3299,1,1,0.62077004,Very High
3300,1,1,0.8815845,Very High
3301,0,1,0.6559364,Very High
3302,0,0,0.33865333,Medium
3303,1,1,0.682314,Very High
3304,0,0,0.0830419,Low
3305,1,0,0.098381266,Low
3306,0,0,0.28241804,Medium
3307,0,0,0.34347734,Medium
3308,0,0,0.12948562,Low
3309,0,0,0.43304643,High
3310,0,0,0.32168466,Medium
3311,1,1,0.8317592,Very High
3312,0,0,0.13439961,Low
3313,0,0,0.13195619,Low
3314,0,0,0.2647508,Medium
3315,0,0,0.42126763,High
3316,0,0,0.10703018,Low
3317,0,0,0.08218418,Low
3318,0,0,0.19744278,Low
3319,1,1,0.8584849,Very High
3320,0,0,0.43148398,High
3321,0,0,0.19807555,Low
3322,0,0,0.49676523,High
3323,0,0,0.22263335,Medium
3324,0,0,0.38013467,Medium
3325,0,1,0.68264455,Very High
3326,1,0,0.20778084,Medium
3327,0,0,0.24546203,Medium
3328,1,0,0.10866753,Low
3329,0,0,0.12730558,Low
3330,0,0,0.4031724,High
3331,0,1,0.57654774,High
3332,0,0,0.37454104,Medium
3333,1,0,0.33349097,Medium
3334,0,0,0.17069349,Low
3335,0,0,0.25035745,Medium
3336,1,0,0.3877953,Medium
3337,1,1,0.71755624,Very High
3338,0,0,0.3709219,Medium
3339,0,1,0.7830758,Very High
3340,1,0,0.190093,Low
3341,0,0,0.16744982,Low
3342,0,0,0.22257647,Medium
3343,0,0,0.3044638,Medium
3344,1,0,0.3284799,Medium
3345,1,1,0.8526415,Very High
3346,1,1,0.50867,High
3347,1,1,0.8376959,Very High
3348,0,0,0.27286765,Medium
3349,0,1,0.85672855,Very High
3350,0,1,0.58927256,High
3351,1,1,0.7974754,Very High
3352,0,0,0.36513764,Medium
3353,0,0,0.24186555,Medium
3354,0,1,0.52120745,High
3355,0,0,0.16872308,Low
3356,0,0,0.3154241,Medium
3357,0,0,0.35229957,Medium
3358,1,0,0.43962672,High
3359,1,0,0.3982165,Medium
3360,0,0,0.47258198,High
3361,0,0,0.3790321,Medium
3362,0,0,0.3050465,Medium
3363,0,0,0.25586486,Medium
3364,1,0,0.32885268,Medium
3365,1,0,0.41228783,High
3366,1,1,0.63173985,Very High
3367,0,0,0.48043597,High
3368,1,0,0.47287726,High
3369,0,0,0.25475964,Medium
3370,0,1,0.6590034,Very High
3371,1,0,0.35411596,Medium
3372,0,0,0.15216677,Low
3373,0,0,0.09444299,Low
3374,0,0,0.44469717,High
3375,0,0,0.16745356,Low
3376,0,0,0.4434389,High
3377,0,0,0.12910834,Low
3378,0,0,0.35599822,Medium
3379,0,1,0.72482824,Very High
3380,0,0,0.22195068,Medium
3381,0,0,0.2089448,Medium
3382,0,0,0.28014007,Medium
3383,0,0,0.10171708,Low
3384,1,1,0.713767,Very High
3385,1,0,0.32776368,Medium
3386,0,0,0.15188242,Low
3387,0,0,0.1991308,Low
3388,0,0,0.30927327,Medium
3389,0,0,0.2851866,Medium
3390,0,1,0.7881294,Very High
3391,1,1,0.65429443,Very High
3392,0,0,0.31904668,Medium
3393,0,0,0.24590883,Medium
3394,0,0,0.08534394,Low
3395,0,0,0.49037158,High
3396,0,0,0.11939515,Low
3397,0,0,0.17880519,Low
3398,1,1,0.63946164,Very High
3399,0,0,0.3684343,Medium
3400,1,0,0.42015988,High
3401,0,0,0.0950068,Low
3402,0,0,0.22682877,Medium
3403,1,0,0.3584311,Medium
3404,0,0,0.33552378,Medium
3405,0,0,0.34565246,Medium
3406,0,0,0.11433322,Low
3407,0,0,0.11253565,Low
3408,0,0,0.21213412,Medium
3409,0,0,0.11464152,Low
3410,0,0,0.16984707,Low
3411,1,0,0.40464878,High
3412,0,0,0.2185982,Medium
3413,0,0,0.13019307,Low
3414,1,1,0.6533482,Very High
3415,0,0,0.14974685,Low
3416,0,0,0.2300331,Medium
3417,0,0,0.20405425,Medium
3418,0,0,0.111978225,Low
3419,0,1,0.8454542,Very High
3420,0,0,0.157366,Low
3421,0,0,0.30338243,Medium
3422,0,1,0.5616601,High
3423,0,0,0.12612131,Low
3424,1,0,0.29872268,Medium
3425,0,0,0.31552508,Medium
3426,0,0,0.2866246,Medium
3427,0,0,0.05869259,Low
3428,0,1,0.5572739,High
3429,0,0,0.3632072,Medium
3430,0,0,0.21888687,Medium
3431,1,0,0.398422,Medium
3432,0,0,0.24447796,Medium
3433,0,0,0.47960007,High
3434,0,0,0.23866679,Medium
3435,1,0,0.3823784,Medium
3436,0,0,0.49694145,High
3437,0,0,0.45003474,High
3438,0,0,0.11524305,Low
3439,0,0,0.21231233,Medium
3440,0,0,0.2723689,Medium
3441,0,0,0.1945975,Low
3442,0,1,0.5331375,High
3443,1,0,0.3928063,Medium
3444,0,0,0.2779261,Medium
3445,0,0,0.250286,Medium
3446,0,0,0.31239852,Medium
3447,1,0,0.28160268,Medium
3448,1,0,0.23319292,Medium
3449,0,0,0.21533377,Medium
3450,0,0,0.41727224,High
3451,1,0,0.36330009,Medium
3452,0,0,0.46017098,High
3453,0,0,0.32448936,Medium
3454,0,0,0.428154,High
3455,0,1,0.8385148,Very High
3456,0,0,0.2823798,Medium
3457,0,1,0.6656743,Very High
3458,1,1,0.75944877,Very High
3459,0,0,0.31001437,Medium
3460,1,0,0.26903352,Medium
3461,0,0,0.20154318,Medium
3462,0,0,0.46370322,High
3463,0,0,0.31858686,Medium
3464,0,0,0.17211927,Low
3465,0,0,0.05993134,Low
3466,0,0,0.21328552,Medium
3467,0,0,0.34283593,Medium
3468,0,0,0.24505703,Medium
3469,0,1,0.6410308,Very High
3470,0,0,0.16565782,Low
3471,1,1,0.50042146,High
3472,1,1,0.52969694,High
3473,0,0,0.21645844,Medium
3474,0,0,0.06057896,Low
3475,0,0,0.29493812,Medium
3476,0,0,0.36082053,Medium
3477,1,0,0.2758446,Medium
3478,0,0,0.13297142,Low
3479,0,0,0.10748693,Low
3480,0,0,0.09548335,Low
3481,0,0,0.39127478,Medium
3482,1,1,0.851967,Very High
3483,0,0,0.27762502,Medium
3484,1,0,0.3555773,Medium
3485,0,0,0.24938585,Medium
3486,1,1,0.84056187,Very High
3487,0,0,0.16613361,Low
3488,0,0,0.35233805,Medium
3489,0,0,0.46159914,High
3490,0,0,0.23421076,Medium
3491,1,0,0.25263768,Medium
3492,0,0,0.07923692,Low
3493,0,0,0.287938,Medium
3494,0,0,0.3136669,Medium
3495,0,1,0.8449623,Very High
3496,0,0,0.3378833,Medium
3497,0,0,0.3098501,Medium
3498,0,0,0.20500436,Medium
3499,0,0,0.34023336,Medium
3500,1,0,0.24802922,Medium
3501,1,1,0.916018,Very High
3502,0,0,0.0670768,Low
3503,0,0,0.08101504,Low
3504,1,0,0.29025942,Medium
3505,0,0,0.26236594,Medium
3506,0,0,0.18588902,Low
3507,0,0,0.12285432,Low
3508,0,0,0.28010777,Medium
3509,0,0,0.44733974,High
3510,1,1,0.8185237,Very High
3511,0,0,0.2589105,Medium
3512,0,0,0.108257726,Low
3513,1,1,0.89057374,Very High
3514,0,0,0.37439156,Medium
3515,0,0,0.09697114,Low
3516,0,0,0.4083562,High
3517,0,0,0.11778042,Low
3518,0,0,0.3719708,Medium
3519,0,0,0.27961588,Medium
3520,0,0,0.13957897,Low
3521,0,1,0.5513462,High
3522,0,0,0.083910614,Low
3523,0,0,0.18597192,Low
3524,0,0,0.34781894,Medium
3525,0,0,0.35216182,Medium
3526,0,0,0.16486612,Low
3527,0,0,0.33281246,Medium
3528,0,1,0.8140814,Very High
3529,0,0,0.18270858,Low
3530,0,1,0.6244874,Very High
3531,0,0,0.40499702,High
3532,0,0,0.42263976,High
3533,0,0,0.23255506,Medium
3534,1,0,0.3752449,Medium
3535,0,0,0.17281058,Low
3536,1,1,0.6756631,Very High
3537,0,1,0.8224893,Very High
3538,1,1,0.8927652,Very High
3539,1,0,0.19666876,Low
3540,1,1,0.8854029,Very High
3541,1,1,0.7033026,Very High
3542,0,0,0.1870271,Low
3543,0,0,0.36283967,Medium
3544,0,0,0.16015406,Low
3545,1,1,0.57376796,High
3546,0,0,0.1999542,Low
3547,0,0,0.12096631,Low
3548,0,0,0.23417206,Medium
3549,1,1,0.673006,Very High
3550,0,0,0.20225212,Medium
3551,1,1,0.8455826,Very High
3552,0,0,0.1311635,Low
3553,0,1,0.785248,Very High
3554,0,0,0.19888397,Low
3555,0,0,0.45736498,High
3556,0,0,0.20261909,Medium
3557,0,0,0.22154541,Medium
3558,0,0,0.26198313,Medium
3559,0,0,0.27667186,Medium
3560,0,0,0.3194636,Medium
3561,1,1,0.9184437,Very High
3562,1,1,0.89178133,Very High
3563,1,0,0.28685305,Medium
3564,1,1,0.84113663,Very High
3565,0,0,0.40116215,High
3566,1,0,0.4044159,High
3567,0,0,0.20698842,Medium
3568,0,1,0.71686333,Very High
3569,1,1,0.6458937,Very High
3570,0,0,0.13648361,Low
3571,0,0,0.09594133,Low
3572,0,0,0.26813108,Medium
3573,0,1,0.71009374,Very High
3574,1,1,0.61010027,Very High
3575,0,0,0.30429742,Medium
3576,0,1,0.8659364,Very High
3577,0,0,0.10071122,Low
3578,1,1,0.6145705,Very High
3579,0,0,0.3657676,Medium
3580,0,1,0.642521,Very High
3581,1,0,0.37120238,Medium
3582,0,0,0.32892737,Medium
3583,0,0,0.12265639,Low
3584,1,1,0.8979634,Very High
3585,0,0,0.11940829,Low
3586,0,1,0.58242255,High
3587,0,0,0.43351707,High
3588,0,0,0.380771,Medium
3589,0,0,0.27240065,Medium
3590,1,1,0.88547504,Very High
3591,0,0,0.46961474,High
3592,0,0,0.17890115,Low
3593,1,1,0.8626928,Very High
3594,0,1,0.8752415,Very High
3595,1,0,0.3086212,Medium
3596,0,0,0.19799975,Low
3597,1,1,0.8205594,Very High
3598,0,1,0.84935176,Very High
3599,0,0,0.4205032,High
3600,0,0,0.314186,Medium
3601,0,1,0.60567796,Very High
3602,1,1,0.5881746,High
3603,0,0,0.06413516,Low
3604,0,0,0.16870108,Low
3605,0,0,0.13625756,Low
3606,1,1,0.6988436,Very High
3607,0,0,0.11547549,Low
3608,0,0,0.4885181,High
3609,0,0,0.10793985,Low
3610,0,0,0.06592492,Low
3611,0,0,0.26121843,Medium
3612,0,0,0.07574497,Low
3613,0,0,0.4563739,High
3614,1,0,0.37857243,Medium
3615,0,0,0.13393728,Low
3616,0,0,0.3376428,Medium
3617,0,0,0.37298843,Medium
3618,0,0,0.096963815,Low
3619,1,1,0.52618927,High
3620,1,0,0.2520874,Medium
3621,0,0,0.23701528,Medium
3622,0,0,0.13786957,Low
3623,0,0,0.20508909,Medium
3624,1,0,0.25579923,Medium
3625,0,0,0.12311016,Low
3626,1,0,0.32541844,Medium
3627,0,0,0.32785386,Medium
3628,0,0,0.17568283,Low
3629,0,0,0.13637261,Low
3630,0,0,0.12073597,Low
3631,0,0,0.24545754,Medium
3632,0,0,0.0664446,Low
3633,0,0,0.34147266,Medium
3634,1,0,0.36076504,Medium
3635,0,0,0.15348084,Low
3636,0,0,0.0764456,Low
3637,0,1,0.5017711,High
3638,1,0,0.37153745,Medium
3639,0,0,0.20291577,Medium
3640,0,0,0.3215581,Medium
3641,0,1,0.8969654,Very High
3642,0,0,0.09275916,Low
3643,0,0,0.31530297,Medium
3644,1,0,0.14864406,Low
3645,0,1,0.86440545,Very High
3646,0,0,0.19340923,Low
3647,0,0,0.10759098,Low
3648,0,0,0.2675619,Medium
3649,0,0,0.39435083,Medium
3650,0,1,0.6206939,Very High
3651,0,0,0.10447606,Low
3652,0,0,0.28212962,Medium
3653,0,0,0.2837873,Medium
3654,0,0,0.25823295,Medium
3655,0,0,0.19347289,Low
3656,0,0,0.16595504,Low
3657,0,1,0.85803723,Very High
3658,0,0,0.18445452,Low
3659,0,0,0.2147863,Medium
3660,0,0,0.13157755,Low
3661,0,0,0.085006356,Low
3662,0,0,0.2497131,Medium
3663,0,0,0.26767328,Medium
3664,1,1,0.86836666,Very High
3665,0,1,0.68441635,Very High
3666,0,0,0.107765436,Low
3667,0,0,0.2057383,Medium
3668,0,0,0.1471279,Low
3669,0,1,0.5623385,High
3670,0,0,0.16618784,Low
3671,0,1,0.5881746,High
3672,0,0,0.26547274,Medium
3673,1,0,0.22735645,Medium
3674,1,1,0.8915041,Very High
3675,0,0,0.15182544,Low
3676,0,1,0.55624974,High
3677,0,0,0.23292546,Medium
3678,0,0,0.4010413,High
3679,0,0,0.2406949,Medium
3680,0,0,0.13827069,Low
3681,0,0,0.38749206,Medium
3682,1,1,0.77857804,Very High
3683,0,0,0.4160151,High
3684,0,0,0.2575066,Medium
3685,0,0,0.22910407,Medium
3686,0,0,0.08825024,Low
3687,0,1,0.8405067,Very High
3688,1,0,0.32523698,Medium
3689,0,1,0.6396736,Very High
3690,0,1,0.7073042,Very High
3691,0,0,0.24991676,Medium
3692,0,0,0.051991433,Low
3693,1,1,0.6244874,Very High
3694,0,0,0.39136675,Medium
3695,1,1,0.83489436,Very High
3696,0,0,0.4659337,High
3697,0,0,0.2724377,Medium
3698,0,1,0.52855986,High
3699,1,1,0.5975409,High
3700,0,0,0.32470354,Medium
3701,0,0,0.32219374,Medium
3702,0,0,0.19519259,Low
3703,0,0,0.32959828,Medium
3704,0,0,0.45414975,High
3705,1,0,0.48844066,High
3706,0,1,0.57688683,High
3707,0,0,0.26955202,Medium
3708,0,0,0.26731938,Medium
3709,0,0,0.06377113,Low
3710,1,0,0.31662002,Medium
3711,0,0,0.053723015,Low
3712,0,0,0.1573743,Low
3713,0,1,0.55856156,High
3714,0,1,0.67188835,Very High
3715,0,0,0.38288677,Medium
3716,0,1,0.84241235,Very High
3717,0,0,0.46749964,High
3718,0,0,0.46158716,High
3719,0,0,0.3201481,Medium
3720,0,1,0.5621665,High
3721,1,1,0.50583625,High
3722,0,0,0.4205984,High
3723,0,0,0.11685116,Low
3724,1,1,0.8035293,Very High
3725,0,0,0.3854839,Medium
3726,0,1,0.72934186,Very High
3727,0,0,0.36137438,Medium
3728,0,0,0.29330164,Medium
3729,1,1,0.66978204,Very High
3730,0,0,0.38349885,Medium
3731,0,1,0.82795024,Very High
3732,0,0,0.1083229,Low
3733,0,0,0.100745,Low
3734,0,0,0.063964434,Low
3735,0,0,0.36550382,Medium
3736,0,0,0.3450283,Medium
3737,0,0,0.045643754,Low
3738,0,0,0.16054265,Low
3739,1,1,0.59187806,High
3740,0,0,0.17894837,Low
3741,0,0,0.16634947,Low
3742,0,1,0.759983,Very High
3743,1,0,0.18963897,Low
3744,0,1,0.8662192,Very High
3745,0,0,0.059376813,Low
3746,0,0,0.20051044,Medium
3747,0,0,0.22760648,Medium
3748,0,0,0.32524577,Medium
3749,0,0,0.3250824,Medium
3750,0,0,0.15369469,Low
3751,1,0,0.2567663,Medium
3752,0,0,0.38226736,Medium
3753,0,0,0.21522282,Medium
3754,0,0,0.41486448,High
3755,0,0,0.065519184,Low
3756,0,0,0.3090489,Medium
3757,0,0,0.21863462,Medium
3758,1,0,0.37346667,Medium
3759,1,0,0.20756015,Medium
3760,0,0,0.18899229,Low
3761,0,0,0.15349843,Low
3762,0,0,0.28721035,Medium
3763,0,1,0.519149,High
3764,0,0,0.29208636,Medium
3765,0,0,0.19790749,Low
3766,0,0,0.28164512,Medium
3767,1,1,0.8941752,Very High
3768,0,0,0.3241706,Medium
3769,0,0,0.45478758,High
3770,0,0,0.086239666,Low
3771,0,0,0.31324244,Medium
3772,0,0,0.11381443,Low
3773,0,0,0.26863298,Medium
3774,0,1,0.6121522,Very High
3775,0,0,0.07024568,Low
3776,0,0,0.13532867,Low
3777,1,1,0.7014815,Very High
3778,0,1,0.5310673,High
3779,0,0,0.3063132,Medium
3780,0,0,0.21038988,Medium
3781,0,0,0.20039538,Medium
3782,0,0,0.24997163,Medium
3783,1,1,0.63541096,Very High
3784,0,0,0.33759403,Medium
3785,0,1,0.50642645,High
3786,1,1,0.79014754,Very High
3787,0,0,0.3025868,Medium
3788,0,1,0.5680225,High
3789,0,0,0.1204856,Low
3790,0,1,0.556357,High
3791,1,0,0.27955818,Medium
3792,1,0,0.1099476,Low
3793,0,0,0.24145941,Medium
3794,0,0,0.25355196,Medium
3795,0,0,0.16784613,Low
3796,0,0,0.35375613,Medium
3797,0,0,0.3218056,Medium
3798,0,0,0.33269513,Medium
3799,0,0,0.2530568,Medium
3800,0,1,0.55713,High
3801,0,0,0.38137215,Medium
3802,0,0,0.14672883,Low
3803,0,0,0.43562067,High
3804,0,1,0.56457955,High
3805,1,0,0.34834224,Medium
3806,0,1,0.6236218,Very High
3807,0,0,0.3676443,Medium
3808,0,0,0.22187051,Medium
3809,0,0,0.16787583,Low
3810,0,0,0.22641307,Medium
3811,0,0,0.23034424,Medium
3812,1,1,0.84597886,Very High
3813,0,1,0.5851273,High
3814,0,0,0.30983984,Medium
3815,0,0,0.32586405,Medium
3816,1,1,0.55715895,High
3817,1,0,0.39918232,Medium
3818,0,0,0.3375836,Medium
3819,0,0,0.44717336,High
3820,1,1,0.6785754,Very High
3821,0,0,0.47645405,High
3822,0,0,0.16708326,Low
3823,1,1,0.6992524,Very High
3824,0,0,0.17410617,Low
3825,1,1,0.58501846,High
3826,0,0,0.1275804,Low
3827,0,0,0.24379064,Medium
3828,0,0,0.337819,Medium
3829,0,0,0.35032782,Medium
3830,0,0,0.3517754,Medium
3831,0,0,0.48968795,High
3832,0,0,0.35363168,Medium
3833,1,1,0.5316537,High
3834,0,0,0.13656943,Low
3835,1,1,0.8361245,Very High
3836,0,0,0.086378686,Low
3837,1,0,0.4810551,High
3838,0,0,0.22782852,Medium
3839,0,0,0.26999682,Medium
3840,1,1,0.8666902,Very High
3841,0,0,0.24973771,Medium
3842,0,0,0.097745754,Low
3843,0,0,0.40921524,High
3844,0,0,0.18491146,Low
3845,0,0,0.24090439,Medium
3846,0,0,0.3836984,Medium
3847,0,0,0.40975407,High
3848,0,0,0.25536934,Medium
3849,0,1,0.5786683,High
3850,0,0,0.21308917,Medium
3851,1,1,0.6056617,Very High
3852,1,0,0.44222853,High
3853,1,0,0.47014856,High
3854,0,1,0.8726272,Very High
3855,0,0,0.34940588,Medium
3856,0,0,0.23839574,Medium
3857,0,0,0.10853302,Low
3858,0,0,0.42945245,High
3859,0,0,0.4451624,High
3860,1,1,0.90565926,Very High
3861,0,0,0.38781133,Medium
3862,1,0,0.33944407,Medium
3863,0,0,0.19108681,Low
3864,1,1,0.71798056,Very High
3865,0,0,0.30163178,Medium
3866,0,0,0.18523234,Low
3867,1,1,0.859193,Very High
3868,0,0,0.46893156,High
3869,1,0,0.46416402,High
3870,0,1,0.6408254,Very High
3871,1,1,0.6301363,Very High
3872,1,1,0.81449413,Very High
3873,0,1,0.899545,Very High
3874,1,1,0.6249729,Very High
3875,0,0,0.1148633,Low
3876,0,0,0.3598194,Medium
3877,0,0,0.090409234,Low
3878,0,0,0.2985199,Medium
3879,1,1,0.8959437,Very High
3880,0,0,0.28016505,Medium
3881,0,0,0.09818778,Low
3882,0,0,0.1740383,Low
3883,0,0,0.29789436,Medium
3884,0,0,0.19587812,Low
3885,1,1,0.5775242,High
3886,0,0,0.07382016,Low
3887,0,0,0.2399242,Medium
3888,0,0,0.088442326,Low
3889,0,0,0.18696548,Low
3890,0,0,0.13457057,Low
3891,0,0,0.28784084,Medium
3892,0,0,0.28359428,Medium
3893,0,0,0.2546678,Medium
3894,0,0,0.23350039,Medium
3895,0,0,0.22851932,Medium
3896,0,0,0.45817116,High
3897,0,0,0.20408174,Medium
3898,0,0,0.13283056,Low
3899,1,0,0.42113516,High
3900,0,0,0.3242092,Medium
3901,0,0,0.19959012,Low
3902,1,1,0.7301936,Very High
3903,0,0,0.3658549,Medium
3904,0,1,0.5669324,High
3905,0,1,0.5670528,High
3906,0,0,0.19125909,Low
3907,0,0,0.0804166,Low
3908,1,1,0.6936346,Very High
3909,0,0,0.3241054,Medium
3910,1,1,0.60888743,Very High
3911,1,1,0.5591788,High
3912,0,1,0.558248,High
3913,0,0,0.31269088,Medium
3914,0,0,0.11675858,Low
3915,0,0,0.2436085,Medium
3916,0,0,0.16184402,Low
3917,1,1,0.82511455,Very High
3918,1,0,0.29107845,Medium
3919,1,0,0.1583948,Low
3920,0,0,0.40969607,High
3921,1,0,0.36733437,Medium
3922,0,0,0.15337382,Low
3923,0,0,0.32713225,Medium
3924,0,0,0.18526082,Low
3925,0,0,0.12991592,Low
3926,0,0,0.38344535,Medium
3927,0,0,0.3587333,Medium
3928,1,0,0.24579811,Medium
3929,0,0,0.109019734,Low
3930,0,0,0.24462876,Medium
3931,0,0,0.28074345,Medium
3932,1,1,0.5156368,High
3933,0,0,0.120913655,Low
3934,0,0,0.41362214,High
3935,0,0,0.2758586,Medium
3936,0,1,0.8942956,Very High
3937,0,0,0.35604608,Medium
3938,0,1,0.70049673,Very High
3939,0,0,0.1332307,Low
3940,0,0,0.14827429,Low
3941,0,0,0.10337978,Low
3942,1,0,0.34238073,Medium
3943,0,1,0.8272607,Very High
3944,0,0,0.17799361,Low
3945,0,0,0.34520203,Medium
3946,1,0,0.4939044,High
3947,0,0,0.39894786,Medium
3948,0,1,0.5855648,High
3949,0,0,0.44686162,High
3950,0,0,0.38429642,Medium
3951,0,1,0.84754395,Very High
3952,0,0,0.21991554,Medium
3953,0,0,0.14878543,Low
3954,0,0,0.15679266,Low
3955,0,0,0.12029692,Low
3956,0,0,0.08086243,Low
3957,0,0,0.07331726,Low
3958,0,0,0.37108457,Medium
3959,1,1,0.6030844,Very High
3960,0,1,0.6292514,Very High
3961,0,1,0.5740301,High
3962,0,0,0.25125962,Medium
3963,1,0,0.45977432,High
3964,1,1,0.8861833,Very High
3965,0,0,0.29134032,Medium
3966,0,0,0.1291983,Low
3967,0,1,0.58382607,High
3968,0,1,0.558757,High
3969,0,0,0.3057703,Medium
3970,0,0,0.19436347,Low
3971,0,0,0.18228164,Low
3972,1,1,0.8844686,Very High
3973,0,0,0.14840199,Low
3974,0,0,0.16925487,Low
3975,0,0,0.09432107,Low
3976,0,0,0.16114698,Low
3977,0,1,0.80578053,Very High
3978,0,0,0.18910202,Low
3979,0,0,0.3768178,Medium
3980,0,0,0.1342011,Low
3981,1,0,0.1125834,Low
3982,0,0,0.44131884,High
3983,0,0,0.3174575,Medium
3984,0,0,0.40212256,High
3985,0,0,0.08972054,Low
3986,1,0,0.3359091,Medium
3987,0,0,0.20064731,Medium
3988,0,0,0.15261523,Low
3989,0,0,0.26020083,Medium
3990,1,0,0.31884027,Medium
3991,1,1,0.71987116,Very High
3992,0,0,0.17313908,Low
3993,1,1,0.880169,Very High
3994,1,0,0.33839333,Medium
3995,0,0,0.26660892,Medium
3996,0,0,0.3672696,Medium
3997,1,0,0.3116799,Medium
3998,0,0,0.26052427,Medium
3999,1,1,0.9092523,Very High
4000,1,0,0.39709783,Medium
4001,0,1,0.7572228,Very High
4002,1,0,0.34074274,Medium
4003,1,0,0.33504,Medium
4004,0,0,0.3203496,Medium
4005,0,0,0.28710523,Medium
4006,0,0,0.23750056,Medium
4007,1,1,0.8949475,Very High
4008,0,0,0.42766255,High
4009,0,1,0.55691606,High
4010,0,0,0.3252169,Medium
4011,0,0,0.15086211,Low
4012,0,0,0.32782438,Medium
4013,0,0,0.15444778,Low
4014,1,1,0.82411426,Very High
4015,0,0,0.21748286,Medium
4016,1,1,0.83565116,Very High
4017,0,0,0.27683342,Medium
4018,0,0,0.2840656,Medium
4019,1,1,0.61772484,Very High
4020,1,1,0.8827223,Very High
4021,0,0,0.32474485,Medium
4022,0,0,0.48434895,High
4023,0,0,0.18611313,Low
4024,0,0,0.20408347,Medium
4025,0,0,0.36644673,Medium
4026,0,0,0.043966386,Low
4027,0,0,0.23743922,Medium
4028,0,1,0.8331587,Very High
4029,0,0,0.21312906,Medium
4030,1,0,0.43134955,High
4031,0,0,0.23527896,Medium
4032,0,0,0.41713166,High
4033,0,0,0.19219176,Low
4034,0,0,0.099240124,Low
4035,0,1,0.59724724,High
4036,0,0,0.14076068,Low
4037,1,1,0.6742677,Very High
4038,0,0,0.16445017,Low
4039,0,0,0.3354336,Medium
4040,0,1,0.8536054,Very High
4041,0,0,0.3831019,Medium
4042,0,1,0.7990094,Very High
4043,0,0,0.23904394,Medium
4044,1,0,0.33255526,Medium
4045,0,0,0.16324088,Low
4046,0,0,0.27299237,Medium
4047,0,0,0.38507566,Medium
4048,1,1,0.84006,Very High
4049,1,0,0.46177405,High
4050,0,0,0.41463843,High
4051,0,0,0.2344423,Medium
4052,0,0,0.12404077,Low
4053,0,0,0.47921327,High
4054,1,0,0.33025265,Medium
4055,0,0,0.41790298,High
4056,0,0,0.17104185,Low
4057,0,0,0.4646133,High
4058,0,0,0.4513997,High
4059,0,0,0.2194779,Medium
4060,0,0,0.20863925,Medium
4061,0,0,0.05003442,Low
4062,0,0,0.43180156,High
4063,0,0,0.34211054,Medium
4064,1,1,0.55327725,High
4065,1,1,0.85581684,Very High
4066,0,1,0.689861,Very High
4067,0,0,0.14215676,Low
4068,1,0,0.247892,Medium
4069,1,0,0.43866572,High
4070,0,1,0.5283968,High
4071,0,0,0.24515988,Medium
4072,0,0,0.19529334,Low
4073,0,0,0.13942528,Low
4074,0,0,0.15005328,Low
4075,0,0,0.2725604,Medium
4076,1,0,0.3355115,Medium
4077,0,1,0.7424569,Very High
4078,1,1,0.84001505,Very High
4079,0,0,0.3874431,Medium
4080,0,0,0.19087037,Low
4081,0,0,0.1495469,Low
4082,0,0,0.13725986,Low
4083,0,0,0.38669363,Medium
4084,0,0,0.3996791,Medium
4085,0,1,0.6698535,Very High
4086,0,0,0.25429517,Medium
4087,0,1,0.70396173,Very High
4088,0,0,0.33180338,Medium
4089,0,0,0.2843065,Medium
4090,1,1,0.5680225,High
4091,0,0,0.28716093,Medium
4092,1,0,0.40389708,High
4093,0,1,0.8427331,Very High
4094,1,1,0.7378918,Very High
4095,0,0,0.22114998,Medium
4096,0,1,0.5201539,High
4097,0,0,0.43136337,High
4098,0,0,0.2575382,Medium
4099,1,1,0.8727958,Very High
4100,0,0,0.14051813,Low
4101,1,0,0.34849346,Medium
4102,0,0,0.23400874,Medium
4103,1,0,0.43213797,High
4104,0,0,0.21360223,Medium
4105,1,1,0.82814014,Very High
4106,0,0,0.23440988,Medium
4107,0,0,0.11633459,Low
4108,1,0,0.4382129,High
4109,0,0,0.25870454,Medium
4110,0,0,0.4162633,High
4111,0,0,0.23578511,Medium
4112,0,0,0.4409933,High
4113,0,0,0.078851566,Low
4114,0,0,0.38270342,Medium
4115,0,0,0.36563808,Medium
4116,0,0,0.07684862,Low
4117,1,0,0.23256151,Medium
4118,0,0,0.22161089,Medium
4119,0,0,0.42523503,High
4120,0,0,0.19579129,Low
4121,0,0,0.24202529,Medium
4122,0,0,0.33913183,Medium
4123,0,0,0.27713695,Medium
4124,0,0,0.22424737,Medium
4125,1,1,0.73196304,Very High
4126,0,0,0.2591139,Medium
4127,0,0,0.16199799,Low
4128,1,0,0.36489803,Medium
4129,0,0,0.20381795,Medium
4130,0,0,0.36591405,Medium
4131,1,0,0.3888571,Medium
4132,0,0,0.063226044,Low
4133,0,0,0.14749667,Low
4134,1,0,0.40025383,High
4135,0,0,0.115364894,Low
4136,1,1,0.8448231,Very High
4137,0,0,0.088501334,Low
4138,0,0,0.25563765,Medium
4139,0,0,0.28392103,Medium
4140,0,0,0.26956198,Medium
4141,0,0,0.32002857,Medium
4142,0,1,0.842082,Very High
4143,0,0,0.35975343,Medium
4144,1,1,0.8255193,Very High
4145,1,0,0.3916366,Medium
4146,1,1,0.7455747,Very High
4147,0,0,0.16614458,Low
4148,1,1,0.8957647,Very High
4149,0,0,0.29579097,Medium
4150,0,0,0.32788533,Medium
4151,0,0,0.25791615,Medium
4152,0,0,0.15947886,Low
4153,0,0,0.09165266,Low
4154,0,0,0.0769649,Low
4155,0,0,0.4455782,High
4156,0,1,0.6419989,Very High
4157,0,0,0.24955429,Medium
4158,0,0,0.16309881,Low
4159,0,0,0.3374964,Medium
4160,0,0,0.102661416,Low
4161,0,1,0.81852657,Very High
4162,1,1,0.6964693,Very High
4163,1,0,0.47314098,High
4164,0,0,0.22394514,Medium
4165,0,0,0.42099985,High
4166,1,1,0.6068046,Very High
4167,0,0,0.13859482,Low
4168,0,0,0.14518046,Low
4169,1,0,0.1914308,Low
4170,1,1,0.6534052,Very High
4171,0,0,0.17056388,Low
4172,0,0,0.11743793,Low
4173,0,0,0.149135,Low
4174,0,0,0.35252178,Medium
4175,1,0,0.37173954,Medium
4176,1,0,0.16290393,Low
4177,0,0,0.056707088,Low
4178,0,0,0.26206002,Medium
4179,0,0,0.06281429,Low
4180,0,0,0.10414359,Low
4181,0,0,0.20951,Medium
4182,0,0,0.16775896,Low
4183,0,0,0.22687528,Medium
4184,1,0,0.17901151,Low
4185,0,0,0.4688229,High
4186,0,0,0.41969523,High
4187,0,0,0.1595785,Low
4188,1,0,0.41063532,High
4189,1,1,0.708651,Very High
4190,0,1,0.80808556,Very High
4191,0,0,0.103872195,Low
4192,1,0,0.33788928,Medium
4193,1,1,0.90386534,Very High
4194,0,1,0.77822506,Very High
4195,0,0,0.35990268,Medium
4196,0,0,0.41919038,High
4197,1,1,0.5520099,High
4198,0,0,0.08568847,Low
4199,0,0,0.16699934,Low
4200,0,1,0.50893044,High
4201,0,0,0.38178253,Medium
4202,0,0,0.17740892,Low
4203,0,0,0.42178386,High
4204,0,0,0.12876254,Low
4205,0,0,0.33530766,Medium
4206,0,1,0.5520177,High
4207,0,0,0.3076111,Medium
4208,0,0,0.20609201,Medium
4209,0,1,0.88801116,Very High
4210,0,0,0.4698159,High
4211,0,0,0.15682311,Low
4212,0,0,0.15675116,Low
4213,0,1,0.7655875,Very High
4214,0,0,0.35405478,Medium
4215,0,0,0.16803834,Low
4216,0,0,0.17250985,Low
4217,0,0,0.4343623,High
4218,1,1,0.7440347,Very High
4219,0,0,0.27592936,Medium
4220,0,1,0.59417,High
4221,0,0,0.34528983,Medium
4222,1,0,0.36523533,Medium
4223,0,1,0.79724824,Very High
4224,0,0,0.2162862,Medium
4225,1,1,0.5814773,High
4226,0,0,0.32823464,Medium
4227,1,0,0.14893574,Low
4228,0,0,0.23361176,Medium
4229,0,0,0.09649392,Low
4230,1,1,0.6076883,Very High
4231,0,0,0.29338428,Medium
4232,0,0,0.38514215,Medium
4233,0,0,0.35010132,Medium
4234,0,0,0.33221874,Medium
4235,0,0,0.3399082,Medium
4236,1,0,0.2730571,Medium
4237,0,0,0.2444763,Medium
4238,0,1,0.560373,High
4239,0,0,0.42982873,High
4240,1,0,0.29718116,Medium
4241,0,0,0.2398798,Medium
4242,0,0,0.29796535,Medium
4243,0,0,0.47844464,High
4244,0,0,0.19951846,Low
4245,0,0,0.20190017,Medium
4246,0,0,0.12647653,Low
4247,0,0,0.4388914,High
4248,0,0,0.21339698,Medium
4249,0,1,0.90797496,Very High
4250,0,0,0.38158172,Medium
4251,0,0,0.35783792,Medium
4252,0,0,0.1336252,Low
4253,0,0,0.38146704,Medium
4254,0,0,0.38053393,Medium
4255,0,0,0.20358236,Medium
4256,0,0,0.33987156,Medium
4257,0,0,0.19913734,Low
4258,0,0,0.17282513,Low
4259,0,0,0.2117687,Medium
4260,1,1,0.61439127,Very High
4261,0,0,0.34656805,Medium
4262,0,0,0.4889549,High
4263,1,1,0.72349316,Very High
4264,1,1,0.7403395,Very High
4265,0,0,0.32668513,Medium
4266,0,0,0.08212338,Low
4267,0,0,0.28380772,Medium
4268,0,0,0.32652012,Medium
4269,0,0,0.13821319,Low
4270,1,0,0.38762578,Medium
4271,0,0,0.11436539,Low
4272,0,0,0.37805998,Medium
4273,0,1,0.63041043,Very High
4274,1,0,0.38456383,Medium
4275,0,0,0.1297806,Low
4276,1,1,0.83774525,Very High
4277,0,0,0.23424365,Medium
4278,1,0,0.33805928,Medium
4279,0,0,0.23765741,Medium
4280,0,0,0.24789768,Medium
4281,0,0,0.32976642,Medium
4282,0,0,0.43074286,High
4283,0,0,0.09904726,Low
4284,1,0,0.2156836,Medium
4285,1,0,0.24858287,Medium
4286,1,1,0.6163175,Very High
4287,0,0,0.27447012,Medium
4288,0,0,0.16688004,Low
4289,0,0,0.1708895,Low
4290,0,0,0.2549721,Medium
4291,0,0,0.35079724,Medium
4292,0,0,0.40109146,High
4293,0,0,0.35439757,Medium
4294,0,0,0.08335994,Low
4295,1,1,0.5589652,High
4296,0,1,0.50004345,High
4297,0,0,0.34873077,Medium
4298,0,0,0.28796038,Medium
4299,0,0,0.29757792,Medium
4300,0,0,0.1380713,Low
4301,1,1,0.5443913,High
4302,1,1,0.6060471,Very High
4303,0,0,0.3496493,Medium
4304,0,0,0.12808655,Low
4305,0,0,0.22590116,Medium
4306,0,0,0.3457372,Medium
4307,0,0,0.2763829,Medium
4308,0,0,0.12149805,Low
4309,0,0,0.32552314,Medium
4310,0,0,0.38303748,Medium
4311,0,0,0.3820424,Medium
4312,0,0,0.32934424,Medium
4313,0,0,0.12621082,Low
4314,0,0,0.26870483,Medium
4315,0,0,0.3349777,Medium
4316,0,0,0.4009382,High
4317,0,0,0.3598075,Medium
4318,0,0,0.29911292,Medium
4319,0,0,0.1342654,Low
4320,0,0,0.2544586,Medium
4321,1,0,0.08654881,Low
4322,0,0,0.25514263,Medium
4323,0,0,0.21580625,Medium
4324,0,1,0.82905424,Very High
4325,0,1,0.7396549,Very High
4326,0,0,0.10092415,Low
4327,0,0,0.33236784,Medium
4328,0,0,0.36214754,Medium
4329,0,0,0.3013196,Medium
4330,0,0,0.31623045,Medium
4331,0,1,0.73808837,Very High
4332,0,0,0.19728634,Low
4333,0,0,0.4603883,High
4334,0,0,0.3396295,Medium
4335,0,0,0.31395173,Medium
4336,0,0,0.49166453,High
4337,1,1,0.9120197,Very High
4338,0,0,0.21728954,Medium
4339,0,1,0.86348015,Very High
4340,0,0,0.3178402,Medium
4341,0,1,0.7831116,Very High
4342,0,0,0.35248294,Medium
4343,0,0,0.17761637,Low
4344,0,0,0.17084281,Low
4345,0,0,0.2729125,Medium
4346,0,0,0.16033708,Low
4347,0,1,0.57833016,High
4348,0,1,0.5764504,High
4349,0,0,0.4135352,High
4350,0,1,0.83459526,Very High
4351,1,0,0.41836417,High
4352,1,0,0.44394222,High
4353,0,0,0.24030106,Medium
4354,1,1,0.7337203,Very High
4355,0,0,0.44204515,High
4356,0,0,0.26774082,Medium
4357,0,0,0.25971088,Medium
4358,0,1,0.54364526,High
4359,1,0,0.45878142,High
4360,0,0,0.3579896,Medium
4361,0,0,0.109463714,Low
4362,0,0,0.31861645,Medium
4363,0,0,0.25610083,Medium
4364,0,0,0.34628356,Medium
4365,0,0,0.22922555,Medium
4366,0,0,0.2321154,Medium
4367,1,1,0.85431665,Very High
4368,0,0,0.308026,Medium
4369,1,1,0.5101479,High
4370,0,0,0.13760215,Low
4371,0,0,0.12269862,Low
4372,0,0,0.2190446,Medium
4373,1,0,0.14107777,Low
4374,0,0,0.3122353,Medium
4375,1,1,0.8097013,Very High
4376,1,1,0.6196673,Very High
4377,0,1,0.61535525,Very High
4378,1,1,0.7210036,Very High
4379,1,1,0.8911641,Very High
4380,0,0,0.48036483,High
4381,0,0,0.206027,Medium
4382,0,0,0.41205123,High
4383,1,0,0.39239654,Medium
4384,0,0,0.13059537,Low
4385,0,0,0.28775635,Medium
4386,0,0,0.30287752,Medium
4387,0,0,0.21807542,Medium
4388,1,1,0.7481927,Very High
4389,0,0,0.14058171,Low
4390,0,0,0.20502593,Medium
4391,1,0,0.4132672,High
4392,0,0,0.2232532,Medium
4393,0,0,0.40145054,High
4394,0,0,0.26529205,Medium
4395,0,0,0.10214926,Low
4396,0,0,0.37578446,Medium
4397,0,1,0.50934935,High
4398,0,0,0.1940775,Low
4399,0,0,0.08908902,Low
4400,0,0,0.12217909,Low
4401,0,1,0.57654136,High
4402,0,0,0.36405727,Medium
4403,0,1,0.73538077,Very High
4404,0,0,0.35258892,Medium
4405,1,1,0.740811,Very High
4406,0,0,0.0791796,Low
4407,0,0,0.35937715,Medium
4408,0,0,0.32218307,Medium
4409,0,1,0.53819823,High
4410,0,0,0.33220157,Medium
4411,0,0,0.16930135,Low
4412,0,0,0.3063259,Medium
4413,0,0,0.288716,Medium
4414,0,0,0.081250876,Low
4415,0,0,0.4203318,High
4416,0,1,0.5160923,High
4417,0,0,0.23906031,Medium
4418,0,0,0.15059143,Low
4419,0,0,0.21001087,Medium
4420,0,0,0.23291337,Medium
4421,0,0,0.4220578,High
4422,0,0,0.24126662,Medium
4423,0,0,0.16321987,Low
4424,0,0,0.36731753,Medium
4425,0,1,0.62165236,Very High
4426,1,0,0.25741854,Medium
4427,0,0,0.15697195,Low
4428,0,0,0.21294723,Medium
4429,0,0,0.19599806,Low
4430,0,0,0.25142133,Medium
4431,0,0,0.10700738,Low
4432,0,0,0.14078614,Low
4433,0,1,0.8522197,Very High
4434,0,0,0.30855626,Medium
4435,0,0,0.42394915,High
4436,0,0,0.33434337,Medium
4437,0,1,0.61690676,Very High
4438,0,0,0.3130988,Medium
4439,0,0,0.06620605,Low
4440,0,0,0.118823305,Low
4441,0,0,0.35772288,Medium
4442,0,0,0.3327626,Medium
4443,1,1,0.5375168,High
4444,0,0,0.123179056,Low
4445,0,1,0.7422808,Very High
4446,0,0,0.3829915,Medium
4447,0,0,0.2985934,Medium
4448,0,1,0.89980775,Very High
4449,1,0,0.37228903,Medium
4450,0,0,0.07084724,Low
4451,0,0,0.39049742,Medium
4452,1,0,0.23764347,Medium
4453,0,0,0.21140884,Medium
4454,0,0,0.3856074,Medium
4455,1,1,0.6682178,Very High
4456,0,1,0.536238,High
4457,1,0,0.43146056,High
4458,0,0,0.3545595,Medium
4459,0,0,0.24292184,Medium
4460,0,0,0.27017906,Medium
4461,0,0,0.16824631,Low
4462,1,0,0.20541987,Medium
4463,0,0,0.16154012,Low
4464,0,0,0.16777857,Low
4465,0,0,0.32264307,Medium
4466,0,1,0.8192827,Very High
4467,0,0,0.2929915,Medium
4468,0,0,0.3136807,Medium
4469,0,0,0.31265387,Medium
4470,0,0,0.17841925,Low
4471,0,1,0.89268917,Very High
4472,0,0,0.12838838,Low
4473,1,0,0.2546914,Medium
4474,0,0,0.21061723,Medium
4475,0,1,0.9084269,Very High
4476,0,0,0.24129085,Medium
4477,0,0,0.090402186,Low
4478,0,0,0.15024225,Low
4479,0,0,0.26829106,Medium
4480,0,0,0.27446482,Medium
4481,0,1,0.61673886,Very High
4482,0,0,0.13487804,Low
4483,0,0,0.1764505,Low
4484,0,0,0.22136539,Medium
4485,0,0,0.21342856,Medium
4486,0,0,0.34102005,Medium
4487,0,0,0.13240822,Low
4488,0,0,0.22487038,Medium
4489,0,0,0.2737015,Medium
4490,0,0,0.17121503,Low
4491,0,0,0.18275729,Low
4492,0,0,0.23018627,Medium
4493,1,1,0.9028103,Very High
4494,0,0,0.46957585,High
4495,1,1,0.73830706,Very High
4496,0,0,0.3281372,Medium
4497,0,1,0.6756171,Very High
4498,1,1,0.5143781,High
4499,0,0,0.1899512,Low
4500,0,0,0.22253145,Medium
4501,1,0,0.14947031,Low
4502,1,0,0.32835263,Medium
4503,1,1,0.6037026,Very High
4504,0,0,0.35522377,Medium
4505,0,1,0.58344054,High
4506,0,1,0.8650991,Very High
4507,0,0,0.114878476,Low
4508,1,1,0.81922394,Very High
4509,0,0,0.40505117,High
4510,0,1,0.82608867,Very High
4511,0,0,0.4428152,High
4512,0,0,0.27448168,Medium
4513,0,0,0.15070881,Low
4514,0,0,0.1121876,Low
4515,1,0,0.3001033,Medium
4516,0,0,0.16531129,Low
4517,0,0,0.38533452,Medium
4518,1,0,0.43727052,High
4519,0,0,0.18974179,Low
4520,0,0,0.12022772,Low
4521,0,0,0.36888933,Medium
4522,0,0,0.3528705,Medium
4523,0,1,0.7749199,Very High
4524,0,0,0.22329658,Medium
4525,0,0,0.1167811,Low
4526,0,0,0.21355644,Medium
4527,1,0,0.13485524,Low
4528,1,1,0.6953891,Very High
4529,0,1,0.55064195,High
4530,0,0,0.2735056,Medium
4531,1,0,0.14235936,Low
4532,0,0,0.35313484,Medium
4533,0,0,0.39389324,Medium
4534,0,0,0.07177036,Low
4535,0,0,0.37846977,Medium
4536,1,1,0.5792175,High
4537,0,0,0.150163,Low
4538,0,1,0.5724061,High
4539,0,0,0.4322817,High
4540,0,0,0.22162862,Medium
4541,0,0,0.20109008,Medium
4542,0,0,0.3275594,Medium
4543,0,1,0.874981,Very High
4544,0,1,0.5422886,High
4545,0,0,0.32250643,Medium
4546,0,0,0.34825042,Medium
4547,1,1,0.8395222,Very High
4548,0,0,0.078084074,Low
4549,0,0,0.10315149,Low
4550,0,0,0.11559213,Low
4551,1,1,0.8736368,Very High
4552,0,0,0.28144872,Medium
4553,0,0,0.17769341,Low
4554,0,0,0.16947863,Low
4555,1,1,0.5337838,High
4556,1,1,0.8312967,Very High
4557,0,1,0.58156914,High
4558,0,0,0.30541283,Medium
4559,1,0,0.42261928,High
4560,0,0,0.28725934,Medium
4561,1,0,0.35333964,Medium
4562,0,0,0.26540285,Medium
4563,0,0,0.19351919,Low
4564,0,0,0.14740859,Low
4565,0,0,0.16781199,Low
4566,1,0,0.35131428,Medium
4567,0,0,0.28735355,Medium
4568,0,0,0.119289644,Low
4569,0,0,0.3277922,Medium
4570,1,1,0.9165603,Very High
4571,0,0,0.24094638,Medium
4572,0,0,0.112838194,Low
4573,1,1,0.9255629,Very High
4574,0,0,0.06608842,Low
4575,1,0,0.44205612,High
4576,0,0,0.14655665,Low
4577,0,0,0.42179108,High
4578,0,0,0.33493966,Medium
4579,1,1,0.54530734,High
4580,1,1,0.76543343,Very High
4581,0,0,0.20081197,Medium
4582,1,0,0.41974866,High
4583,0,1,0.6854848,Very High
4584,1,1,0.9233979,Very High
4585,0,0,0.36549848,Medium
4586,0,1,0.5333744,High
4587,0,0,0.36242688,Medium
4588,0,0,0.17791405,Low
4589,1,1,0.85769343,Very High
4590,0,0,0.12281851,Low
4591,1,0,0.48925975,High
4592,0,0,0.32572934,Medium
4593,1,1,0.87312603,Very High
4594,0,1,0.5835509,High
4595,1,1,0.5430264,High
4596,0,0,0.18542163,Low
4597,1,0,0.3801543,Medium
4598,0,0,0.25006506,Medium
4599,1,1,0.6408246,Very High
4600,0,0,0.093775205,Low
4601,0,0,0.268315,Medium
4602,0,0,0.3458437,Medium
4603,0,0,0.27854457,Medium
4604,0,0,0.13183397,Low
4605,0,0,0.32324544,Medium
4606,0,0,0.18437368,Low
4607,1,0,0.3556956,Medium
4608,0,0,0.23816901,Medium
4609,0,1,0.88570166,Very High
4610,0,0,0.2553512,Medium
4611,0,0,0.4441031,High
4612,0,0,0.45510736,High
4613,0,0,0.29946196,Medium
4614,0,0,0.33399847,Medium
4615,1,0,0.21546067,Medium
4616,1,1,0.8207765,Very High
4617,0,0,0.21629837,Medium
4618,0,1,0.77738893,Very High
4619,0,0,0.23244041,Medium
4620,0,0,0.14960104,Low
4621,0,0,0.33759892,Medium
4622,0,0,0.49592042,High
4623,0,0,0.29066497,Medium
4624,0,0,0.38946092,Medium
4625,0,0,0.33202854,Medium
4626,0,0,0.09084385,Low
4627,0,0,0.3355223,Medium
4628,0,0,0.4704512,High
4629,1,1,0.6094813,Very High
4630,0,0,0.08237546,Low
4631,1,1,0.7468385,Very High
4632,0,0,0.33215168,Medium
4633,0,0,0.37622947,Medium
4634,0,0,0.29474247,Medium
4635,0,0,0.330457,Medium
4636,0,0,0.17712362,Low
4637,1,0,0.3368835,Medium
4638,0,0,0.33887976,Medium
4639,0,0,0.28512838,Medium
4640,0,1,0.55703014,High
4641,0,1,0.87157476,Very High
4642,0,0,0.2997032,Medium
4643,0,0,0.2275966,Medium
4644,0,0,0.12796311,Low
4645,0,0,0.18608728,Low
4646,0,0,0.077528924,Low
4647,0,0,0.19110717,Low
4648,0,0,0.20462272,Medium
4649,1,1,0.5699279,High
4650,0,0,0.43864426,High
4651,0,0,0.30071372,Medium
4652,1,1,0.5225982,High
4653,0,0,0.21214557,Medium
4654,0,1,0.8699908,Very High
4655,0,0,0.336783,Medium
4656,0,0,0.356244,Medium
4657,0,0,0.24565795,Medium
4658,0,0,0.2914815,Medium
4659,0,0,0.17222704,Low
4660,1,1,0.8989877,Very High
4661,0,0,0.3060287,Medium
4662,0,0,0.1305579,Low
4663,0,0,0.24504933,Medium
4664,0,0,0.3317837,Medium
4665,0,0,0.16322309,Low
4666,0,0,0.07215427,Low
4667,0,0,0.29335803,Medium
4668,0,0,0.46143806,High
4669,0,0,0.24184956,Medium
4670,1,0,0.45756465,High
4671,1,0,0.21187094,Medium
4672,0,0,0.1607536,Low
4673,0,0,0.23249176,Medium
4674,1,1,0.8774129,Very High
4675,1,1,0.90009207,Very High
4676,0,0,0.26426584,Medium
4677,0,0,0.10256352,Low
4678,0,0,0.2595271,Medium
4679,0,0,0.26387167,Medium
4680,1,1,0.84548205,Very High
4681,0,0,0.26457858,Medium
4682,0,0,0.24856731,Medium
4683,0,0,0.162077,Low
4684,0,0,0.25810507,Medium
4685,0,1,0.5478091,High
4686,0,0,0.16091055,Low
4687,0,0,0.30747494,Medium
4688,0,0,0.16441335,Low
4689,1,1,0.8414627,Very High
4690,0,1,0.69849104,Very High
4691,1,1,0.8530422,Very High
4692,0,0,0.36037052,Medium
4693,0,0,0.15682422,Low
4694,1,0,0.35026398,Medium
4695,0,0,0.2627367,Medium
4696,0,0,0.35106188,Medium
4697,0,0,0.1814328,Low
4698,1,1,0.8747787,Very High
4699,0,0,0.3607137,Medium
4700,0,0,0.23661795,Medium
4701,0,1,0.8568583,Very High
4702,0,0,0.1105695,Low
4703,1,0,0.42183346,High
4704,1,1,0.82073134,Very High
4705,1,1,0.5401129,High
4706,0,0,0.32812858,Medium
4707,0,0,0.3793381,Medium
4708,1,1,0.8004593,Very High
4709,0,0,0.36537978,Medium
4710,0,0,0.11813467,Low
4711,0,0,0.16157612,Low
4712,0,0,0.25545084,Medium
4713,0,0,0.27142775,Medium
4714,0,1,0.6928128,Very High
4715,0,0,0.18664077,Low
4716,0,0,0.18423952,Low
4717,0,0,0.23447643,Medium
4718,0,0,0.3213531,Medium
4719,1,0,0.1341568,Low
4720,0,1,0.8539905,Very High
4721,0,0,0.16117583,Low
4722,0,0,0.1298177,Low
4723,1,1,0.84417355,Very High
4724,0,0,0.27427077,Medium
4725,0,0,0.48788473,High
4726,0,0,0.20540775,Medium
4727,1,0,0.2975908,Medium
4728,1,0,0.30112714,Medium
4729,1,1,0.6396951,Very High
4730,0,0,0.2892348,Medium
4731,0,0,0.092376426,Low
4732,0,1,0.6140084,Very High
4733,0,0,0.36967263,Medium
4734,0,0,0.19074614,Low
4735,0,0,0.06124203,Low
4736,0,0,0.06243453,Low
4737,0,0,0.103348136,Low
4738,0,0,0.26565614,Medium
4739,1,1,0.8200186,Very High
4740,0,0,0.43401,High
4741,0,1,0.7327991,Very High
4742,0,0,0.15416075,Low
4743,1,1,0.55947167,High
4744,0,0,0.082275614,Low
4745,0,0,0.32381287,Medium
4746,0,1,0.6573446,Very High
4747,0,1,0.7351022,Very High
4748,0,1,0.553643,High
4749,0,0,0.38281968,Medium
4750,0,0,0.32292008,Medium
4751,1,0,0.31280398,Medium
4752,0,0,0.21083963,Medium
4753,1,1,0.7816646,Very High
4754,0,0,0.40719363,High
4755,0,0,0.10295665,Low
4756,0,0,0.472431,High
4757,0,0,0.14711429,Low
4758,1,0,0.44825605,High
4759,0,0,0.086200126,Low
4760,0,0,0.32384253,Medium
4761,0,0,0.20388463,Medium
4762,0,0,0.22248212,Medium
4763,1,1,0.81517196,Very High
4764,0,0,0.22132634,Medium
4765,0,1,0.8122126,Very High
4766,0,0,0.045653105,Low
4767,0,0,0.16811895,Low
4768,1,1,0.6434073,Very High
4769,0,0,0.3024035,Medium
4770,1,1,0.81218034,Very High
4771,0,0,0.35790014,Medium
4772,0,0,0.25451347,Medium
4773,0,0,0.28982502,Medium
4774,0,0,0.21352527,Medium
4775,1,1,0.9031705,Very High
4776,0,0,0.24885437,Medium
4777,0,0,0.26468447,Medium
4778,1,1,0.613904,Very High
4779,0,0,0.33310258,Medium
4780,0,0,0.2838921,Medium
4781,0,0,0.28141022,Medium
4782,0,0,0.29273802,Medium
4783,0,1,0.5670628,High
4784,0,0,0.27751687,Medium
4785,1,0,0.3196104,Medium
4786,0,0,0.19193995,Low
4787,1,0,0.4730502,High
4788,0,0,0.12708554,Low
4789,0,1,0.8329831,Very High
4790,0,1,0.66427296,Very High
4791,1,1,0.8332396,Very High
4792,1,1,0.6029166,Very High
4793,0,0,0.3458117,Medium
4794,0,0,0.08438077,Low
4795,0,0,0.14871506,Low
4796,0,0,0.39317206,Medium
4797,0,0,0.19249739,Low
4798,0,0,0.11209617,Low
4799,0,0,0.20824577,Medium
4800,0,0,0.33774614,Medium
4801,0,0,0.32547984,Medium
4802,1,1,0.8453738,Very High
4803,0,0,0.3208993,Medium
4804,1,1,0.86746675,Very High
4805,0,0,0.24370661,Medium
4806,0,0,0.11289289,Low
4807,0,0,0.25781697,Medium
4808,0,0,0.13320653,Low
4809,0,0,0.11574458,Low
4810,0,0,0.197624,Low
4811,0,0,0.078326225,Low
4812,1,0,0.35467583,Medium
4813,1,1,0.54803604,High
4814,0,0,0.11757627,Low
4815,0,0,0.43547848,High
4816,0,0,0.3383933,Medium
4817,0,0,0.2940715,Medium
4818,0,0,0.14989203,Low
4819,0,0,0.118242055,Low
4820,0,0,0.3211443,Medium
4821,0,0,0.26874453,Medium
4822,0,0,0.3762811,Medium
4823,0,0,0.17834859,Low
4824,0,0,0.20291376,Medium
4825,0,0,0.2323537,Medium
4826,0,0,0.28309628,Medium
4827,0,0,0.39871567,Medium
4828,0,0,0.2996447,Medium
4829,0,0,0.08916013,Low
4830,0,0,0.43287176,High
4831,0,0,0.1764535,Low
4832,1,0,0.16121352,Low
4833,0,0,0.40904304,High
4834,0,0,0.28092003,Medium
4835,0,0,0.12795527,Low
4836,0,0,0.22572534,Medium
4837,0,0,0.21340176,Medium
4838,0,0,0.20188387,Medium
4839,1,1,0.9058154,Very High
4840,0,0,0.3134967,Medium
4841,1,1,0.86150306,Very High
4842,0,0,0.23008439,Medium
4843,0,0,0.10463949,Low
4844,0,1,0.81637806,Very High
4845,0,0,0.114058346,Low
4846,1,0,0.3546868,Medium
4847,0,0,0.34572557,Medium
4848,0,1,0.6989285,Very High
4849,0,0,0.1822072,Low
4850,0,0,0.34525654,Medium
4851,0,0,0.21217337,Medium
4852,1,1,0.6761246,Very High
4853,1,1,0.58175206,High
4854,1,0,0.2951841,Medium
4855,0,0,0.11016288,Low
4856,1,0,0.2988984,Medium
4857,0,0,0.31456637,Medium
4858,1,1,0.68483543,Very High
4859,0,0,0.33864868,Medium
4860,0,0,0.08534951,Low
4861,1,1,0.89630276,Very High
4862,0,0,0.24580878,Medium
4863,1,1,0.8341259,Very High
4864,1,0,0.24729091,Medium
4865,0,1,0.53240114,High
4866,0,0,0.063106485,Low
4867,1,1,0.91542023,Very High
4868,0,0,0.21481864,Medium
4869,1,0,0.35640642,Medium
4870,0,0,0.096114025,Low
4871,1,0,0.2773141,Medium
4872,0,0,0.22973925,Medium
4873,0,0,0.3409696,Medium
4874,0,0,0.2204554,Medium
4875,0,0,0.26267788,Medium
4876,0,1,0.7215418,Very High
4877,0,0,0.34507138,Medium
4878,0,0,0.20354205,Medium
4879,0,0,0.3920188,Medium
4880,1,0,0.24062043,Medium
4881,0,0,0.10173463,Low
4882,0,0,0.2026081,Medium
4883,1,1,0.8866018,Very High
4884,1,1,0.8114648,Very High
4885,1,1,0.5691987,High
4886,0,0,0.22809501,Medium
4887,0,0,0.169249,Low
4888,0,0,0.20843077,Medium
4889,0,0,0.36970103,Medium
4890,0,0,0.2767431,Medium
4891,0,0,0.27892542,Medium
4892,0,0,0.26363736,Medium
4893,0,0,0.34752378,Medium
4894,1,1,0.87501395,Very High
4895,0,0,0.4621239,High
4896,0,0,0.28562298,Medium
4897,0,0,0.18003972,Low
4898,0,0,0.23459955,Medium
4899,1,0,0.13013814,Low
4900,0,0,0.19409373,Low
4901,1,0,0.40579,High
4902,0,1,0.5452953,High
4903,1,1,0.8608836,Very High
4904,0,0,0.12579103,Low
4905,0,0,0.44711065,High
4906,0,0,0.37850624,Medium
4907,0,1,0.5678326,High
4908,0,0,0.35037225,Medium
4909,0,0,0.19898742,Low
4910,1,1,0.8685615,Very High
4911,0,1,0.7137144,Very High
4912,0,0,0.13220997,Low
4913,0,0,0.47163248,High
4914,0,1,0.528276,High
4915,0,1,0.8480423,Very High
4916,0,1,0.51078707,High
4917,0,1,0.5371482,High
4918,1,1,0.8326825,Very High
4919,0,0,0.05393901,Low
4920,0,1,0.6194643,Very High
4921,0,0,0.4377146,High
4922,0,1,0.58628803,High
4923,0,0,0.34423745,Medium
4924,0,1,0.55554736,High
4925,1,1,0.88284904,Very High
4926,0,0,0.49925342,High
4927,0,1,0.580779,High
4928,1,0,0.4265928,High
4929,0,1,0.5801822,High
4930,0,0,0.15288563,Low
4931,0,0,0.26039594,Medium
4932,1,1,0.7818104,Very High
4933,0,0,0.3715081,Medium
4934,0,0,0.070547074,Low
4935,0,1,0.8264863,Very High
4936,0,0,0.20057477,Medium
4937,0,0,0.44525445,High
4938,0,0,0.22396669,Medium
4939,0,0,0.37651202,Medium
4940,0,0,0.1292964,Low
4941,0,0,0.23986278,Medium
4942,0,0,0.235237,Medium
4943,0,0,0.20302184,Medium
4944,0,0,0.21529625,Medium
4945,0,0,0.15449588,Low
4946,1,0,0.24958667,Medium
4947,1,0,0.34735346,Medium
4948,0,0,0.1298589,Low
4949,0,0,0.35082862,Medium
4950,0,0,0.34157866,Medium
4951,0,0,0.27093008,Medium
4952,0,1,0.6228088,Very High
4953,1,0,0.3494876,Medium
4954,0,0,0.4749804,High
4955,0,0,0.16856503,Low
4956,1,0,0.3027504,Medium
4957,1,0,0.07301486,Low
4958,1,0,0.32808092,Medium
4959,1,1,0.82463735,Very High
4960,0,0,0.13592236,Low
4961,0,0,0.20684762,Medium
4962,0,0,0.26609477,Medium
4963,0,0,0.37667683,Medium
4964,0,0,0.13465285,Low
4965,0,0,0.14322509,Low
4966,0,0,0.39741668,Medium
4967,0,0,0.35307398,Medium
4968,1,0,0.32366392,Medium
4969,0,0,0.2100403,Medium
4970,0,0,0.23084942,Medium
4971,0,0,0.2822528,Medium
4972,0,0,0.34127373,Medium
4973,0,0,0.32699153,Medium
4974,0,1,0.68534493,Very High
4975,0,1,0.7724146,Very High
4976,0,0,0.17553882,Low
4977,0,0,0.46604848,High
4978,0,0,0.13236296,Low
4979,0,0,0.26749906,Medium
4980,0,0,0.15756068,Low
4981,0,0,0.15739702,Low
4982,1,1,0.6991832,Very High
4983,0,0,0.38799998,Medium
4984,1,0,0.286922,Medium
4985,0,0,0.08356866,Low
4986,1,1,0.8898614,Very High
4987,0,0,0.2897619,Medium
4988,0,0,0.18835838,Low
4989,1,1,0.6167579,Very High
4990,0,0,0.3595639,Medium
4991,0,1,0.58550936,High
4992,0,0,0.149594,Low
4993,1,1,0.8967172,Very High
4994,0,0,0.14438981,Low
4995,0,0,0.08842063,Low
4996,0,0,0.3630604,Medium
4997,0,0,0.06773,Low
4998,1,0,0.2556559,Medium
4999,0,0,0.2852774,Medium
5000,0,0,0.33901265,Medium
5001,0,1,0.53467923,High
5002,1,0,0.13528186,Low
5003,0,0,0.37857696,Medium
5004,0,0,0.18141896,Low
5005,0,0,0.0711098,Low
5006,0,0,0.17877392,Low
5007,0,0,0.30560696,Medium
5008,0,1,0.78660905,Very High
5009,0,0,0.15305312,Low
5010,0,0,0.32423246,Medium
5011,0,0,0.38455546,Medium
5012,1,0,0.24094984,Medium
5013,0,1,0.6996666,Very High
5014,0,0,0.35571238,Medium
5015,0,0,0.28844583,Medium
5016,0,0,0.27567247,Medium
5017,0,0,0.16337332,Low
5018,0,0,0.38040876,Medium
5019,0,0,0.22805448,Medium
5020,0,1,0.6859124,Very High
5021,0,0,0.1104303,Low
5022,0,0,0.18670854,Low
5023,0,0,0.3661756,Medium
5024,0,0,0.47314098,High
5025,0,0,0.21145919,Medium
5026,0,0,0.19385661,Low
5027,0,0,0.3476253,Medium
5028,0,0,0.36294982,Medium
5029,0,1,0.56527466,High
5030,0,0,0.14531004,Low
5031,1,0,0.13499023,Low
5032,1,1,0.90095365,Very High
5033,0,0,0.27149063,Medium
5034,0,0,0.111032315,Low
5035,1,0,0.31956974,Medium
5036,0,0,0.3560314,Medium
5037,0,0,0.43084055,High
5038,0,0,0.30508062,Medium
5039,1,0,0.2775941,Medium
5040,1,0,0.43322086,High
5041,1,0,0.37641826,Medium
5042,1,0,0.17420658,Low
5043,0,0,0.21837413,Medium
5044,0,0,0.24517438,Medium
5045,0,0,0.096738644,Low
5046,0,0,0.22212751,Medium
5047,0,0,0.08450199,Low
5048,0,0,0.124245696,Low
5049,1,1,0.8432893,Very High
5050,0,0,0.40204293,High
5051,0,0,0.3733176,Medium
5052,0,0,0.39178282,Medium
5053,0,0,0.14285864,Low
5054,0,0,0.09803938,Low
5055,0,0,0.3469991,Medium
5056,0,0,0.29502556,Medium
5057,1,1,0.9000237,Very High
5058,0,0,0.3486741,Medium
5059,0,0,0.20140642,Medium
5060,0,0,0.38605005,Medium
5061,1,1,0.88721985,Very High
5062,0,1,0.6246987,Very High
5063,0,0,0.32516062,Medium
5064,0,0,0.24448507,Medium
5065,1,1,0.765375,Very High
5066,0,0,0.43524235,High
5067,0,0,0.27000135,Medium
5068,1,0,0.41104668,High
5069,1,1,0.57438695,High
5070,0,0,0.26478565,Medium
5071,0,0,0.120816156,Low
5072,1,0,0.40451062,High
5073,0,0,0.26483473,Medium
5074,0,0,0.13241456,Low
5075,0,0,0.25902253,Medium
5076,1,1,0.70195,Very High
5077,0,1,0.65521127,Very High
5078,1,0,0.14941014,Low
5079,1,1,0.8272371,Very High
5080,0,1,0.87396044,Very High
5081,1,1,0.6236415,Very High
5082,0,0,0.33796418,Medium
5083,0,0,0.2922038,Medium
5084,0,0,0.43463543,High
5085,1,1,0.90786093,Very High
5086,1,0,0.35641205,Medium
5087,0,0,0.19150506,Low
5088,0,0,0.24352627,Medium
5089,0,0,0.18681629,Low
5090,0,0,0.18906012,Low
5091,0,0,0.36661562,Medium
5092,0,0,0.25079778,Medium
5093,0,0,0.21270588,Medium
5094,1,1,0.570886,High
5095,0,0,0.10339684,Low
5096,0,0,0.31188777,Medium
5097,1,1,0.8155861,Very High
5098,0,0,0.3548425,Medium
5099,0,0,0.12185515,Low
5100,1,1,0.84843445,Very High
5101,0,0,0.29029214,Medium
5102,1,0,0.22221537,Medium
5103,0,1,0.5650369,High
5104,0,0,0.15878281,Low
5105,0,0,0.17934807,Low
5106,0,0,0.21429595,Medium
5107,0,0,0.092036724,Low
5108,1,0,0.39220795,Medium
5109,0,0,0.24278224,Medium
5110,0,0,0.25461715,Medium
5111,0,0,0.27045944,Medium
5112,1,1,0.5333744,High
5113,0,1,0.5618104,High
5114,1,1,0.8805316,Very High
5115,0,0,0.15183423,Low
5116,0,1,0.74188656,Very High
5117,0,1,0.84930694,Very High
5118,1,0,0.29680458,Medium
5119,0,0,0.09476633,Low
5120,0,0,0.097923405,Low
5121,0,0,0.13623144,Low
5122,1,1,0.53674287,High
5123,0,0,0.4260721,High
5124,1,1,0.525015,High
5125,0,0,0.3659504,Medium
5126,1,0,0.3932281,Medium
5127,0,0,0.435249,High
5128,0,0,0.30138177,Medium
5129,0,1,0.6952329,Very High
5130,0,0,0.14628379,Low
5131,0,0,0.3737072,Medium
5132,0,0,0.16259804,Low
5133,0,0,0.20600632,Medium
5134,0,0,0.42191008,High
5135,0,1,0.79182094,Very High
5136,1,1,0.8827253,Very High
5137,1,1,0.83234257,Very High
5138,0,0,0.14010562,Low
5139,0,0,0.124448165,Low
5140,0,0,0.17429183,Low
5141,0,0,0.3391053,Medium
5142,0,0,0.16814387,Low
5143,0,0,0.40022305,High
5144,0,0,0.45643902,High
5145,1,0,0.37125206,Medium
5146,0,0,0.2875894,Medium
5147,1,0,0.15248324,Low
5148,1,1,0.7332647,Very High
5149,1,1,0.649604,Very High
5150,1,1,0.51673305,High
5151,1,1,0.7477656,Very High
5152,1,1,0.5198852,High
5153,0,0,0.18744192,Low
5154,0,0,0.26868516,Medium
5155,0,0,0.12431678,Low
5156,0,0,0.48067582,High
5157,0,0,0.273435,Medium
5158,1,0,0.16677096,Low
5159,0,0,0.24243553,Medium
5160,0,0,0.15431501,Low
5161,0,0,0.1148902,Low
5162,1,1,0.5325289,High
5163,0,0,0.3288632,Medium
5164,1,1,0.85994685,Very High
5165,0,0,0.18466532,Low
5166,0,0,0.2549708,Medium
5167,0,0,0.34966853,Medium
5168,0,0,0.21856703,Medium
5169,0,0,0.051127248,Low
5170,1,0,0.40690163,High
5171,0,1,0.5455888,High
5172,1,1,0.9188947,Very High
5173,0,0,0.2703899,Medium
5174,0,1,0.560373,High
5175,0,0,0.26219937,Medium
5176,0,0,0.08361632,Low
5177,0,0,0.08578129,Low
5178,1,1,0.9056253,Very High
5179,0,0,0.3552752,Medium
5180,1,1,0.52961665,High
5181,1,0,0.32378042,Medium
5182,0,0,0.2453961,Medium
5183,0,0,0.10378155,Low
5184,0,0,0.34109467,Medium
5185,1,0,0.409978,High
5186,0,0,0.046501596,Low
5187,0,0,0.1731035,Low
5188,0,0,0.2899731,Medium
5189,0,1,0.8582107,Very High
5190,0,0,0.33872208,Medium
5191,0,0,0.49483985,High
5192,1,1,0.5094555,High
5193,0,0,0.3960123,Medium
5194,1,1,0.7546362,Very High
5195,0,0,0.11859091,Low
5196,0,0,0.29220238,Medium
5197,0,0,0.18765491,Low
5198,0,0,0.32463223,Medium
5199,0,1,0.5811889,High
5200,0,1,0.6201117,Very High
5201,1,0,0.29706016,Medium
5202,0,0,0.21005522,Medium
5203,0,1,0.85013604,Very High
5204,0,0,0.067701,Low
5205,0,0,0.18544589,Low
5206,0,0,0.334209,Medium
5207,0,0,0.13544685,Low
5208,0,0,0.2533451,Medium
5209,0,0,0.41849023,High
5210,0,0,0.43922135,High
5211,1,1,0.6292502,Very High
5212,0,1,0.7848317,Very High
5213,0,0,0.42397982,High
5214,0,0,0.18705134,Low
5215,0,0,0.32728446,Medium
5216,0,0,0.12864302,Low
5217,0,0,0.30138597,Medium
5218,0,0,0.40127423,High
5219,1,1,0.8312812,Very High
5220,1,0,0.4520328,High
5221,0,0,0.29988706,Medium
5222,1,0,0.3168142,Medium
5223,0,0,0.16816115,Low
5224,1,1,0.82841384,Very High
5225,0,1,0.8547845,Very High
5226,0,0,0.40876004,High
5227,0,0,0.33148846,Medium
5228,0,0,0.23563178,Medium
5229,1,0,0.15795775,Low
5230,0,0,0.085325524,Low
5231,0,0,0.32874647,Medium
5232,0,0,0.24356097,Medium
5233,0,1,0.6164893,Very High
5234,0,1,0.7772597,Very High
5235,0,0,0.16819856,Low
5236,1,1,0.71905,Very High
5237,1,1,0.80760175,Very High
5238,0,1,0.51059794,High
5239,0,0,0.092225,Low
5240,0,0,0.27905914,Medium
5241,0,0,0.22913246,Medium
5242,0,0,0.44398537,High
5243,1,1,0.8078988,Very High
5244,0,0,0.24768168,Medium
5245,0,0,0.22629322,Medium
5246,0,0,0.38143575,Medium
5247,0,0,0.24552114,Medium
5248,0,0,0.4110102,High
5249,1,0,0.48253697,High
5250,0,0,0.12452015,Low
5251,0,0,0.45554927,High
5252,0,0,0.16516283,Low
5253,0,0,0.13927056,Low
5254,0,0,0.48758027,High
5255,1,1,0.56667525,High
5256,0,0,0.21083914,Medium
5257,0,0,0.13531868,Low
5258,0,0,0.31829238,Medium
5259,0,0,0.31262773,Medium
5260,0,0,0.24623911,Medium
5261,1,1,0.6846161,Very High
5262,0,0,0.2979957,Medium
5263,0,0,0.18715996,Low
5264,0,0,0.15229714,Low
5265,0,0,0.29400954,Medium
5266,0,0,0.10100358,Low
5267,0,0,0.24997097,Medium
5268,0,0,0.36326486,Medium
5269,0,0,0.2300423,Medium
5270,0,0,0.121427655,Low
5271,0,0,0.14200418,Low
5272,0,0,0.18762186,Low
5273,0,0,0.23051047,Medium
5274,1,1,0.6017653,Very High
5275,1,0,0.37392116,Medium
5276,0,0,0.31365013,Medium
5277,0,1,0.80373895,Very High
5278,0,0,0.10721429,Low
5279,0,0,0.29172292,Medium
5280,0,0,0.24661855,Medium
5281,0,0,0.3943479,Medium
5282,1,0,0.354425,Medium
5283,0,0,0.19682445,Low
5284,0,0,0.41304448,High
5285,1,1,0.8745955,Very High
5286,0,0,0.2798996,Medium
5287,1,0,0.13748163,Low
5288,0,0,0.11369107,Low
5289,0,0,0.3640362,Medium
5290,0,0,0.28838354,Medium
5291,0,0,0.2934039,Medium
5292,0,0,0.16911273,Low
5293,0,0,0.36749122,Medium
5294,0,0,0.37035918,Medium
5295,1,1,0.5005313,High
5296,0,0,0.08793912,Low
5297,0,0,0.19866697,Low
5298,0,0,0.33673263,Medium
5299,0,0,0.098951645,Low
5300,0,0,0.28439432,Medium
5301,0,0,0.112070166,Low
5302,0,0,0.44959813,High
5303,0,0,0.40945628,High
5304,0,0,0.23596145,Medium
5305,1,0,0.2850413,Medium
5306,0,0,0.3775334,Medium
5307,0,0,0.21447645,Medium
5308,0,0,0.10195296,Low
5309,0,0,0.16535543,Low
5310,0,0,0.30671674,Medium
5311,0,0,0.24306145,Medium
5312,0,0,0.34456837,Medium
5313,0,0,0.33790037,Medium
5314,0,1,0.64349693,Very High
5315,0,0,0.27723894,Medium
5316,0,0,0.116768554,Low
5317,1,1,0.850253,Very High
5318,1,1,0.52792895,High
5319,0,0,0.118194,Low
5320,0,1,0.5196644,High
5321,0,0,0.22081515,Medium
5322,0,0,0.4697432,High
5323,0,1,0.8456431,Very High
5324,0,1,0.53385234,High
5325,0,0,0.43965286,High
5326,0,0,0.41082343,High
5327,0,0,0.17568302,Low
5328,0,0,0.13032115,Low
5329,0,0,0.2553048,Medium
5330,0,0,0.17050214,Low
5331,0,0,0.35971805,Medium
5332,0,1,0.5417897,High
5333,0,0,0.33954898,Medium
5334,0,0,0.14047343,Low
5335,0,0,0.2581557,Medium
5336,1,0,0.23852248,Medium
5337,0,0,0.3577542,Medium
5338,1,0,0.30725467,Medium
5339,1,1,0.8763997,Very High
5340,0,1,0.82145154,Very High
5341,0,0,0.25310695,Medium
5342,0,1,0.7848171,Very High
5343,0,1,0.6420808,Very High
5344,0,1,0.59116733,High
5345,0,0,0.11784626,Low
5346,0,1,0.60109043,Very High
5347,0,0,0.148707,Low
5348,0,0,0.07160924,Low
5349,1,1,0.83440447,Very High
5350,1,1,0.6781299,Very High
5351,1,1,0.52719986,High
5352,0,0,0.14372681,Low
5353,0,1,0.72701955,Very High
5354,0,0,0.37478825,Medium
5355,0,0,0.11041133,Low
5356,0,0,0.31979045,Medium
5357,0,0,0.35918096,Medium
5358,0,0,0.24106221,Medium
5359,0,0,0.14749385,Low
5360,0,0,0.17755291,Low
5361,0,0,0.32793266,Medium
5362,0,0,0.1450485,Low
5363,0,0,0.14180279,Low
5364,0,0,0.14569928,Low
5365,0,1,0.8328157,Very High
5366,1,0,0.33546713,Medium
5367,0,1,0.59832263,High
5368,0,0,0.22375779,Medium
5369,0,0,0.36949605,Medium
5370,0,0,0.118140094,Low
5371,0,0,0.1886558,Low
5372,1,1,0.83443755,Very High
5373,0,0,0.11611865,Low
5374,0,0,0.13317406,Low
5375,0,0,0.33618867,Medium
5376,0,0,0.08860583,Low
5377,0,0,0.13795699,Low
5378,0,0,0.16373448,Low
5379,0,0,0.26084784,Medium
5380,0,0,0.26878104,Medium
5381,0,1,0.5581471,High
5382,1,0,0.34035957,Medium
5383,0,0,0.32147464,Medium
5384,1,1,0.74443406,Very High
5385,0,1,0.53240114,High
5386,0,0,0.4238283,High
5387,1,0,0.27968585,Medium
5388,1,0,0.2513541,Medium
5389,1,0,0.3559192,Medium
5390,0,0,0.103979275,Low
5391,1,1,0.8786466,Very High
5392,0,0,0.2124014,Medium
5393,1,1,0.860752,Very High
5394,0,0,0.33327594,Medium
5395,0,0,0.34799954,Medium
5396,0,0,0.21360856,Medium
5397,0,0,0.2207708,Medium
5398,0,0,0.15337276,Low
5399,1,1,0.71501154,Very High
5400,1,0,0.3077471,Medium
5401,0,0,0.091807045,Low
5402,0,0,0.12495299,Low
5403,0,0,0.31180868,Medium
5404,0,0,0.13741416,Low
5405,1,1,0.5775751,High
5406,0,0,0.36339825,Medium
5407,0,0,0.2650621,Medium
5408,0,0,0.17503035,Low
5409,0,0,0.1863268,Low
5410,0,0,0.19165064,Low
5411,0,0,0.36919183,Medium
5412,0,1,0.52413183,High
5413,0,0,0.4677979,High
5414,0,0,0.15675196,Low
5415,0,0,0.21664023,Medium
5416,0,0,0.18978857,Low
5417,0,0,0.37000188,Medium
5418,0,0,0.26474226,Medium
5419,0,0,0.29904166,Medium
5420,1,1,0.8300986,Very High
5421,0,0,0.10973215,Low
5422,0,0,0.1855395,Low
5423,1,0,0.1836845,Low
5424,0,0,0.2082563,Medium
5425,0,1,0.6031836,Very High
5426,1,0,0.41306522,High
5427,1,0,0.26339164,Medium
5428,0,0,0.38204765,Medium
5429,0,1,0.54487056,High
5430,0,0,0.22148566,Medium
5431,0,0,0.13357596,Low
5432,0,0,0.23695101,Medium
5433,0,0,0.28566104,Medium
5434,0,0,0.14954902,Low
5435,1,1,0.83087444,Very High
5436,0,0,0.20428772,Medium
5437,0,0,0.2203245,Medium
5438,0,0,0.12217617,Low
5439,0,0,0.2669154,Medium
5440,0,1,0.85800415,Very High
5441,0,0,0.3948165,Medium
5442,0,0,0.09300327,Low
5443,0,0,0.20887123,Medium
5444,0,0,0.2887086,Medium
5445,1,1,0.88924736,Very High
5446,0,0,0.33269453,Medium
5447,0,1,0.5880855,High
5448,0,0,0.14305635,Low
5449,0,0,0.3323814,Medium
5450,0,0,0.28217593,Medium
5451,0,0,0.4537913,High
5452,0,1,0.70421416,Very High
5453,1,0,0.2521304,Medium
5454,0,0,0.37226382,Medium
5455,0,0,0.45151216,High
5456,1,1,0.6565026,Very High
5457,0,0,0.19073021,Low
5458,1,1,0.87165326,Very High
5459,1,1,0.8106588,Very High
5460,0,0,0.06862869,Low
5461,0,0,0.44921768,High
5462,0,0,0.3184496,Medium
5463,0,0,0.09124787,Low
5464,0,1,0.58435196,High
5465,0,0,0.3342458,Medium
5466,0,1,0.53821844,High
5467,1,1,0.86824554,Very High
5468,0,0,0.35185125,Medium
5469,0,0,0.41152382,High
5470,0,0,0.45072186,High
5471,0,0,0.10359576,Low
5472,1,0,0.45912787,High
5473,1,1,0.78071606,Very High
5474,0,0,0.17401959,Low
5475,1,1,0.6289892,Very High
5476,0,0,0.20581415,Medium
5477,0,1,0.88105434,Very High
5478,0,0,0.23124544,Medium
5479,0,0,0.12070498,Low
5480,0,0,0.093808204,Low
5481,0,0,0.28685564,Medium
5482,0,0,0.06949853,Low
5483,0,0,0.4669225,High
5484,0,0,0.3624681,Medium
5485,0,0,0.17655487,Low
5486,1,1,0.8167652,Very High
5487,0,0,0.24520609,Medium
5488,1,1,0.8829441,Very High
5489,0,0,0.3462121,Medium
5490,0,0,0.19172959,Low
5491,0,0,0.27732244,Medium
5492,0,0,0.32460546,Medium
5493,0,0,0.3429563,Medium
5494,0,0,0.2699919,Medium
5495,0,0,0.21144277,Medium
5496,0,0,0.4957352,High
5497,0,0,0.19961558,Low
5498,0,1,0.5142209,High
5499,0,0,0.42987084,High
5500,0,0,0.08259527,Low
5501,0,0,0.20631129,Medium
5502,1,1,0.5250735,High
5503,0,0,0.15298279,Low
5504,0,0,0.2793029,Medium
5505,0,0,0.14576237,Low
5506,0,0,0.3511695,Medium
5507,0,0,0.25454506,Medium
5508,0,0,0.21219708,Medium
5509,0,0,0.22827987,Medium
5510,0,0,0.1675606,Low
5511,0,0,0.21623307,Medium
5512,0,1,0.529892,High
5513,1,1,0.89942867,Very High
5514,0,0,0.34527692,Medium
5515,0,0,0.212824,Medium
5516,1,0,0.26858085,Medium
5517,0,1,0.76699114,Very High
5518,0,0,0.114027016,Low
5519,0,0,0.15816621,Low
5520,0,0,0.4064619,High
5521,0,0,0.28354672,Medium
5522,0,0,0.26263565,Medium
5523,0,0,0.34968093,Medium
5524,0,0,0.08747306,Low
5525,0,0,0.3134531,Medium
5526,0,0,0.25228474,Medium
5527,0,0,0.102578916,Low
5528,0,0,0.36879233,Medium
5529,0,0,0.36135048,Medium
5530,0,0,0.27086154,Medium
5531,0,0,0.3499986,Medium
5532,0,0,0.38109595,Medium
5533,0,0,0.25488743,Medium
5534,1,0,0.14549716,Low
5535,1,0,0.39627805,Medium
5536,0,0,0.1070584,Low
5537,0,1,0.54295796,High
5538,0,0,0.07918352,Low
5539,1,0,0.41520742,High
5540,0,0,0.05936826,Low
5541,0,0,0.4874461,High
5542,0,1,0.59292984,High
5543,0,1,0.8224306,Very High
5544,0,0,0.45394188,High
5545,0,0,0.37779042,Medium
5546,0,0,0.3303819,Medium
5547,0,0,0.29332685,Medium
5548,0,0,0.20140763,Medium
5549,0,0,0.109147616,Low
5550,0,1,0.5666211,High
5551,0,0,0.3443038,Medium
5552,0,1,0.7147126,Very High
5553,0,0,0.25220987,Medium
5554,0,0,0.35068277,Medium
5555,0,0,0.24557091,Medium
5556,0,0,0.13048813,Low
5557,0,0,0.35425273,Medium
5558,1,1,0.82791895,Very High
5559,1,0,0.3772802,Medium
5560,0,0,0.30585468,Medium
5561,0,0,0.19447,Low
5562,1,0,0.2544651,Medium
5563,0,0,0.386827,Medium
5564,0,0,0.12930092,Low
5565,1,0,0.21531047,Medium
5566,0,0,0.26518258,Medium
5567,0,0,0.12082651,Low
5568,0,0,0.36024812,Medium
5569,0,0,0.24705301,Medium
5570,0,0,0.26390138,Medium
5571,0,0,0.14715602,Low
5572,1,1,0.886275,Very High
5573,0,0,0.22521025,Medium
5574,0,0,0.1623294,Low
5575,1,0,0.34818676,Medium
5576,0,0,0.060956307,Low
5577,1,0,0.35226157,Medium
5578,0,0,0.33519146,Medium
5579,0,0,0.16627607,Low
5580,1,1,0.76578987,Very High
5581,0,1,0.5182808,High
5582,0,0,0.16128424,Low
5583,0,0,0.30860943,Medium
5584,0,0,0.4878634,High
5585,0,0,0.33143595,Medium
5586,0,0,0.10241084,Low
5587,0,0,0.14190637,Low
5588,1,0,0.42641872,High
5589,0,0,0.2747574,Medium
5590,0,0,0.34576708,Medium
5591,0,0,0.28350076,Medium
5592,0,1,0.5163956,High
5593,0,1,0.9091998,Very High
5594,0,0,0.33108965,Medium
5595,0,0,0.46503633,High
5596,0,0,0.34451324,Medium
5597,0,0,0.07712148,Low
5598,1,0,0.30277434,Medium
5599,0,0,0.23464501,Medium
5600,0,0,0.39954022,Medium
5601,1,1,0.85396177,Very High
5602,0,0,0.43627244,High
5603,0,0,0.22400212,Medium
5604,0,0,0.12448467,Low
5605,1,0,0.4053515,High
5606,0,0,0.20306541,Medium
5607,0,1,0.50621533,High
5608,0,0,0.09680472,Low
5609,0,0,0.36565167,Medium
5610,0,0,0.31243336,Medium
5611,1,1,0.87287843,Very High
5612,0,0,0.31116343,Medium
5613,0,0,0.341539,Medium
5614,0,0,0.342917,Medium
5615,0,0,0.31753415,Medium
5616,0,0,0.05137412,Low
5617,0,0,0.3431569,Medium
5618,0,0,0.21534027,Medium
5619,0,0,0.23425852,Medium
5620,0,0,0.17431322,Low
5621,0,0,0.13408281,Low
5622,0,0,0.3906752,Medium
5623,0,0,0.31046495,Medium
5624,0,1,0.5035215,High
5625,0,0,0.23521858,Medium
5626,0,0,0.20842369,Medium
5627,1,1,0.70774186,Very High
5628,0,0,0.20878278,Medium
5629,0,1,0.82815164,Very High
5630,0,0,0.4239731,High
5631,1,0,0.44031304,High
5632,0,0,0.10878122,Low
5633,0,0,0.10660173,Low
5634,0,0,0.24732906,Medium
5635,0,0,0.072866276,Low
5636,0,0,0.108908646,Low
5637,0,0,0.41335657,High
5638,0,0,0.21435572,Medium
5639,0,1,0.5616516,High
5640,0,0,0.17586462,Low
5641,0,0,0.116848424,Low
5642,0,0,0.17039844,Low
5643,0,1,0.66932106,Very High
5644,0,0,0.30567056,Medium
5645,0,0,0.26422015,Medium
5646,1,0,0.4932696,High
5647,0,0,0.30126485,Medium
5648,1,1,0.8206325,Very High
5649,0,0,0.42460373,High
5650,0,0,0.12989256,Low
5651,0,1,0.62431043,Very High
5652,0,1,0.6625431,Very High
5653,1,0,0.1576788,Low
5654,0,0,0.32335627,Medium
5655,0,0,0.09081347,Low
5656,0,1,0.6765275,Very High
5657,0,0,0.14303064,Low
5658,0,0,0.33014962,Medium
5659,1,1,0.84165764,Very High
5660,0,0,0.26731583,Medium
5661,0,0,0.37149993,Medium
5662,0,0,0.29323706,Medium
5663,0,0,0.16612485,Low
5664,0,0,0.12088568,Low
5665,0,0,0.35977453,Medium
5666,1,0,0.3341596,Medium
5667,0,0,0.1373178,Low
5668,0,0,0.070474036,Low
5669,1,0,0.30312422,Medium
5670,1,1,0.82605255,Very High
5671,0,1,0.5452737,High
5672,0,0,0.13276319,Low
5673,0,0,0.16584277,Low
5674,0,0,0.16994938,Low
5675,1,1,0.86136806,Very High
5676,0,0,0.4243104,High
5677,0,0,0.3323742,Medium
5678,0,0,0.3519224,Medium
5679,0,0,0.13920546,Low
5680,0,1,0.5725397,High
5681,0,0,0.14815266,Low
5682,1,1,0.9112656,Very High
5683,1,1,0.85046566,Very High
5684,0,0,0.24875312,Medium
5685,0,0,0.34713665,Medium
5686,0,0,0.16968782,Low
5687,0,0,0.25796843,Medium
5688,0,0,0.08566759,Low
5689,0,0,0.10494773,Low
5690,0,0,0.37244213,Medium
5691,1,0,0.37924376,Medium
5692,0,0,0.13902843,Low
5693,1,1,0.6300086,Very High
5694,0,0,0.41432026,High
5695,1,0,0.3286627,Medium
5696,0,0,0.36057827,Medium
5697,0,0,0.13044162,Low
5698,1,1,0.5606154,High
5699,0,0,0.14206411,Low
5700,0,0,0.22812237,Medium
5701,1,0,0.35113734,Medium
5702,0,0,0.12530923,Low
5703,0,0,0.30668783,Medium
5704,0,0,0.30269358,Medium
5705,1,0,0.32946306,Medium
5706,1,0,0.157029,Low
5707,0,0,0.0839363,Low
5708,0,0,0.22505441,Medium
5709,0,0,0.11430336,Low
5710,0,0,0.33861795,Medium
5711,1,0,0.18762782,Low
5712,0,0,0.2962687,Medium
5713,0,0,0.1288172,Low
5714,0,1,0.8691835,Very High
5715,1,0,0.287195,Medium
5716,0,0,0.21509595,Medium
5717,0,0,0.113601185,Low
5718,0,1,0.64441967,Very High
5719,0,0,0.14303815,Low
5720,0,0,0.23472048,Medium
5721,0,1,0.53784204,High
5722,1,1,0.9039424,Very High
5723,0,0,0.2961531,Medium
5724,0,1,0.8614305,Very High
5725,1,1,0.88369584,Very High
5726,0,0,0.28561413,Medium
5727,1,1,0.8859794,Very High
5728,0,0,0.14817634,Low
5729,0,0,0.14312616,Low
5730,0,0,0.3301602,Medium
5731,0,0,0.3391385,Medium
5732,0,0,0.46840397,High
5733,0,0,0.15628238,Low
5734,0,0,0.1267768,Low
5735,1,0,0.34976423,Medium
5736,0,0,0.17158096,Low
5737,1,1,0.85180354,Very High
5738,0,0,0.2759827,Medium
5739,1,1,0.7879813,Very High
5740,0,0,0.14866632,Low
5741,0,0,0.13442713,Low
5742,0,0,0.116031006,Low
5743,1,1,0.8916705,Very High
5744,0,1,0.56920266,High
5745,0,0,0.1118097,Low
5746,0,0,0.19366874,Low
5747,1,1,0.90553546,Very High
5748,0,0,0.08982077,Low
5749,0,0,0.28495687,Medium
5750,0,0,0.33961105,Medium
5751,1,1,0.90965784,Very High
5752,0,0,0.353466,Medium
5753,0,0,0.2778237,Medium
5754,1,1,0.5189734,High
5755,1,1,0.80973744,Very High
5756,0,1,0.7902186,Very High
5757,1,1,0.586784,High
5758,0,0,0.26261437,Medium
5759,1,0,0.41317338,High
5760,0,0,0.19676769,Low
5761,0,0,0.36236826,Medium
5762,0,1,0.5090996,High
5763,0,1,0.56842875,High
5764,0,0,0.38139224,Medium
5765,0,0,0.09846185,Low
5766,0,0,0.28378427,Medium
5767,0,0,0.22556798,Medium
5768,0,0,0.22150639,Medium
5769,0,0,0.19395922,Low
5770,0,1,0.86733407,Very High
5771,1,1,0.69236505,Very High
5772,0,0,0.17861782,Low
5773,0,0,0.36996368,Medium
5774,0,0,0.13115695,Low
5775,0,0,0.3266457,Medium
5776,0,0,0.13293947,Low
5777,0,0,0.23481983,Medium
5778,0,0,0.21585913,Medium
5779,0,0,0.29504126,Medium
5780,0,0,0.34016153,Medium
5781,0,0,0.37015063,Medium
5782,0,0,0.11592741,Low
5783,0,0,0.34898123,Medium
5784,0,0,0.28539982,Medium
5785,0,0,0.37533185,Medium
5786,1,1,0.86040235,Very High
5787,1,1,0.89636487,Very High
5788,0,0,0.46981242,High
5789,0,0,0.26991302,Medium
5790,0,0,0.29268146,Medium
5791,0,0,0.38957712,Medium
5792,0,0,0.17003433,Low
5793,0,0,0.074970074,Low
5794,0,1,0.71413034,Very High
5795,0,0,0.32066882,Medium
5796,0,0,0.2285787,Medium
5797,0,0,0.35955444,Medium
5798,0,0,0.36933014,Medium
5799,0,0,0.17146035,Low
5800,0,1,0.8412219,Very High
5801,1,0,0.4415871,High
5802,0,0,0.09058117,Low
5803,0,0,0.2765843,Medium
5804,0,0,0.27664527,Medium
5805,0,0,0.18572122,Low
5806,0,0,0.2540319,Medium
5807,0,0,0.14960991,Low
5808,1,0,0.20298387,Medium
5809,0,0,0.10243596,Low
5810,0,0,0.06887317,Low
5811,0,0,0.281784,Medium
5812,0,0,0.26979634,Medium
5813,1,1,0.8602227,Very High
5814,0,0,0.3906916,Medium
5815,0,0,0.4392258,High
5816,1,0,0.32745072,Medium
5817,1,1,0.7174377,Very High
5818,1,1,0.74848753,Very High
5819,0,0,0.38646224,Medium
5820,1,1,0.89669627,Very High
5821,0,0,0.30615795,Medium
5822,0,0,0.22614792,Medium
5823,0,0,0.2512406,Medium
5824,0,0,0.2730213,Medium
5825,0,1,0.80888706,Very High
5826,0,1,0.8330822,Very High
5827,1,0,0.36368537,Medium
5828,1,0,0.112106025,Low
5829,0,1,0.8468437,Very High
5830,0,0,0.380174,Medium
5831,0,0,0.19849566,Low
5832,1,1,0.8662841,Very High
5833,0,0,0.19108887,Low
5834,0,1,0.69182193,Very High
5835,0,0,0.42300335,High
5836,1,0,0.05484183,Low
5837,0,0,0.2910664,Medium
5838,1,1,0.9162145,Very High
5839,0,1,0.80856174,Very High
5840,0,0,0.37478665,Medium
5841,0,0,0.1541846,Low
5842,0,0,0.13645855,Low
5843,0,0,0.3563972,Medium
5844,0,0,0.47429946,High
5845,0,0,0.27980986,Medium
5846,0,1,0.7682791,Very High
5847,1,0,0.39211676,Medium
5848,0,0,0.45411822,High
5849,0,0,0.28232783,Medium
5850,0,0,0.1119059,Low
5851,0,0,0.4216432,High
5852,0,0,0.15835796,Low
5853,1,1,0.65992284,Very High
5854,1,0,0.25891092,Medium
5855,0,0,0.45706007,High
5856,0,0,0.08765507,Low
5857,0,0,0.24010816,Medium
5858,0,0,0.15878123,Low
5859,0,0,0.33293182,Medium
5860,0,1,0.6294525,Very High
5861,0,0,0.15148793,Low
5862,0,0,0.26172268,Medium
5863,0,0,0.15430036,Low
5864,0,0,0.07872552,Low
5865,1,1,0.61616635,Very High
5866,0,0,0.15894142,Low
5867,0,0,0.1592829,Low
5868,0,1,0.73780733,Very High
5869,0,0,0.37544808,Medium
5870,0,0,0.22674929,Medium
5871,1,0,0.3867895,Medium
5872,0,0,0.12155475,Low
5873,0,0,0.14852852,Low
5874,0,0,0.38510585,Medium
5875,1,1,0.91416365,Very High
5876,1,0,0.3494991,Medium
5877,0,0,0.2753451,Medium
5878,0,0,0.30471423,Medium
5879,0,0,0.10238139,Low
5880,0,0,0.2883723,Medium
5881,0,0,0.14398296,Low
5882,0,0,0.06378634,Low
5883,0,0,0.42865112,High
5884,1,1,0.8653319,Very High
5885,1,1,0.8230989,Very High
5886,0,1,0.78599656,Very High
5887,0,1,0.74855286,Very High
5888,0,0,0.08688885,Low
5889,0,0,0.13584258,Low
5890,0,0,0.22352059,Medium
5891,0,0,0.13226773,Low
5892,0,0,0.23105921,Medium
5893,1,1,0.8058276,Very High
5894,0,0,0.22950159,Medium
5895,1,1,0.50458324,High
5896,0,0,0.10504507,Low
5897,0,0,0.16914192,Low
5898,0,0,0.15534064,Low
5899,0,0,0.2519091,Medium
5900,0,0,0.40937844,High
5901,1,0,0.42750293,High
5902,0,1,0.6861093,Very High
5903,0,0,0.41473237,High
5904,0,1,0.5495871,High
5905,0,0,0.38506913,Medium
5906,1,0,0.10895354,Low
5907,0,0,0.3219721,Medium
5908,0,1,0.8304487,Very High
5909,0,0,0.15374008,Low
5910,0,0,0.15943564,Low
5911,0,0,0.33981138,Medium
5912,0,0,0.4911172,High
5913,1,0,0.15969726,Low
5914,0,0,0.12706456,Low
5915,0,0,0.33997977,Medium
5916,0,1,0.7401199,Very High
5917,0,0,0.14048573,Low
5918,1,0,0.33117044,Medium
5919,0,1,0.5222112,High
5920,0,0,0.24867849,Medium
5921,1,0,0.3948538,Medium
5922,0,0,0.38651037,Medium
5923,0,0,0.15022442,Low
5924,0,0,0.37749603,Medium
5925,1,1,0.90811175,Very High
5926,0,0,0.22719556,Medium
5927,0,0,0.2850833,Medium
5928,1,0,0.23254663,Medium
5929,0,0,0.1867812,Low
5930,0,0,0.32146725,Medium
5931,1,1,0.8488143,Very High
5932,0,0,0.10598384,Low
5933,0,1,0.5991637,High
5934,0,0,0.33590317,Medium
5935,0,0,0.33587408,Medium
5936,0,0,0.33732626,Medium
5937,0,0,0.17919348,Low
5938,0,0,0.24686544,Medium
5939,0,0,0.20346665,Medium
5940,0,0,0.26999536,Medium
5941,0,0,0.2772677,Medium
5942,0,0,0.4513995,High
5943,0,0,0.12806156,Low
5944,0,0,0.16324136,Low
5945,0,0,0.1466158,Low
5946,0,0,0.074913256,Low
5947,1,0,0.122024775,Low
5948,0,0,0.29837266,Medium
5949,0,0,0.14002152,Low
5950,1,0,0.28303647,Medium
5951,0,0,0.22557794,Medium
5952,0,0,0.42287242,High
5953,0,0,0.24160428,Medium
5954,1,1,0.558248,High
5955,0,0,0.10919025,Low
5956,0,0,0.33800268,Medium
5957,0,0,0.1029602,Low
5958,0,0,0.24679379,Medium
5959,0,0,0.27410734,Medium
5960,0,1,0.57299876,High
5961,0,0,0.26237464,Medium
5962,0,0,0.1557976,Low
5963,0,0,0.26252308,Medium
5964,0,1,0.65554816,Very High
5965,0,0,0.17457283,Low
5966,0,0,0.32603315,Medium
5967,0,0,0.16491899,Low
5968,0,0,0.05332159,Low
5969,0,0,0.12959297,Low
5970,0,0,0.18363021,Low
5971,1,0,0.37219363,Medium
5972,1,0,0.21412088,Medium
5973,1,0,0.2618763,Medium
5974,0,1,0.51168275,High
5975,0,0,0.25094393,Medium
5976,0,0,0.18133539,Low
5977,0,0,0.32804784,Medium
5978,0,1,0.7931423,Very High
5979,0,0,0.24018271,Medium
5980,1,1,0.72250867,Very High
5981,0,0,0.24082574,Medium
5982,0,0,0.13586211,Low
5983,1,1,0.5655453,High
5984,0,0,0.23601687,Medium
5985,0,0,0.28447354,Medium
5986,0,1,0.904688,Very High
5987,1,0,0.39037982,Medium
5988,1,1,0.61761135,Very High
5989,0,1,0.6055127,Very High
5990,0,0,0.13600574,Low
5991,0,1,0.5951407,High
5992,0,0,0.37384585,Medium
5993,0,0,0.4772368,High
5994,0,0,0.47019964,High
5995,0,0,0.13179517,Low
5996,0,0,0.118694425,Low
5997,0,0,0.32910594,Medium
5998,0,0,0.23503919,Medium
5999,0,0,0.19372769,Low
6000,0,1,0.79258275,Very High
6001,0,0,0.3862975,Medium
6002,0,0,0.2789377,Medium
6003,1,0,0.4739673,High
6004,0,0,0.14433023,Low
6005,0,0,0.25683737,Medium
6006,0,0,0.16879886,Low
6007,1,0,0.42427725,High
6008,0,0,0.13196933,Low
6009,0,0,0.13933058,Low
6010,0,1,0.5846917,High
6011,0,0,0.44623992,High
6012,0,1,0.5613361,High
6013,1,0,0.34666836,Medium
6014,0,0,0.31707895,Medium
6015,1,0,0.47572416,High
6016,1,1,0.6248285,Very High
6017,0,0,0.41776052,High
6018,1,0,0.46635282,High
6019,0,1,0.5871101,High
6020,1,1,0.8048104,Very High
6021,0,0,0.47676837,High
6022,0,0,0.35145482,Medium
6023,0,1,0.5670628,High
6024,0,0,0.38909894,Medium
6025,0,0,0.37010702,Medium
6026,1,1,0.5187018,High
6027,0,0,0.13589716,Low
6028,0,0,0.26464188,Medium
6029,0,0,0.24017693,Medium
6030,1,0,0.3358156,Medium
6031,0,0,0.15263799,Low
6032,0,0,0.4357684,High
6033,0,0,0.19294877,Low
6034,0,0,0.093557976,Low
6035,1,0,0.3600716,Medium
6036,1,0,0.21854849,Medium
6037,0,0,0.26042542,Medium
6038,0,0,0.14667642,Low
6039,0,1,0.8494526,Very High
6040,0,0,0.1480602,Low
6041,1,1,0.9135801,Very High
6042,0,0,0.12959825,Low
6043,0,0,0.21382023,Medium
6044,0,0,0.2906097,Medium
6045,1,1,0.92943156,Very High
6046,1,1,0.72198826,Very High
6047,0,0,0.063614555,Low
6048,1,1,0.6282938,Very High
6049,0,0,0.42509758,High
6050,0,1,0.6244114,Very High
6051,0,0,0.111364305,Low
6052,1,0,0.33467606,Medium
6053,0,1,0.5853667,High
6054,1,0,0.30408874,Medium
6055,1,0,0.4135883,High
6056,1,1,0.7529754,Very High
6057,0,0,0.1375381,Low
6058,0,0,0.33752814,Medium
6059,0,0,0.12215408,Low
6060,0,0,0.36698088,Medium
6061,0,0,0.4890001,High
6062,0,1,0.852932,Very High
6063,0,0,0.19954546,Low
6064,0,0,0.18945196,Low
6065,0,0,0.25515804,Medium
6066,0,1,0.8466568,Very High
6067,0,1,0.57306874,High
6068,0,0,0.29578117,Medium
6069,0,0,0.21668588,Medium
6070,0,0,0.19552886,Low
6071,0,0,0.2692058,Medium
6072,0,0,0.16316304,Low
6073,1,1,0.5910129,High
6074,1,0,0.19754522,Low
6075,0,0,0.056788597,Low
6076,0,0,0.33345366,Medium
6077,1,1,0.8235038,Very High
6078,0,0,0.16411304,Low
6079,1,1,0.828609,Very High
6080,0,0,0.07472836,Low
6081,0,0,0.11488907,Low
6082,0,0,0.3499098,Medium
6083,0,1,0.73205924,Very High
6084,1,1,0.80000067,Very High
6085,1,1,0.8837471,Very High
6086,1,1,0.61932653,Very High
6087,0,0,0.2950489,Medium
6088,1,0,0.12672561,Low
6089,1,1,0.57367945,High
6090,0,1,0.7192693,Very High
6091,0,0,0.10217957,Low
6092,0,0,0.10695117,Low
6093,0,0,0.12207763,Low
6094,0,1,0.5484264,High
6095,1,0,0.4453267,High
6096,0,0,0.13859391,Low
6097,1,0,0.2880656,Medium
6098,1,0,0.35852316,Medium
6099,1,0,0.19980253,Low
6100,0,0,0.31549498,Medium
6101,0,0,0.070042685,Low
6102,0,0,0.30251145,Medium
6103,0,0,0.15652265,Low
6104,0,0,0.30612734,Medium
6105,1,0,0.44754395,High
6106,0,0,0.35210803,Medium
6107,0,1,0.69729936,Very High
6108,1,0,0.44551897,High
6109,1,1,0.7322112,Very High
6110,0,0,0.27225533,Medium
6111,0,0,0.3122022,Medium
6112,1,1,0.8766294,Very High
6113,0,0,0.2780768,Medium
6114,0,0,0.31149814,Medium
6115,0,0,0.19822638,Low
6116,0,0,0.16062619,Low
6117,0,1,0.55686736,High
6118,0,0,0.43211237,High
6119,0,0,0.21171068,Medium
6120,1,1,0.88322204,Very High
6121,1,1,0.8401248,Very High
6122,1,1,0.8812747,Very High
6123,1,1,0.743762,Very High
6124,0,0,0.35198447,Medium
6125,0,1,0.5453302,High
6126,0,0,0.18292524,Low
6127,1,0,0.43913224,High
6128,1,1,0.8265689,Very High
6129,0,0,0.27371177,Medium
6130,1,1,0.84341717,Very High
6131,0,0,0.13108003,Low
6132,0,0,0.09305296,Low
6133,1,1,0.7353519,Very High
6134,0,0,0.19823068,Low
6135,1,0,0.16929063,Low
6136,0,0,0.119175814,Low
6137,0,0,0.16981,Low
6138,1,1,0.617944,Very High
6139,1,0,0.42166904,High
6140,0,0,0.31908035,Medium
6141,0,0,0.2665109,Medium
6142,0,0,0.19707885,Low
6143,0,0,0.11748575,Low
6144,0,0,0.23106529,Medium
6145,0,0,0.2320354,Medium
6146,0,1,0.64357376,Very High
6147,0,1,0.6906019,Very High
6148,0,0,0.13978422,Low
6149,0,0,0.4631169,High
6150,0,0,0.27985698,Medium
6151,1,0,0.39868173,Medium
6152,0,0,0.3350178,Medium
6153,0,0,0.40478325,High
6154,1,0,0.27111644,Medium
6155,1,1,0.7443673,Very High
6156,1,1,0.5413097,High
6157,1,0,0.4200605,High
6158,0,0,0.33890468,Medium
6159,0,0,0.25454623,Medium
6160,0,1,0.7864931,Very High
6161,1,1,0.6427922,Very High
6162,0,0,0.076880254,Low
6163,0,0,0.34759673,Medium
6164,1,0,0.27868757,Medium
6165,0,0,0.27324453,Medium
6166,0,0,0.33702776,Medium
6167,1,1,0.5880546,High
6168,0,0,0.2559673,Medium
6169,0,0,0.15074915,Low
6170,1,1,0.5195569,High
6171,0,0,0.32872897,Medium
6172,0,0,0.41585603,High
6173,0,0,0.32610783,Medium
6174,0,1,0.5893565,High
6175,1,1,0.87440073,Very High
6176,0,1,0.891298,Very High
6177,1,1,0.82880735,Very High
6178,1,0,0.3853657,Medium
6179,0,0,0.27061212,Medium
6180,0,0,0.22264707,Medium
6181,1,0,0.2964281,Medium
6182,1,1,0.8601808,Very High
6183,1,1,0.8286153,Very High
6184,1,0,0.29498658,Medium
6185,0,0,0.09326836,Low
6186,0,0,0.25179368,Medium
6187,1,0,0.4514754,High
6188,0,0,0.18385652,Low
6189,0,0,0.23726392,Medium
6190,0,0,0.0872016,Low
6191,0,0,0.263639,Medium
6192,1,1,0.58344054,High
6193,0,0,0.32421613,Medium
6194,0,1,0.64035714,Very High
6195,0,0,0.09031304,Low
6196,0,0,0.3095969,Medium
6197,0,1,0.6580733,Very High
6198,0,0,0.24948215,Medium
6199,0,1,0.5969381,High
6200,0,0,0.31711486,Medium
6201,0,0,0.31500793,Medium
6202,1,0,0.17349362,Low
6203,0,0,0.2019874,Medium
6204,0,0,0.2905819,Medium
6205,1,0,0.47805157,High
6206,0,0,0.1104462,Low
6207,0,0,0.24446268,Medium
6208,0,0,0.10145148,Low
6209,0,1,0.80771244,Very High
6210,0,0,0.18386278,Low
6211,0,1,0.88431925,Very High
6212,0,0,0.3452749,Medium
6213,0,0,0.21650752,Medium
6214,0,0,0.10022332,Low
6215,0,0,0.0618752,Low
6216,0,1,0.67016983,Very High
6217,0,1,0.54564005,High
6218,0,1,0.6264308,Very High
6219,0,1,0.61772484,Very High
6220,0,0,0.35973528,Medium
6221,0,1,0.5180229,High
6222,1,1,0.78905976,Very High
6223,0,0,0.22657268,Medium
6224,0,0,0.38352296,Medium
6225,0,0,0.41957998,High
6226,0,0,0.20258775,Medium
6227,0,0,0.1389549,Low
6228,0,0,0.38017386,Medium
6229,1,1,0.88544637,Very High
6230,1,0,0.30620345,Medium
6231,0,0,0.2860297,Medium
6232,0,0,0.089755185,Low
6233,0,1,0.8682333,Very High
6234,0,0,0.1484616,Low
6235,0,0,0.2885506,Medium
6236,0,0,0.49055132,High
6237,0,0,0.3595621,Medium
6238,1,0,0.1616159,Low
6239,1,0,0.41000035,High
6240,0,0,0.10231368,Low
6241,1,1,0.8236114,Very High
6242,0,0,0.19725996,Low
6243,0,0,0.18234305,Low
6244,0,0,0.43322685,High
6245,0,0,0.25502497,Medium
6246,0,0,0.07913883,Low
6247,0,0,0.1442331,Low
6248,0,0,0.33949935,Medium
6249,0,0,0.051033422,Low
6250,0,1,0.622388,Very High
6251,0,0,0.40707454,High
6252,1,0,0.41286686,High
6253,0,0,0.3632947,Medium
6254,0,0,0.3387482,Medium
6255,0,0,0.43009424,High
6256,1,1,0.8634267,Very High
6257,0,0,0.18889335,Low
6258,0,1,0.6414788,Very High
6259,0,0,0.095789425,Low
6260,0,1,0.58205265,High
6261,0,0,0.21589775,Medium
6262,0,0,0.22276254,Medium
6263,0,0,0.13073096,Low
6264,0,0,0.28659293,Medium
6265,0,1,0.6029605,Very High
6266,0,0,0.29108787,Medium
6267,0,0,0.36635065,Medium
6268,0,0,0.22620115,Medium
6269,1,1,0.7247272,Very High
6270,0,0,0.28008708,Medium
6271,0,0,0.23137617,Medium
6272,1,1,0.9169529,Very High
6273,0,0,0.29061428,Medium
6274,0,0,0.31846446,Medium
6275,0,0,0.31579366,Medium
6276,0,0,0.40195885,High
6277,0,0,0.36690944,Medium
6278,1,1,0.5911583,High
6279,0,1,0.6078904,Very High
6280,0,0,0.12432692,Low
6281,0,0,0.31583494,Medium
6282,1,1,0.7822649,Very High
6283,0,1,0.5656691,High
6284,0,0,0.2452113,Medium
6285,0,0,0.08134368,Low
6286,0,1,0.7326436,Very High
6287,0,0,0.3003665,Medium
6288,0,0,0.13585722,Low
6289,0,0,0.26669607,Medium
6290,0,1,0.85776734,Very High
6291,0,0,0.27312043,Medium
6292,1,0,0.14844714,Low
6293,1,0,0.1590107,Low
6294,0,0,0.34588277,Medium
6295,0,0,0.058882147,Low
6296,0,0,0.085172504,Low
6297,0,0,0.17972632,Low
6298,0,0,0.087849975,Low
6299,0,0,0.15088822,Low
6300,0,0,0.28994262,Medium
6301,0,1,0.7542996,Very High
6302,0,0,0.41620257,High
6303,0,0,0.046947658,Low
6304,0,0,0.17954369,Low
6305,1,0,0.24796863,Medium
6306,1,1,0.7092751,Very High
6307,0,0,0.05887741,Low
6308,0,0,0.10865562,Low
6309,0,0,0.18390818,Low
6310,0,0,0.17810039,Low
6311,0,0,0.3795038,Medium
6312,0,0,0.14938842,Low
6313,1,1,0.6087848,Very High
6314,0,1,0.59613794,High
6315,0,0,0.19070335,Low
6316,1,1,0.588542,High
6317,0,0,0.2242788,Medium
6318,0,0,0.19137467,Low
6319,1,1,0.8661693,Very High
6320,0,0,0.31966695,Medium
6321,1,1,0.81685996,Very High
6322,0,0,0.11265654,Low
6323,0,0,0.18477115,Low
6324,0,0,0.18584357,Low
6325,0,0,0.058100622,Low
6326,0,0,0.3107763,Medium
6327,0,0,0.26099208,Medium
6328,1,1,0.8894914,Very High
6329,0,0,0.07441082,Low
6330,0,0,0.18472652,Low
6331,0,0,0.22762698,Medium
6332,1,1,0.811279,Very High
6333,1,0,0.2873095,Medium
6334,0,0,0.27516147,Medium
6335,1,1,0.88308907,Very High
6336,0,0,0.10077271,Low
6337,0,0,0.14349143,Low
6338,0,1,0.8420046,Very High
6339,0,0,0.3256888,Medium
6340,0,0,0.24448314,Medium
6341,0,0,0.2560746,Medium
6342,0,1,0.80793273,Very High
6343,0,0,0.2444838,Medium
6344,1,1,0.8488731,Very High
6345,1,1,0.8624234,Very High
6346,1,1,0.6168011,Very High
6347,0,0,0.4562306,High
6348,0,1,0.6438568,Very High
6349,1,1,0.8766973,Very High
6350,0,1,0.65639937,Very High
6351,0,0,0.33278292,Medium
6352,1,1,0.71893305,Very High
6353,0,1,0.86296505,Very High
6354,0,1,0.55976105,High
6355,0,0,0.2980215,Medium
6356,0,0,0.39272112,Medium
6357,0,0,0.22666724,Medium
6358,1,1,0.6931173,Very High
6359,0,0,0.33860216,Medium
6360,0,0,0.2682314,Medium
6361,0,0,0.25897905,Medium
6362,1,1,0.84812313,Very High
6363,0,1,0.5841669,High
6364,1,0,0.44804448,High
6365,0,0,0.2781976,Medium
6366,1,1,0.5822544,High
6367,1,0,0.40519586,High
6368,0,0,0.3374861,Medium
6369,0,0,0.45178878,High
6370,0,0,0.2248476,Medium
6371,0,1,0.8289301,Very High
6372,1,0,0.45033732,High
6373,0,1,0.5795652,High
6374,1,1,0.8300644,Very High
6375,0,0,0.45635056,High
6376,0,0,0.27148002,Medium
6377,0,0,0.24311288,Medium
6378,0,0,0.26326987,Medium
6379,1,1,0.7271057,Very High
6380,1,1,0.8592702,Very High
6381,0,0,0.2614352,Medium
6382,0,0,0.28303042,Medium
6383,0,1,0.6052381,Very High
6384,0,0,0.27149466,Medium
6385,0,0,0.3281321,Medium
6386,0,0,0.23640977,Medium
6387,1,1,0.8982805,Very High
6388,0,0,0.21704878,Medium
6389,0,0,0.3381,Medium
6390,0,1,0.51509833,High
6391,0,0,0.101597734,Low
6392,0,0,0.3060281,Medium
6393,1,0,0.22012284,Medium
6394,0,0,0.24385811,Medium
6395,0,0,0.081774406,Low
6396,1,1,0.53058136,High
6397,0,0,0.27712882,Medium
6398,0,0,0.1638403,Low
6399,0,0,0.2968177,Medium
6400,1,1,0.8370911,Very High
6401,0,0,0.31378874,Medium
6402,0,0,0.31508437,Medium
6403,1,0,0.31121665,Medium
6404,1,0,0.38344985,Medium
6405,0,0,0.12998755,Low
6406,0,0,0.30010876,Medium
6407,1,0,0.14979057,Low
6408,0,1,0.8446957,Very High
6409,0,0,0.24296878,Medium
6410,0,0,0.27580568,Medium
6411,0,0,0.40616655,High
6412,0,0,0.36995623,Medium
6413,1,0,0.24311525,Medium
6414,1,0,0.30996415,Medium
6415,0,0,0.46739826,High
6416,0,0,0.25084952,Medium
6417,1,1,0.8951875,Very High
6418,0,0,0.20202821,Medium
6419,0,1,0.5572698,High
6420,0,1,0.5291894,High
6421,1,0,0.3055116,Medium
6422,0,0,0.07485468,Low
6423,0,0,0.124049395,Low
6424,0,0,0.119772404,Low
6425,0,0,0.11107692,Low
6426,0,0,0.17896976,Low
6427,1,1,0.8545071,Very High
6428,0,0,0.23355313,Medium
6429,1,1,0.8241213,Very High
6430,1,0,0.40584174,High
6431,0,0,0.32858232,Medium
6432,0,0,0.22197852,Medium
6433,0,0,0.40170854,High
6434,0,0,0.3371241,Medium
6435,0,1,0.6907001,Very High
6436,0,1,0.57151735,High
6437,0,0,0.3194358,Medium
6438,0,0,0.107676715,Low
6439,0,1,0.5463502,High
6440,0,0,0.34371004,Medium
6441,0,0,0.16117,Low
6442,0,0,0.26320076,Medium
6443,0,0,0.2871916,Medium
6444,0,0,0.20433435,Medium
6445,0,0,0.25811937,Medium
6446,1,0,0.2660665,Medium
6447,0,0,0.100187205,Low
6448,0,0,0.12132177,Low
6449,0,0,0.34177658,Medium
6450,1,0,0.29402372,Medium
6451,0,0,0.20436119,Medium
6452,0,0,0.25671297,Medium
6453,0,0,0.1401146,Low
6454,0,1,0.53604305,High
6455,0,0,0.14935903,Low
6456,0,1,0.6724841,Very High
6457,0,0,0.3890793,Medium
6458,0,0,0.11363285,Low
6459,0,0,0.30822274,Medium
6460,0,0,0.2466464,Medium
6461,0,0,0.12779249,Low
6462,0,0,0.40910187,High
6463,0,0,0.35141814,Medium
6464,0,0,0.09639606,Low
6465,0,0,0.26631138,Medium
6466,0,0,0.16284667,Low
6467,0,1,0.60567796,Very High
6468,0,0,0.24584529,Medium
6469,0,0,0.08622105,Low
6470,0,0,0.3625942,Medium
6471,0,0,0.49604777,High
6472,0,0,0.061034728,Low
6473,0,0,0.3390363,Medium
6474,0,0,0.12834506,Low
6475,0,1,0.54747784,High
6476,1,1,0.67210996,Very High
6477,0,0,0.21361807,Medium
6478,0,0,0.058158927,Low
6479,1,1,0.51629376,High
6480,0,0,0.48094344,High
6481,0,0,0.13219106,Low
6482,0,1,0.5825067,High
6483,0,0,0.17798153,Low
6484,1,0,0.2855486,Medium
6485,0,0,0.22527209,Medium
6486,0,0,0.4832816,High
6487,1,1,0.818391,Very High
6488,1,0,0.23468597,Medium
6489,0,0,0.1932657,Low
6490,1,0,0.36097938,Medium
6491,0,0,0.22500448,Medium
6492,0,1,0.533687,High
6493,1,1,0.888822,Very High
6494,0,1,0.82677454,Very High
6495,0,0,0.30083326,Medium
6496,0,0,0.15517814,Low
6497,0,0,0.44432414,High
6498,0,0,0.41901964,High
6499,0,0,0.28794608,Medium
6500,0,0,0.31259245,Medium
6501,1,1,0.643653,Very High
6502,0,0,0.07354251,Low
6503,0,0,0.24579555,Medium
6504,0,1,0.5316965,High
6505,0,0,0.09887841,Low
6506,1,0,0.4164167,High
6507,0,1,0.6886948,Very High
6508,0,0,0.21488217,Medium
6509,0,0,0.08798876,Low
6510,1,1,0.8721535,Very High
6511,0,0,0.25730354,Medium
6512,0,0,0.40059713,High
6513,1,1,0.6227387,Very High
6514,0,1,0.59190035,High
6515,1,1,0.5850283,High
6516,1,0,0.36232725,Medium
6517,0,0,0.38274232,Medium
6518,0,1,0.73184466,Very High
6519,1,0,0.26993018,Medium
6520,0,0,0.38753504,Medium
6521,1,0,0.46896994,High
6522,1,0,0.33813798,Medium
6523,0,0,0.31803727,Medium
6524,0,0,0.18887329,Low
6525,0,0,0.37529033,Medium
6526,0,0,0.14108521,Low
6527,0,1,0.63010967,Very High
6528,0,1,0.7767413,Very High
6529,1,0,0.2183949,Medium
6530,0,0,0.37140474,Medium
6531,1,1,0.7046631,Very High
6532,0,1,0.56083953,High
6533,0,0,0.30380836,Medium
6534,0,0,0.34693104,Medium
6535,0,0,0.13451234,Low
6536,0,0,0.31148288,Medium
6537,0,0,0.30869693,Medium
6538,0,0,0.15077353,Low
6539,0,0,0.21045618,Medium
6540,1,1,0.6426526,Very High
6541,1,1,0.8556329,Very High
6542,0,0,0.32080644,Medium
6543,0,0,0.22161694,Medium
6544,0,0,0.13661173,Low
6545,0,0,0.0856469,Low
6546,0,0,0.43965814,High
6547,0,0,0.42310295,High
6548,0,0,0.17324153,Low
6549,0,0,0.31549343,Medium
6550,0,0,0.34471864,Medium
6551,1,1,0.677435,Very High
6552,1,0,0.10494681,Low
6553,1,0,0.2655459,Medium
6554,0,0,0.25647962,Medium
6555,0,0,0.2942758,Medium
6556,0,1,0.6929515,Very High
6557,1,1,0.88798285,Very High
6558,1,1,0.7605169,Very High
6559,0,0,0.16226487,Low
6560,1,0,0.12284727,Low
6561,0,0,0.16715771,Low
6562,0,1,0.6546402,Very High
6563,0,0,0.099158846,Low
6564,0,0,0.28734326,Medium
6565,0,0,0.40816355,High
6566,0,0,0.09565904,Low
6567,1,0,0.36815333,Medium
6568,0,0,0.22889775,Medium
6569,0,0,0.32251495,Medium
6570,1,1,0.84270877,Very High
6571,0,0,0.41700506,High
6572,0,0,0.3420035,Medium
6573,0,0,0.17600441,Low
6574,0,0,0.25897226,Medium
6575,0,0,0.25904605,Medium
6576,1,1,0.5917625,High
6577,0,0,0.34391612,Medium
6578,0,0,0.21047725,Medium
6579,0,0,0.31902096,Medium
6580,1,1,0.8408095,Very High
6581,0,0,0.22457533,Medium
6582,1,1,0.9078506,Very High
6583,1,1,0.8527535,Very High
6584,1,1,0.56337017,High
6585,0,0,0.12848024,Low
6586,0,1,0.8150725,Very High
6587,0,0,0.0992625,Low
6588,0,0,0.17330326,Low
6589,0,0,0.10228549,Low
6590,0,0,0.30389693,Medium
6591,0,0,0.3820121,Medium
6592,0,1,0.8286782,Very High
6593,0,0,0.06913109,Low
6594,0,0,0.33491185,Medium
6595,0,0,0.36087763,Medium
6596,0,1,0.8317566,Very High
6597,0,0,0.27501264,Medium
6598,0,0,0.07409447,Low
6599,0,0,0.18803711,Low
6600,0,0,0.1653139,Low
6601,0,1,0.79960704,Very High
6602,0,0,0.14825097,Low
6603,0,0,0.26412448,Medium
6604,0,0,0.16915356,Low
6605,0,1,0.5276616,High
6606,0,0,0.20103912,Medium
6607,0,0,0.09663688,Low
6608,0,1,0.77878577,Very High
6609,0,1,0.53763086,High
6610,0,0,0.09542758,Low
6611,0,0,0.121136844,Low
6612,0,0,0.11246274,Low
6613,0,0,0.38384616,Medium
6614,0,0,0.3597549,Medium
6615,0,0,0.12152894,Low
6616,1,0,0.46700475,High
6617,0,0,0.2916884,Medium
6618,0,1,0.816716,Very High
6619,0,0,0.09888583,Low
6620,0,0,0.20851897,Medium
6621,0,0,0.31900483,Medium
6622,1,1,0.86499757,Very High
6623,0,0,0.20696254,Medium
6624,1,1,0.6785982,Very High
6625,0,0,0.34011656,Medium
6626,0,0,0.40685904,High
6627,0,0,0.0712852,Low
6628,0,1,0.7867594,Very High
6629,0,0,0.18715248,Low
6630,1,1,0.90823346,Very High
6631,0,0,0.14786059,Low
6632,0,0,0.16929808,Low
6633,0,0,0.34349853,Medium
6634,0,0,0.16957885,Low
6635,0,0,0.43110153,High
6636,1,1,0.8759009,Very High
6637,1,1,0.8937075,Very High
6638,0,0,0.14669196,Low
6639,0,0,0.31365207,Medium
6640,1,1,0.57687485,High
6641,1,0,0.22819011,Medium
6642,0,0,0.18340155,Low
6643,0,0,0.42841166,High
6644,0,1,0.52299654,High
6645,0,0,0.31390622,Medium
6646,1,1,0.7537659,Very High
6647,0,0,0.20089991,Medium
6648,0,1,0.7979521,Very High
6649,0,0,0.22938451,Medium
6650,0,0,0.07665096,Low
6651,0,0,0.30835888,Medium
6652,0,0,0.26432127,Medium
6653,0,0,0.10405996,Low
6654,1,0,0.24465202,Medium
6655,1,1,0.78969866,Very High
6656,0,0,0.15875255,Low
6657,0,0,0.32964295,Medium
6658,0,1,0.81942064,Very High
6659,1,0,0.48572013,High
6660,0,1,0.74580944,Very High
6661,0,0,0.25896987,Medium
6662,0,0,0.1284479,Low
6663,1,0,0.2947372,Medium
6664,0,0,0.18352789,Low
6665,0,0,0.23373571,Medium
6666,0,0,0.45355883,High
6667,1,1,0.7010385,Very High
6668,0,1,0.7373322,Very High
6669,0,0,0.30194628,Medium
6670,0,0,0.10823472,Low
6671,0,0,0.19584566,Low
6672,0,0,0.43569145,High
6673,0,0,0.226775,Medium
6674,0,1,0.7026644,Very High
6675,0,0,0.07704353,Low
6676,0,0,0.37558576,Medium
6677,0,0,0.31098887,Medium
6678,0,1,0.5746801,High
6679,1,0,0.38433188,Medium
6680,0,1,0.5507679,High
6681,0,0,0.21665134,Medium
6682,0,0,0.26276538,Medium
6683,1,1,0.6852803,Very High
6684,1,1,0.57873553,High
6685,0,0,0.1374513,Low
6686,0,0,0.11957356,Low
6687,1,1,0.9016745,Very High
6688,1,1,0.8711824,Very High
6689,0,1,0.6657376,Very High
6690,0,0,0.10736541,Low
6691,0,0,0.2334534,Medium
6692,0,0,0.113243654,Low
6693,0,0,0.3004003,Medium
6694,0,0,0.14410014,Low
6695,0,0,0.42745143,High
6696,0,0,0.33744454,Medium
6697,0,0,0.25616544,Medium
6698,0,0,0.18131286,Low
6699,0,0,0.17583674,Low
6700,0,1,0.50624114,High
6701,1,1,0.8067445,Very High
6702,0,0,0.26668218,Medium
6703,1,1,0.7767734,Very High
6704,0,0,0.3142359,Medium
6705,0,0,0.2967812,Medium
6706,0,0,0.2122607,Medium
6707,0,0,0.2079014,Medium
6708,0,0,0.26791406,Medium
6709,0,1,0.8425359,Very High
6710,0,0,0.27770194,Medium
6711,0,0,0.31264982,Medium
6712,0,0,0.3503981,Medium
6713,0,0,0.30834484,Medium
6714,0,0,0.064621635,Low
6715,0,1,0.6764947,Very High
6716,0,0,0.28000885,Medium
6717,0,0,0.25854257,Medium
6718,1,0,0.29094726,Medium
6719,0,0,0.2600999,Medium
6720,1,0,0.14036155,Low
6721,0,0,0.3070479,Medium
6722,0,0,0.24237183,Medium
6723,0,0,0.058077525,Low
6724,1,1,0.7400195,Very High
6725,0,0,0.19739264,Low
6726,1,1,0.58995986,High
6727,1,1,0.8873935,Very High
6728,0,0,0.24002558,Medium
6729,0,0,0.29883748,Medium
6730,1,1,0.81611985,Very High
6731,0,0,0.2505979,Medium
6732,0,0,0.20464627,Medium
6733,0,0,0.14941815,Low
6734,0,0,0.29360083,Medium
6735,0,0,0.08960652,Low
6736,0,0,0.24010995,Medium
6737,0,0,0.31289726,Medium
6738,0,0,0.4417233,High
6739,1,1,0.6286506,Very High
6740,0,0,0.38759047,Medium
6741,0,1,0.5487775,High
6742,0,0,0.23173144,Medium
6743,0,0,0.07036146,Low
6744,0,0,0.33945996,Medium
6745,1,1,0.6034493,Very High
6746,0,0,0.1133924,Low
6747,0,0,0.33047926,Medium
6748,0,0,0.33510494,Medium
6749,1,0,0.353369,Medium
6750,0,0,0.29186687,Medium
6751,1,1,0.8980254,Very High
6752,1,0,0.3612118,Medium
6753,1,1,0.8980127,Very High
6754,1,1,0.82278925,Very High
6755,0,0,0.26228756,Medium
6756,1,0,0.2996269,Medium
6757,0,0,0.38926008,Medium
6758,0,0,0.38164988,Medium
6759,1,0,0.36087918,Medium
6760,0,0,0.33314764,Medium
6761,0,0,0.27401954,Medium
6762,0,0,0.4133851,High
6763,0,1,0.570886,High
6764,0,0,0.23144272,Medium
6765,0,0,0.26245746,Medium
6766,0,0,0.12322455,Low
6767,0,0,0.26259062,Medium
6768,1,0,0.13295111,Low
6769,0,0,0.06840602,Low
6770,0,0,0.24600257,Medium
6771,0,0,0.14414924,Low
6772,0,1,0.6421179,Very High
6773,0,0,0.18835606,Low
6774,1,0,0.40512574,High
6775,0,0,0.23030846,Medium
6776,0,0,0.14737035,Low
6777,0,0,0.32141304,Medium
6778,0,1,0.5606488,High
6779,0,0,0.07048817,Low
6780,0,0,0.18722041,Low
6781,0,0,0.32551286,Medium
6782,0,0,0.043280344,Low
6783,0,0,0.22421327,Medium
6784,1,1,0.70965225,Very High
6785,0,1,0.6584396,Very High
6786,0,1,0.5035215,High
6787,0,0,0.18608697,Low
6788,0,0,0.11118001,Low
6789,0,0,0.4245889,High
6790,0,0,0.35141283,Medium
6791,0,0,0.30068007,Medium
6792,0,0,0.44497132,High
6793,0,1,0.8372158,Very High
6794,0,0,0.14449394,Low
6795,0,0,0.121733606,Low
6796,0,0,0.33520377,Medium
6797,0,1,0.54139805,High
6798,0,0,0.14417706,Low
6799,0,0,0.14901099,Low
6800,1,0,0.4096983,High
6801,1,1,0.8727042,Very High
6802,0,0,0.40606666,High
6803,0,0,0.20862119,Medium
6804,0,0,0.33812293,Medium
6805,0,1,0.5147339,High
6806,0,0,0.33953574,Medium
6807,1,1,0.85055006,Very High
6808,0,0,0.44749123,High
6809,0,0,0.21083781,Medium
6810,0,0,0.18843722,Low
6811,0,0,0.4190339,High
6812,0,0,0.06964652,Low
6813,0,0,0.09232417,Low
6814,0,0,0.2880927,Medium
6815,0,0,0.18889065,Low
6816,0,0,0.31883028,Medium
6817,0,0,0.06747124,Low
6818,0,0,0.10976961,Low
6819,0,0,0.11314551,Low
6820,0,0,0.18859345,Low
6821,1,0,0.32390305,Medium
6822,0,0,0.3120503,Medium
6823,0,0,0.20329183,Medium
6824,1,0,0.34113312,Medium
6825,0,0,0.2988687,Medium
6826,0,0,0.30317652,Medium
6827,0,0,0.44815394,High
6828,1,1,0.9002455,Very High
6829,1,1,0.77456135,Very High
6830,1,0,0.31560722,Medium
6831,0,0,0.2134687,Medium
6832,0,0,0.16077901,Low
6833,0,1,0.8041311,Very High
6834,1,1,0.7239399,Very High
6835,0,0,0.40166515,High
6836,0,1,0.5747343,High
6837,0,0,0.3225729,Medium
6838,1,1,0.6579746,Very High
6839,1,1,0.8676923,Very High
6840,0,0,0.08309789,Low
6841,0,1,0.6057494,Very High
6842,0,0,0.28030407,Medium
6843,0,1,0.8781413,Very High
6844,1,0,0.3522527,Medium
6845,0,0,0.2175231,Medium
6846,1,0,0.37531385,Medium
6847,0,1,0.547135,High
6848,0,0,0.052658487,Low
6849,0,0,0.11951949,Low
6850,0,0,0.28501216,Medium
6851,0,0,0.28772485,Medium
6852,1,0,0.21499085,Medium
6853,1,0,0.1440041,Low
6854,1,0,0.10110395,Low
6855,1,1,0.73762643,Very High
6856,0,0,0.4249319,High
6857,0,0,0.15298839,Low
6858,1,0,0.38084438,Medium
6859,0,0,0.30707753,Medium
6860,0,0,0.16830717,Low
6861,0,0,0.16049036,Low
6862,1,1,0.86022615,Very High
6863,0,0,0.12336783,Low
6864,0,0,0.47561154,High
6865,0,0,0.10741213,Low
6866,0,0,0.2993918,Medium
6867,0,0,0.102520965,Low
6868,0,0,0.3031936,Medium
6869,0,0,0.15761891,Low
6870,0,0,0.09587737,Low
6871,0,1,0.542726,High
6872,0,0,0.12689008,Low
6873,0,0,0.119521745,Low
6874,0,1,0.583982,High
6875,1,0,0.41760027,High
6876,1,1,0.83061534,Very High
6877,0,0,0.046127155,Low
6878,0,0,0.06668215,Low
6879,0,0,0.24922232,Medium
6880,0,0,0.29075316,Medium
6881,0,0,0.26846913,Medium
6882,0,0,0.36140203,Medium
6883,0,0,0.06584998,Low
6884,0,0,0.20579529,Medium
6885,1,1,0.86865395,Very High
6886,0,0,0.19437677,Low
6887,0,1,0.52771914,High
6888,0,0,0.3382315,Medium
6889,0,0,0.49569863,High
6890,0,0,0.13460457,Low
6891,0,0,0.14344083,Low
6892,0,0,0.1504899,Low
6893,0,0,0.083620705,Low
6894,1,1,0.907541,Very High
6895,1,1,0.88426346,Very High
6896,0,0,0.33008766,Medium
6897,1,1,0.86669844,Very High
6898,1,1,0.7308044,Very High
6899,0,0,0.39283183,Medium
6900,0,0,0.47889504,High
6901,0,0,0.1709034,Low
6902,0,0,0.193344,Low
6903,0,0,0.17095686,Low
6904,1,0,0.4843268,High
6905,0,0,0.077824004,Low
6906,1,1,0.81740564,Very High
6907,0,0,0.43785632,High
6908,0,0,0.26466915,Medium
6909,0,1,0.5677883,High
6910,1,1,0.8422096,Very High
6911,0,0,0.3541051,Medium
6912,0,0,0.19936368,Low
6913,0,0,0.27982992,Medium
6914,0,0,0.36193633,Medium
6915,1,1,0.8535498,Very High
6916,0,0,0.20668828,Medium
6917,1,1,0.88899046,Very High
6918,1,1,0.91006184,Very High
6919,0,0,0.2085585,Medium
6920,0,0,0.11895015,Low
6921,1,0,0.35914165,Medium
6922,0,0,0.180283,Low
6923,0,0,0.27455413,Medium
6924,0,0,0.19576944,Low
6925,0,0,0.47035724,High
6926,1,1,0.5864034,High
6927,1,1,0.83923554,Very High
6928,0,0,0.2137485,Medium
6929,0,0,0.1956523,Low
6930,1,1,0.82535154,Very High
6931,0,0,0.357596,Medium
6932,0,0,0.10468141,Low
6933,1,0,0.14299482,Low
6934,0,0,0.3687465,Medium
6935,0,0,0.14572978,Low
6936,0,0,0.1636372,Low
6937,0,0,0.076804705,Low
6938,0,1,0.65755296,Very High
6939,0,0,0.24719402,Medium
6940,0,0,0.21758449,Medium
6941,0,0,0.09675719,Low
6942,0,0,0.19246252,Low
6943,1,1,0.6389849,Very High
6944,0,0,0.15398443,Low
6945,1,0,0.40330917,High
6946,1,1,0.5638221,High
6947,1,1,0.82209647,Very High
6948,0,0,0.17376283,Low
6949,0,0,0.09634688,Low
6950,1,0,0.30615795,Medium
6951,0,1,0.56621474,High
6952,1,1,0.69510436,Very High
6953,0,0,0.21343715,Medium
6954,0,0,0.261691,Medium
6955,1,1,0.50720346,High
6956,0,0,0.117653154,Low
6957,0,0,0.36364865,Medium
6958,1,1,0.8177367,Very High
6959,0,0,0.16877249,Low
6960,0,0,0.21665783,Medium
6961,0,0,0.33398405,Medium
6962,0,1,0.7243525,Very High
6963,1,0,0.3950266,Medium
6964,1,1,0.80026084,Very High
6965,0,0,0.190852,Low
6966,0,0,0.29485255,Medium
6967,0,0,0.4820413,High
6968,0,0,0.1457861,Low
6969,1,1,0.5601958,High
6970,0,0,0.36206964,Medium
6971,0,0,0.20282738,Medium
6972,0,0,0.21301062,Medium
6973,0,0,0.34783924,Medium
6974,0,1,0.7135795,Very High
6975,0,0,0.10273315,Low
6976,0,1,0.8722335,Very High
6977,0,0,0.33298066,Medium
6978,0,0,0.14506075,Low
6979,0,1,0.5896407,High
6980,0,0,0.09626767,Low
6981,0,0,0.1381464,Low
6982,1,0,0.42744246,High
6983,0,0,0.20050661,Medium
6984,0,0,0.38929147,Medium
6985,1,0,0.37905252,Medium
6986,0,0,0.38163197,Medium
6987,0,0,0.44608343,High
6988,0,0,0.44572458,High
6989,1,1,0.5596564,High
6990,0,1,0.66248053,Very High
6991,0,1,0.846814,Very High
6992,0,0,0.42819464,High
6993,0,0,0.1699475,Low
6994,0,1,0.53240114,High
6995,0,1,0.7814453,Very High
6996,1,1,0.5547212,High
6997,0,1,0.79925305,Very High
6998,0,1,0.52538365,High
6999,0,0,0.103393435,Low
7000,1,1,0.7959149,Very High
7001,0,0,0.25074458,Medium
7002,0,0,0.18604408,Low
7003,0,1,0.8997649,Very High
7004,0,0,0.41171485,High
7005,0,0,0.3028684,Medium
7006,0,0,0.2584925,Medium
7007,0,0,0.35391045,Medium
7008,0,0,0.12305618,Low
7009,0,1,0.5361426,High
7010,0,0,0.46076307,High
7011,0,0,0.26589477,Medium
7012,0,0,0.106783025,Low
7013,0,0,0.18226375,Low
7014,0,0,0.29814985,Medium
7015,0,0,0.25994387,Medium
7016,0,0,0.07104353,Low
7017,1,0,0.10531641,Low
7018,0,0,0.35614347,Medium
7019,0,0,0.103472345,Low
7020,0,0,0.30279037,Medium
7021,0,0,0.11297652,Low
7022,0,0,0.18349902,Low
7023,1,1,0.92727804,Very High
7024,0,0,0.2863662,Medium
7025,0,0,0.12634237,Low
7026,1,0,0.3524813,Medium
7027,0,0,0.16733967,Low
7028,0,0,0.23838498,Medium
7029,1,1,0.5119028,High
7030,0,0,0.1994927,Low
7031,0,0,0.2252951,Medium
7032,0,0,0.15732631,Low
7033,0,0,0.34225157,Medium
7034,0,0,0.18816543,Low
7035,0,0,0.3227238,Medium
7036,0,0,0.39047664,Medium
7037,0,0,0.3146643,Medium
7038,0,1,0.8969644,Very High
7039,0,0,0.30451062,Medium
7040,0,0,0.32863912,Medium
7041,0,0,0.06175173,Low
7042,0,0,0.28749985,Medium
7043,0,1,0.5249537,High
7044,0,0,0.3910003,Medium
7045,0,0,0.40606597,High
7046,0,0,0.108769,Low
7047,0,1,0.71173984,Very High
7048,1,1,0.51288867,High
7049,1,1,0.8284148,Very High
7050,0,0,0.28402525,Medium
7051,1,0,0.3390651,Medium
7052,0,1,0.5361755,High
7053,1,0,0.15262128,Low
7054,1,1,0.8776863,Very High
7055,0,0,0.28003538,Medium
7056,1,1,0.82630396,Very High
7057,1,1,0.8696654,Very High
7058,0,0,0.14247805,Low
7059,0,0,0.21188177,Medium
7060,0,1,0.81701505,Very High
7061,0,0,0.4996871,High
7062,1,1,0.68906325,Very High
7063,0,0,0.25902542,Medium
7064,0,0,0.37893486,Medium
7065,1,0,0.42835832,High
7066,0,0,0.30307144,Medium
7067,0,0,0.4233545,High
7068,0,1,0.8694373,Very High
7069,1,1,0.90043217,Very High
7070,0,0,0.21106577,Medium
7071,1,1,0.64091593,Very High
7072,0,1,0.668385,Very High
7073,0,0,0.16218781,Low
7074,1,1,0.80079854,Very High
7075,0,0,0.09355403,Low
7076,0,0,0.16596,Low
7077,0,0,0.37646005,Medium
7078,0,0,0.22990893,Medium
7079,0,0,0.15031752,Low
7080,0,0,0.35930866,Medium
7081,0,0,0.41009122,High
7082,1,0,0.13706785,Low
7083,1,1,0.7157252,Very High
7084,0,0,0.1191857,Low
7085,0,0,0.23197386,Medium
7086,1,1,0.5680225,High
7087,0,1,0.6053687,Very High
7088,1,0,0.4590692,High
7089,0,0,0.12995291,Low
7090,1,0,0.120295785,Low
7091,0,0,0.18459256,Low
7092,1,0,0.44043505,High
7093,1,0,0.117571846,Low
7094,0,1,0.84492075,Very High
7095,1,0,0.26645672,Medium
7096,0,0,0.42202517,High
7097,0,0,0.19727153,Low
7098,0,0,0.3208404,Medium
7099,0,0,0.2233837,Medium
7100,0,0,0.26356933,Medium
7101,0,0,0.14770402,Low
7102,0,0,0.36265162,Medium
7103,0,0,0.22761296,Medium
7104,0,0,0.06558169,Low
7105,0,0,0.0655058,Low
7106,0,0,0.330576,Medium
7107,0,1,0.5486927,High
7108,0,0,0.4650639,High
7109,0,0,0.3395823,Medium
7110,0,1,0.522292,High
7111,0,0,0.07144719,Low
7112,0,0,0.10489213,Low
7113,1,0,0.4836135,High
7114,0,0,0.15706687,Low
7115,0,0,0.13679004,Low
7116,0,0,0.30699083,Medium
7117,0,0,0.3210076,Medium
7118,0,0,0.47316182,High
7119,1,1,0.837744,Very High
7120,0,0,0.16240747,Low
7121,0,0,0.3612446,Medium
7122,0,0,0.14827181,Low
7123,1,1,0.8591764,Very High
7124,0,0,0.22822967,Medium
7125,1,0,0.28146917,Medium
7126,0,0,0.12920953,Low
7127,0,0,0.3730437,Medium
7128,0,0,0.07342727,Low
7129,1,0,0.16103995,Low
7130,0,0,0.292744,Medium
7131,1,1,0.8692809,Very High
7132,0,0,0.1595194,Low
7133,1,0,0.3447573,Medium
7134,0,0,0.18911357,Low
7135,1,1,0.9066915,Very High
7136,0,0,0.18426885,Low
7137,0,0,0.22973508,Medium
7138,1,1,0.8866006,Very High
7139,0,0,0.33707058,Medium
7140,0,0,0.46462956,High
7141,0,0,0.22272861,Medium
7142,0,0,0.31817755,Medium
7143,0,0,0.34317994,Medium
7144,1,0,0.49879462,High
7145,1,1,0.8744073,Very High
7146,0,1,0.8560404,Very High
7147,0,0,0.267486,Medium
7148,0,0,0.2491702,Medium
7149,0,1,0.5680225,High
7150,0,0,0.3928311,Medium
7151,0,0,0.3099449,Medium
7152,1,0,0.19344607,Low
7153,0,0,0.12289278,Low
7154,0,0,0.31644085,Medium
7155,1,1,0.8848575,Very High
7156,0,0,0.2917726,Medium
7157,0,0,0.29900548,Medium
7158,0,0,0.48923248,High
7159,0,0,0.13175462,Low
7160,0,0,0.11580695,Low
7161,0,0,0.19528984,Low
7162,1,0,0.24428073,Medium
7163,0,1,0.81310487,Very High
7164,0,0,0.40199223,High
7165,1,0,0.40490162,High
7166,0,0,0.32226112,Medium
7167,0,0,0.15489492,Low
7168,0,0,0.2989843,Medium
7169,1,1,0.8103827,Very High
7170,1,0,0.44663104,High
7171,0,1,0.55533326,High
7172,0,0,0.24802722,Medium
7173,0,0,0.21622756,Medium
7174,0,0,0.37256518,Medium
7175,0,1,0.8791049,Very High
7176,0,0,0.27398163,Medium
7177,0,0,0.35569862,Medium
7178,1,1,0.76175725,Very High
7179,0,0,0.3780195,Medium
7180,0,1,0.6369057,Very High
7181,0,0,0.24648555,Medium
7182,0,0,0.31619072,Medium
7183,1,1,0.8295342,Very High
7184,0,0,0.35866487,Medium
7185,0,1,0.5989729,High
7186,0,1,0.5406045,High
7187,0,0,0.1872316,Low
7188,0,1,0.71110016,Very High
7189,0,0,0.12626918,Low
7190,0,0,0.14117531,Low
7191,0,0,0.106768675,Low
7192,0,0,0.39239025,Medium
7193,1,1,0.6935237,Very High
7194,1,0,0.3085055,Medium
7195,0,0,0.22067976,Medium
7196,1,0,0.17744657,Low
7197,0,0,0.21844505,Medium
7198,0,0,0.16543703,Low
7199,0,0,0.36592403,Medium
7200,0,0,0.1346306,Low
7201,0,0,0.39307356,Medium
7202,0,0,0.36663443,Medium
7203,0,0,0.28519452,Medium
7204,0,0,0.3527299,Medium
7205,0,0,0.13795757,Low
7206,1,1,0.62180996,Very High
7207,0,0,0.4064828,High
7208,0,0,0.38766074,Medium
7209,0,0,0.40677482,High
7210,0,0,0.10335037,Low
7211,0,0,0.088526204,Low
7212,0,0,0.27470574,Medium
7213,1,0,0.32622483,Medium
7214,0,0,0.4876563,High
7215,0,1,0.6947756,Very High
7216,1,1,0.89804024,Very High
7217,1,1,0.86600846,Very High
7218,1,0,0.3657487,Medium
7219,0,0,0.18069994,Low
7220,1,0,0.2820322,Medium
7221,0,0,0.18250369,Low
7222,0,0,0.25691298,Medium
7223,0,0,0.18596222,Low
7224,0,1,0.5681529,High
7225,0,0,0.41383812,High
7226,0,0,0.1200496,Low
7227,0,0,0.18794137,Low
7228,1,0,0.13184315,Low
7229,1,0,0.20693208,Medium
7230,0,0,0.30609834,Medium
7231,0,0,0.4043561,High
7232,0,0,0.15763754,Low
7233,0,0,0.49752277,High
7234,0,1,0.5185111,High
7235,0,0,0.35729167,Medium
7236,0,0,0.3775709,Medium
7237,0,0,0.16659586,Low
7238,1,0,0.21908581,Medium
7239,1,0,0.44121686,High
7240,1,1,0.83663666,Very High
7241,0,0,0.2120756,Medium
7242,0,0,0.28423223,Medium
7243,0,0,0.27067444,Medium
7244,1,0,0.4434059,High
7245,1,1,0.56573695,High
7246,0,0,0.22603178,Medium
7247,0,0,0.4545726,High
7248,1,1,0.9024319,Very High
7249,0,1,0.811632,Very High
7250,1,0,0.37898594,Medium
7251,1,0,0.49980208,High
7252,0,0,0.36357686,Medium
7253,0,0,0.14093265,Low
7254,0,1,0.6919504,Very High
7255,0,0,0.40995386,High
7256,0,0,0.14719908,Low
7257,0,0,0.26435232,Medium
7258,1,0,0.3207824,Medium
7259,0,0,0.17368251,Low
7260,0,0,0.31229728,Medium
7261,0,0,0.097743146,Low
7262,0,1,0.70648396,Very High
7263,0,0,0.49197876,High
7264,0,1,0.5916893,High
7265,1,0,0.46693876,High
7266,1,1,0.5425861,High
7267,0,1,0.6454695,Very High
7268,0,0,0.38904518,Medium
7269,0,1,0.88412994,Very High
7270,0,0,0.206127,Medium
7271,1,1,0.88567746,Very High
7272,0,0,0.051535692,Low
7273,1,1,0.74756926,Very High
7274,0,0,0.17896867,Low
7275,0,0,0.24296771,Medium
7276,0,0,0.4196325,High
7277,0,1,0.6237376,Very High
7278,1,1,0.6875769,Very High
7279,0,0,0.14461641,Low
7280,0,0,0.12130784,Low
7281,0,0,0.09840792,Low
7282,0,0,0.17273726,Low
7283,0,0,0.23399232,Medium
7284,1,1,0.6802037,Very High
7285,0,1,0.53408647,High
7286,0,0,0.32841545,Medium
7287,0,0,0.2702643,Medium
7288,0,0,0.15697886,Low
7289,0,0,0.2979853,Medium
7290,0,0,0.36086226,Medium
7291,0,0,0.21908118,Medium
7292,1,1,0.8768922,Very High
7293,0,0,0.17555805,Low
7294,0,0,0.38751355,Medium
7295,0,0,0.17780533,Low
7296,0,0,0.3837987,Medium
7297,0,0,0.19681993,Low
7298,0,0,0.17467117,Low
7299,0,0,0.19781919,Low
7300,0,0,0.20052138,Medium
7301,0,0,0.30862457,Medium
7302,0,0,0.38506913,Medium
7303,0,0,0.13865781,Low
7304,0,0,0.20849662,Medium
7305,0,0,0.12748693,Low
7306,0,0,0.34950843,Medium
7307,0,0,0.2832454,Medium
7308,1,1,0.6897415,Very High
7309,0,0,0.24324828,Medium
7310,0,0,0.49775764,High
7311,1,1,0.8295383,Very High
7312,0,0,0.25082377,Medium
7313,0,0,0.064576715,Low
7314,1,0,0.3314661,Medium
7315,1,0,0.12301937,Low
7316,0,0,0.26582104,Medium
7317,1,0,0.15723313,Low
7318,0,0,0.30550858,Medium
7319,0,0,0.06073731,Low
7320,1,1,0.6590287,Very High
7321,0,0,0.12151483,Low
7322,0,0,0.05156684,Low
7323,1,1,0.90119576,Very High
7324,0,0,0.10722976,Low
7325,0,0,0.31940615,Medium
7326,0,0,0.14831297,Low
7327,0,0,0.2472516,Medium
7328,1,0,0.29169953,Medium
7329,0,0,0.2948526,Medium
7330,1,1,0.5523518,High
7331,0,0,0.20690268,Medium
7332,1,1,0.8720049,Very High
7333,0,0,0.131443,Low
7334,0,0,0.2721558,Medium
7335,0,1,0.5359004,High
7336,0,0,0.16246057,Low
7337,0,0,0.4136442,High
7338,1,0,0.38401443,Medium
7339,1,1,0.84961146,Very High
7340,1,1,0.8788341,Very High
7341,0,0,0.115734436,Low
7342,0,0,0.34124196,Medium
7343,0,0,0.39010546,Medium
7344,0,0,0.14033367,Low
7345,0,0,0.36491445,Medium
7346,0,0,0.1435781,Low
7347,0,0,0.37289503,Medium
7348,0,0,0.16843045,Low
7349,0,0,0.38628373,Medium
7350,1,1,0.82923883,Very High
7351,0,0,0.06490027,Low
7352,0,0,0.4010197,High
7353,0,0,0.31437576,Medium
7354,0,0,0.24029373,Medium
7355,0,0,0.3056395,Medium
7356,0,0,0.29989168,Medium
7357,1,0,0.21069928,Medium
7358,1,0,0.19546475,Low
7359,0,0,0.23653711,Medium
7360,0,0,0.40221992,High
7361,0,1,0.5058075,High
7362,0,0,0.25762016,Medium
7363,0,0,0.11526095,Low
7364,0,0,0.22393042,Medium
7365,1,0,0.23621929,Medium
7366,0,0,0.097661704,Low
7367,0,0,0.48494783,High
7368,0,0,0.23073079,Medium
7369,1,1,0.9053249,Very High
7370,0,0,0.2937668,Medium
7371,1,0,0.30746067,Medium
7372,0,0,0.48353472,High
7373,0,0,0.33812696,Medium
7374,1,1,0.6427922,Very High
7375,1,0,0.36169666,Medium
7376,0,1,0.83554304,Very High
7377,0,1,0.63452333,Very High
7378,0,1,0.8745521,Very High
7379,0,0,0.13779685,Low
7380,0,0,0.35520002,Medium
7381,0,0,0.10860796,Low
7382,1,0,0.218214,Medium
7383,0,0,0.29072666,Medium
7384,0,1,0.84170955,Very High
7385,0,0,0.34768227,Medium
7386,0,0,0.380868,Medium
7387,1,0,0.4883458,High
7388,0,0,0.2084984,Medium
7389,0,0,0.14228104,Low
7390,0,0,0.14306931,Low
7391,0,0,0.32967514,Medium
7392,0,0,0.31950408,Medium
7393,0,0,0.34168795,Medium
7394,0,0,0.28878313,Medium
7395,1,1,0.89508945,Very High
7396,0,0,0.14229368,Low
7397,1,1,0.5151535,High
7398,1,1,0.6454695,Very High
7399,0,0,0.24103726,Medium
7400,1,1,0.8479235,Very High
7401,0,0,0.23054448,Medium
7402,0,0,0.34390914,Medium
7403,1,0,0.33005986,Medium
7404,0,0,0.21852379,Medium
7405,1,0,0.2905538,Medium
7406,0,0,0.19617775,Low
7407,1,0,0.29928976,Medium
7408,0,0,0.45275918,High
7409,1,1,0.878921,Very High
7410,0,0,0.2561016,Medium
7411,0,0,0.45098257,High
7412,0,0,0.11433895,Low
7413,0,1,0.5499755,High
7414,0,0,0.33180556,Medium
7415,1,1,0.6837172,Very High
7416,0,1,0.62543035,Very High
7417,0,1,0.8413358,Very High
7418,0,0,0.25979346,Medium
7419,0,0,0.2142704,Medium
7420,0,0,0.43874982,High
7421,0,0,0.34114006,Medium
7422,0,0,0.25945687,Medium
7423,0,1,0.51262903,High
7424,0,0,0.3217382,Medium
7425,0,0,0.332163,Medium
7426,0,1,0.5653244,High
7427,0,0,0.20674783,Medium
7428,1,0,0.4532628,High
7429,0,0,0.2036058,Medium
7430,1,0,0.43267518,High
7431,0,0,0.47166696,High
7432,0,0,0.28038874,Medium
7433,0,0,0.36725456,Medium
7434,1,0,0.12468175,Low
7435,0,0,0.09327253,Low
7436,1,0,0.25729793,Medium
7437,1,1,0.88104975,Very High
7438,0,0,0.3528668,Medium
7439,0,0,0.33975932,Medium
7440,1,1,0.5067687,High
7441,0,0,0.3583837,Medium
7442,0,0,0.14561115,Low
7443,0,0,0.4205589,High
7444,1,1,0.7569911,Very High
7445,0,0,0.24970452,Medium
7446,0,0,0.2299712,Medium
7447,0,0,0.17756745,Low
7448,1,1,0.7744464,Very High
7449,0,0,0.094155274,Low
7450,0,0,0.2366626,Medium
7451,1,0,0.21315345,Medium
7452,0,1,0.57323945,High
7453,1,1,0.5329859,High
7454,0,0,0.4504541,High
7455,0,0,0.249669,Medium
7456,1,1,0.6454695,Very High
7457,0,0,0.08692233,Low
7458,0,0,0.28716862,Medium
7459,0,1,0.6181058,Very High
7460,0,0,0.0948161,Low
7461,0,0,0.077347115,Low
7462,0,0,0.2972114,Medium
7463,0,0,0.24816228,Medium
7464,0,0,0.20845883,Medium
7465,0,0,0.2651505,Medium
7466,1,0,0.25392255,Medium
7467,0,0,0.09381362,Low
7468,0,0,0.095587924,Low
7469,1,1,0.79242307,Very High
7470,0,0,0.12308223,Low
7471,0,0,0.24696724,Medium
7472,0,0,0.2220726,Medium
7473,0,0,0.30518824,Medium
7474,0,0,0.48634163,High
7475,1,1,0.8458179,Very High
7476,0,0,0.32086548,Medium
7477,1,0,0.32163075,Medium
7478,0,0,0.2303569,Medium
7479,0,0,0.22279117,Medium
7480,0,0,0.31165916,Medium
7481,1,1,0.86026406,Very High
7482,0,1,0.5173804,High
7483,0,0,0.17785108,Low
7484,0,0,0.062560275,Low
7485,1,1,0.8450365,Very High
7486,1,1,0.60478055,Very High
7487,0,0,0.22463936,Medium
7488,0,0,0.3314793,Medium
7489,0,0,0.28425172,Medium
7490,0,0,0.36956432,Medium
7491,1,1,0.7383221,Very High
7492,0,0,0.37160307,Medium
7493,0,0,0.3230718,Medium
7494,0,0,0.0612156,Low
7495,0,0,0.11410832,Low
7496,0,0,0.26428333,Medium
7497,0,0,0.1872219,Low
7498,0,0,0.23370257,Medium
7499,0,0,0.34330386,Medium
7500,0,1,0.8470835,Very High
7501,0,0,0.36083555,Medium
7502,0,0,0.39628318,Medium
7503,0,0,0.39536604,Medium
7504,1,1,0.8532904,Very High
7505,1,1,0.89355665,Very High
7506,1,1,0.56484956,High
7507,1,1,0.54161817,High
7508,0,0,0.2614027,Medium
7509,0,0,0.38192326,Medium
7510,0,0,0.11372184,Low
7511,0,0,0.08192556,Low
7512,0,0,0.26425546,Medium
7513,0,0,0.19470997,Low
7514,0,0,0.1584022,Low
7515,0,0,0.21269502,Medium
7516,1,0,0.3753624,Medium
7517,0,1,0.64045215,Very High
7518,0,0,0.32363832,Medium
7519,0,0,0.14831959,Low
7520,0,0,0.3307494,Medium
7521,0,0,0.098053366,Low
7522,0,0,0.47320813,High
7523,0,0,0.22706118,Medium
7524,0,0,0.13580388,Low
7525,0,0,0.2657441,Medium
7526,0,0,0.38939765,Medium
7527,0,0,0.10006739,Low
7528,0,1,0.6393031,Very High
7529,1,1,0.5284124,High
7530,0,0,0.251562,Medium
7531,1,1,0.90586454,Very High
7532,1,1,0.89572,Very High
7533,0,0,0.19084352,Low
7534,0,0,0.25922072,Medium
7535,0,1,0.5797911,High
7536,1,1,0.8982538,Very High
7537,1,0,0.31331056,Medium
7538,0,0,0.47667593,High
7539,0,0,0.4787385,High
7540,0,0,0.19691557,Low
7541,0,0,0.14621346,Low
7542,1,1,0.65650034,Very High
7543,1,0,0.41016078,High
7544,0,0,0.08609109,Low
7545,0,0,0.29095334,Medium
7546,0,0,0.28403872,Medium
7547,0,1,0.5271979,High
7548,0,0,0.25781783,Medium
7549,0,1,0.85290813,Very High
7550,0,0,0.13811867,Low
7551,0,0,0.3541664,Medium
7552,0,0,0.14172694,Low
7553,0,0,0.36666656,Medium
7554,0,0,0.42080662,High
7555,0,1,0.53783804,High
7556,1,1,0.65427357,Very High
7557,0,0,0.33917084,Medium
7558,1,0,0.3366577,Medium
7559,0,0,0.101051405,Low
7560,0,0,0.44472483,High
7561,1,1,0.85469943,Very High
7562,0,0,0.42877626,High
7563,0,0,0.33483887,Medium
7564,0,0,0.119318105,Low
7565,1,0,0.3404242,Medium
7566,0,0,0.19843823,Low
7567,0,0,0.3904437,Medium
7568,0,0,0.1261002,Low
7569,1,1,0.8938937,Very High
7570,0,0,0.23288697,Medium
7571,0,0,0.38689554,Medium
7572,0,0,0.118514724,Low
7573,0,1,0.6578192,Very High
7574,0,0,0.4630449,High
7575,0,0,0.38652205,Medium
7576,0,0,0.18655965,Low
7577,1,0,0.27741393,Medium
7578,0,0,0.08857391,Low
7579,0,0,0.2505953,Medium
7580,1,1,0.75137943,Very High
7581,0,0,0.14647715,Low
7582,0,0,0.25197697,Medium
7583,1,0,0.45155716,High
7584,0,0,0.20434734,Medium
7585,0,1,0.6364002,Very High
7586,0,0,0.07175456,Low
7587,0,0,0.2892959,Medium
7588,0,0,0.3772159,Medium
7589,0,0,0.34015512,Medium
7590,0,1,0.81583863,Very High
7591,0,0,0.23410611,Medium
7592,1,1,0.90478134,Very High
7593,0,0,0.35424063,Medium
7594,0,0,0.32094115,Medium
7595,0,0,0.28419128,Medium
7596,0,1,0.5751776,High
7597,0,0,0.10326357,Low
7598,1,0,0.30920526,Medium
7599,0,1,0.61073726,Very High
7600,0,0,0.35034272,Medium
7601,0,1,0.58765703,High
7602,0,0,0.28713182,Medium
7603,1,0,0.4713816,High
7604,0,0,0.3851996,Medium
7605,0,0,0.24829157,Medium
7606,0,0,0.22203279,Medium
7607,1,0,0.22584748,Medium
7608,0,0,0.40700975,High
7609,1,1,0.7088661,Very High
7610,0,0,0.33718228,Medium
7611,0,1,0.80303586,Very High
7612,0,0,0.22820933,Medium
7613,0,0,0.12285272,Low
7614,0,0,0.18034115,Low
7615,0,0,0.22218022,Medium
7616,0,0,0.38240364,Medium
7617,1,1,0.8459523,Very High
7618,1,1,0.552636,High
7619,0,0,0.32608452,Medium
7620,0,0,0.28110594,Medium
7621,0,0,0.33572593,Medium
7622,0,0,0.31316045,Medium
7623,0,0,0.235322,Medium
7624,0,1,0.68830115,Very High
7625,0,0,0.4228005,High
7626,0,0,0.33476081,Medium
7627,0,0,0.12684529,Low
7628,1,0,0.34936637,Medium
7629,1,1,0.8016211,Very High
7630,0,0,0.095972046,Low
7631,0,0,0.30525705,Medium
7632,0,0,0.2575086,Medium
7633,0,1,0.55123717,High
7634,1,0,0.3098524,Medium
7635,0,0,0.34374288,Medium
7636,0,0,0.4574036,High
7637,0,0,0.15664113,Low
7638,0,0,0.21122733,Medium
7639,0,1,0.58458513,High
7640,1,0,0.41277578,High
7641,0,0,0.4115041,High
7642,0,0,0.147808,Low
7643,0,0,0.3435475,Medium
7644,0,0,0.43275782,High
7645,0,0,0.20504364,Medium
7646,1,0,0.265425,Medium
7647,0,0,0.44417757,High
7648,0,1,0.6550361,Very High
7649,0,0,0.30410436,Medium
7650,0,0,0.18732709,Low
7651,1,0,0.21161303,Medium
7652,0,0,0.32885367,Medium
7653,0,0,0.40946397,High
7654,0,0,0.4058409,High
7655,0,0,0.32430652,Medium
7656,0,0,0.18253234,Low
7657,0,0,0.4720875,High
7658,0,0,0.4210703,High
7659,0,1,0.7184276,Very High
7660,0,1,0.83703595,Very High
7661,1,1,0.826636,Very High
7662,1,0,0.34931085,Medium
7663,1,1,0.9079486,Very High
7664,0,0,0.24086845,Medium
7665,0,0,0.2568767,Medium
7666,0,0,0.21350461,Medium
7667,1,1,0.84624684,Very High
7668,0,1,0.53407735,High
7669,0,0,0.29480267,Medium
7670,0,0,0.06687739,Low
7671,0,0,0.350722,Medium
7672,0,0,0.26305333,Medium
7673,1,1,0.5543738,High
7674,0,0,0.20661382,Medium
7675,0,0,0.16524723,Low
7676,1,0,0.21814066,Medium
7677,0,0,0.31902307,Medium
7678,0,1,0.5319601,High
7679,0,0,0.1500531,Low
7680,1,1,0.896232,Very High
7681,0,0,0.16497952,Low
7682,1,1,0.80328745,Very High
7683,0,0,0.12579979,Low
7684,0,1,0.6168011,Very High
7685,0,0,0.46105662,High
7686,0,0,0.41354072,High
7687,0,0,0.18592104,Low
7688,0,0,0.08001964,Low
7689,1,0,0.37522876,Medium
7690,1,0,0.15278445,Low
7691,0,0,0.37952605,Medium
7692,0,0,0.23829697,Medium
7693,0,1,0.8784296,Very High
7694,1,1,0.56416047,High
7695,0,0,0.2387207,Medium
7696,0,0,0.12702088,Low
7697,1,0,0.18929732,Low
7698,0,0,0.08930469,Low
7699,0,0,0.14525706,Low
7700,0,0,0.2463828,Medium
7701,1,0,0.32549852,Medium
7702,0,0,0.3617872,Medium
7703,0,0,0.1882818,Low
7704,0,0,0.1872937,Low
7705,0,1,0.56947124,High
7706,0,1,0.84652746,Very High
7707,0,0,0.30042452,Medium
7708,0,1,0.54389554,High
7709,0,0,0.39715034,Medium
7710,1,0,0.37117478,Medium
7711,0,0,0.14757212,Low
7712,0,1,0.5277295,High
7713,0,0,0.25261784,Medium
7714,0,0,0.10867227,Low
7715,0,0,0.45456257,High
7716,0,0,0.40492374,High
7717,0,0,0.26617137,Medium
7718,0,0,0.3181836,Medium
7719,1,0,0.487543,High
7720,0,0,0.12156263,Low
7721,0,0,0.3147754,Medium
7722,1,1,0.6136935,Very High
7723,0,0,0.38103834,Medium
7724,0,0,0.17945574,Low
7725,1,1,0.5280805,High
7726,0,1,0.6379926,Very High
7727,1,1,0.55327725,High
7728,0,0,0.36797312,Medium
7729,0,0,0.09811679,Low
7730,0,0,0.42990252,High
7731,0,0,0.19326682,Low
7732,0,0,0.09709324,Low
7733,1,1,0.841478,Very High
7734,0,0,0.2101209,Medium
7735,1,1,0.911658,Very High
7736,0,0,0.31120855,Medium
7737,1,0,0.45813632,High
7738,0,0,0.08794568,Low
7739,1,1,0.84121555,Very High
7740,0,0,0.08512832,Low
7741,0,0,0.22806013,Medium
7742,1,0,0.34486863,Medium
7743,0,0,0.110077165,Low
7744,1,1,0.8911191,Very High
7745,0,0,0.3206168,Medium
7746,0,0,0.21681628,Medium
7747,0,1,0.5333744,High
7748,0,0,0.1629864,Low
7749,0,0,0.10666423,Low
7750,1,0,0.13666102,Low
7751,0,0,0.28501615,Medium
7752,0,1,0.6269441,Very High
7753,1,1,0.86659247,Very High
7754,0,0,0.21827553,Medium
7755,0,0,0.33277932,Medium
7756,0,1,0.6911521,Very High
7757,0,0,0.092275865,Low
7758,0,0,0.30405945,Medium
7759,1,0,0.22425984,Medium
7760,0,1,0.59389055,High
7761,1,1,0.5245748,High
7762,0,0,0.1241768,Low
7763,0,0,0.33033532,Medium
7764,0,0,0.17893983,Low
7765,0,0,0.11548031,Low
7766,0,0,0.19935781,Low
7767,0,0,0.4119617,High
7768,0,0,0.39702103,Medium
7769,1,1,0.6786833,Very High
7770,0,0,0.30777457,Medium
7771,0,0,0.15113305,Low
7772,0,0,0.11388713,Low
7773,0,0,0.37626907,Medium
7774,0,0,0.32607898,Medium
7775,1,1,0.85030943,Very High
7776,0,1,0.69777966,Very High
7777,1,1,0.6390686,Very High
7778,1,0,0.14111924,Low
7779,0,0,0.15626536,Low
7780,0,0,0.31166366,Medium
7781,1,0,0.19617598,Low
7782,0,0,0.18809041,Low
7783,1,0,0.49546903,High
7784,0,0,0.35344818,Medium
7785,1,1,0.5519838,High
7786,1,1,0.81124777,Very High
7787,1,1,0.8662484,Very High
7788,0,0,0.18317527,Low
7789,1,1,0.94311637,Very High
7790,0,0,0.12770312,Low
7791,0,1,0.57190746,High
7792,0,0,0.36250758,Medium
7793,1,1,0.881872,Very High
7794,0,0,0.16668995,Low
7795,0,0,0.28288794,Medium
7796,0,0,0.24064703,Medium
7797,0,0,0.32440877,Medium
7798,0,0,0.39654642,Medium
7799,0,0,0.4694028,High
7800,0,0,0.3540281,Medium
7801,0,0,0.1476503,Low
7802,1,0,0.24882434,Medium
7803,1,1,0.9080731,Very High
7804,0,0,0.16306837,Low
7805,0,0,0.26114097,Medium
7806,0,0,0.30393997,Medium
7807,0,0,0.19600247,Low
7808,0,0,0.18655793,Low
7809,0,0,0.29834604,Medium
7810,0,0,0.28602263,Medium
7811,1,1,0.93076664,Very High
7812,0,0,0.3818852,Medium
7813,0,0,0.26060912,Medium
7814,0,0,0.18893242,Low
7815,0,0,0.2559681,Medium
7816,0,0,0.13438722,Low
7817,0,1,0.77349615,Very High
7818,0,1,0.7361864,Very High
7819,0,0,0.20611118,Medium
7820,0,0,0.3083988,Medium
7821,0,0,0.12587927,Low
7822,1,1,0.67818403,Very High
7823,0,0,0.15205617,Low
7824,0,0,0.25627694,Medium
7825,0,0,0.30169803,Medium
7826,0,1,0.5970348,High
7827,0,0,0.33070543,Medium
7828,0,0,0.11789017,Low
7829,0,0,0.31587932,Medium
7830,1,1,0.74583656,Very High
7831,1,0,0.3291299,Medium
7832,0,0,0.2034675,Medium
7833,0,0,0.12734674,Low
7834,0,0,0.22750293,Medium
7835,0,0,0.23828991,Medium
7836,0,0,0.4442343,High
7837,0,0,0.32517552,Medium
7838,0,0,0.12827453,Low
7839,0,0,0.29705924,Medium
7840,0,1,0.8497822,Very High
7841,0,0,0.20605877,Medium
7842,0,0,0.24627843,Medium
7843,1,1,0.5580341,High
7844,0,0,0.14203237,Low
7845,0,0,0.3675523,Medium
7846,0,0,0.33826026,Medium
7847,1,1,0.70166683,Very High
7848,0,0,0.32592207,Medium
7849,1,0,0.41192642,High
7850,0,0,0.20419726,Medium
7851,0,1,0.80102724,Very High
7852,0,0,0.40733215,High
7853,1,1,0.8203121,Very High
7854,0,0,0.08668402,Low
7855,0,0,0.10021233,Low
7856,0,0,0.33847946,Medium
7857,1,1,0.86146086,Very High
7858,0,0,0.4949967,High
7859,0,0,0.38687646,Medium
7860,0,1,0.50302786,High
7861,1,1,0.87792915,Very High
7862,0,0,0.10057147,Low
7863,0,0,0.25620034,Medium
7864,0,0,0.16989098,Low
7865,0,0,0.20626801,Medium
7866,0,0,0.4436187,High
7867,0,0,0.08999493,Low
7868,0,0,0.3409635,Medium
7869,1,1,0.56837314,High
7870,0,0,0.066982806,Low
7871,0,0,0.45015216,High
7872,0,0,0.17526558,Low
7873,0,0,0.16572343,Low
7874,0,0,0.2352627,Medium
7875,0,0,0.1850841,Low
7876,0,0,0.15231909,Low
7877,1,1,0.885989,Very High
7878,0,0,0.16475415,Low
7879,0,0,0.27201685,Medium
7880,0,0,0.3589036,Medium
7881,1,1,0.9122726,Very High
7882,0,0,0.4407006,High
7883,1,0,0.28563136,Medium
7884,0,0,0.24432802,Medium
7885,0,0,0.20602539,Medium
7886,1,0,0.27784777,Medium
7887,0,0,0.19105482,Low
7888,0,0,0.45764485,High
7889,0,0,0.0750658,Low
7890,0,0,0.45294565,High
7891,0,0,0.11419764,Low
7892,0,0,0.2077923,Medium
7893,0,0,0.2768425,Medium
7894,0,0,0.3194693,Medium
7895,0,0,0.22556357,Medium
7896,0,0,0.22010943,Medium
7897,1,0,0.42677048,High
7898,1,0,0.4805732,High
7899,1,1,0.85187703,Very High
7900,0,0,0.19640303,Low
7901,0,0,0.18959834,Low
7902,1,1,0.8898606,Very High
7903,1,0,0.38047916,Medium
7904,0,0,0.32106605,Medium
7905,0,0,0.17132789,Low
7906,0,0,0.29528967,Medium
7907,0,0,0.28565148,Medium
7908,0,1,0.51510966,High
7909,0,0,0.32461813,Medium
7910,0,0,0.28618318,Medium
7911,0,0,0.08573497,Low
7912,1,1,0.8522607,Very High
7913,0,0,0.12585986,Low
7914,0,0,0.21612597,Medium
7915,0,0,0.06411753,Low
7916,0,0,0.113049045,Low
7917,0,0,0.37311623,Medium
7918,0,0,0.2845511,Medium
7919,0,0,0.13245377,Low
7920,0,0,0.22585176,Medium
7921,1,0,0.15745494,Low
7922,1,0,0.37646973,Medium
7923,1,1,0.5938956,High
7924,0,0,0.4559124,High
7925,0,0,0.18407637,Low
7926,1,1,0.9091992,Very High
7927,0,0,0.2672093,Medium
7928,0,0,0.2711644,Medium
7929,1,0,0.285025,Medium
7930,0,0,0.40679651,High
7931,1,0,0.4162369,High
7932,0,0,0.18989944,Low
7933,1,1,0.717098,Very High
7934,0,0,0.25566596,Medium
7935,1,1,0.58684504,High
7936,0,0,0.25778756,Medium
7937,0,0,0.22133063,Medium
7938,0,0,0.19044201,Low
7939,0,0,0.13493294,Low
7940,1,1,0.52671206,High
7941,0,0,0.31453258,Medium
7942,0,0,0.28549078,Medium
7943,0,0,0.093801975,Low
7944,0,0,0.36973858,Medium
7945,1,1,0.8815887,Very High
7946,1,1,0.5465661,High
7947,1,1,0.79107714,Very High
7948,0,1,0.54246753,High
7949,0,0,0.3680468,Medium
7950,0,0,0.2980961,Medium
7951,0,0,0.25390312,Medium
7952,0,0,0.24779354,Medium
7953,0,0,0.16738664,Low
7954,0,0,0.43267608,High
7955,0,0,0.25166422,Medium
7956,0,1,0.8124588,Very High
7957,0,0,0.41993734,High
7958,0,0,0.25667098,Medium
7959,0,0,0.14091787,Low
7960,0,1,0.78170794,Very High
7961,0,0,0.31353042,Medium
7962,1,1,0.8167423,Very High
7963,0,0,0.34193245,Medium
7964,0,0,0.34780082,Medium
7965,0,0,0.36485434,Medium
7966,1,0,0.1262802,Low
7967,0,0,0.3017458,Medium
7968,0,0,0.27155054,Medium
7969,1,1,0.72391284,Very High
7970,0,0,0.2054454,Medium
7971,0,0,0.23949242,Medium
7972,0,0,0.15758437,Low
7973,0,0,0.14562003,Low
7974,0,1,0.60346943,Very High
7975,0,0,0.22661947,Medium
7976,0,0,0.30283514,Medium
7977,0,0,0.3120393,Medium
7978,1,0,0.23049922,Medium
7979,1,0,0.36668503,Medium
7980,0,0,0.18585621,Low
7981,0,0,0.21722119,Medium
7982,0,0,0.38354445,Medium
7983,0,1,0.6595504,Very High
7984,0,0,0.18520215,Low
7985,0,1,0.83886707,Very High
7986,0,0,0.06504856,Low
7987,0,0,0.37465253,Medium
7988,1,1,0.886235,Very High
7989,0,0,0.35477185,Medium
7990,0,0,0.27133363,Medium
7991,0,0,0.30702692,Medium
7992,0,0,0.424373,High
7993,1,1,0.90467286,Very High
7994,0,0,0.19566996,Low
7995,1,0,0.4078221,High
7996,0,0,0.16211757,Low
7997,0,0,0.28103948,Medium
7998,0,0,0.11781345,Low
7999,0,0,0.13622262,Low
8000,1,0,0.3318577,Medium
8001,0,0,0.41142127,High
8002,0,0,0.14377883,Low
8003,0,0,0.070554495,Low
8004,0,0,0.31181642,Medium
8005,1,0,0.18152203,Low
8006,0,0,0.22662741,Medium
8007,1,0,0.27978703,Medium
8008,1,0,0.19566756,Low
8009,0,0,0.37068266,Medium
8010,0,0,0.3565395,Medium
8011,0,0,0.24630806,Medium
8012,0,0,0.10427439,Low
8013,0,0,0.33283418,Medium
8014,0,0,0.31491837,Medium
8015,0,0,0.30554548,Medium
8016,1,1,0.5496387,High
8017,0,1,0.8541631,Very High
8018,0,1,0.58001333,High
8019,0,0,0.19219674,Low
8020,1,1,0.58160037,High
8021,1,0,0.36350223,Medium
8022,1,1,0.85954946,Very High
8023,0,0,0.24123769,Medium
8024,0,0,0.08453083,Low
8025,0,0,0.45552447,High
8026,0,1,0.51147926,High
8027,0,0,0.3128732,Medium
8028,0,0,0.40208447,High
8029,0,0,0.2772509,Medium
8030,0,0,0.14630003,Low
8031,0,0,0.32272524,Medium
8032,0,0,0.25622094,Medium
8033,1,1,0.7107842,Very High
8034,0,0,0.1743112,Low
8035,0,0,0.089006,Low
8036,0,0,0.11160392,Low
8037,0,0,0.3103068,Medium
8038,0,0,0.14070623,Low
8039,0,0,0.35736105,Medium
8040,0,0,0.47104296,High
8041,1,0,0.24912782,Medium
8042,1,1,0.8726058,Very High
8043,1,1,0.83752686,Very High
8044,1,0,0.17717792,Low
8045,0,0,0.22789012,Medium
8046,0,1,0.5321231,High
8047,0,1,0.86803627,Very High
8048,0,0,0.23003724,Medium
8049,1,1,0.8971997,Very High
8050,0,0,0.23319599,Medium
8051,0,0,0.101082385,Low
8052,0,1,0.7339566,Very High
8053,0,0,0.36134276,Medium
8054,0,1,0.76111865,Very High
8055,0,0,0.1487823,Low
8056,1,0,0.3501666,Medium
8057,0,0,0.29063258,Medium
8058,0,0,0.16408327,Low
8059,0,0,0.19697599,Low
8060,0,0,0.16507182,Low
8061,0,0,0.24299759,Medium
8062,0,0,0.31748086,Medium
8063,0,0,0.36459646,Medium
8064,0,0,0.37725687,Medium
8065,0,0,0.38835868,Medium
8066,0,0,0.35572338,Medium
8067,0,0,0.16237888,Low
8068,0,1,0.53583306,High
8069,0,0,0.14740999,Low
8070,0,0,0.25483164,Medium
8071,0,0,0.19045626,Low
8072,0,0,0.3457579,Medium
8073,0,0,0.17627785,Low
8074,0,0,0.43019676,High
8075,0,0,0.37860307,Medium
8076,0,1,0.57848537,High
8077,1,1,0.51877975,High
8078,0,0,0.09106838,Low
8079,0,0,0.40376845,High
8080,0,0,0.43027833,High
8081,0,0,0.17280209,Low
8082,0,0,0.20148832,Medium
8083,1,1,0.78927165,Very High
8084,0,0,0.17867582,Low
8085,1,1,0.83810216,Very High
8086,0,0,0.08260649,Low
8087,0,0,0.3654194,Medium
8088,0,0,0.16419952,Low
8089,0,0,0.2626563,Medium
8090,1,1,0.85451466,Very High
8091,1,1,0.7764278,Very High
8092,0,1,0.58568656,High
8093,0,0,0.0903059,Low
8094,1,0,0.14122462,Low
8095,0,0,0.28553605,Medium
8096,0,0,0.11671082,Low
8097,0,0,0.3124631,Medium
8098,0,0,0.15862344,Low
8099,0,0,0.38510615,Medium
8100,1,0,0.32156774,Medium
8101,0,0,0.26615074,Medium
8102,0,0,0.3278176,Medium
8103,0,0,0.19579345,Low
8104,0,0,0.09757339,Low
8105,1,1,0.90769434,Very High
8106,1,1,0.5890843,High
8107,0,0,0.38791725,Medium
8108,0,0,0.35385612,Medium
8109,0,1,0.55590224,High
8110,1,0,0.19438055,Low
8111,0,1,0.8704465,Very High
8112,1,1,0.56993145,High
8113,0,0,0.439786,High
8114,1,1,0.6383934,Very High
8115,0,1,0.8870372,Very High
8116,0,0,0.25559583,Medium
8117,0,0,0.32978964,Medium
8118,1,1,0.8149435,Very High
8119,1,0,0.44351918,High
8120,0,0,0.123571895,Low
8121,0,0,0.21385208,Medium
8122,0,0,0.18924706,Low
8123,0,0,0.34248403,Medium
8124,0,0,0.10717476,Low
8125,1,1,0.9140385,Very High
8126,0,0,0.13593756,Low
8127,0,0,0.1399138,Low
8128,0,0,0.27843943,Medium
8129,0,0,0.3226858,Medium
8130,0,1,0.8357423,Very High
8131,0,0,0.19668953,Low
8132,0,0,0.09669207,Low
8133,0,0,0.35670912,Medium
8134,0,0,0.20347282,Medium
8135,1,1,0.8534728,Very High
8136,0,0,0.237167,Medium
8137,0,0,0.1572548,Low
8138,0,0,0.08470272,Low
8139,1,1,0.75056297,Very High
8140,1,1,0.7181381,Very High
8141,0,0,0.44014505,High
8142,0,0,0.23998751,Medium
8143,1,1,0.6026766,Very High
8144,0,1,0.5571075,High
8145,0,1,0.5043686,High
8146,0,0,0.33543146,Medium
8147,0,0,0.353927,Medium
8148,1,0,0.32493508,Medium
8149,1,1,0.54668367,High
8150,0,0,0.121901475,Low
8151,0,0,0.09272441,Low
8152,0,0,0.23537715,Medium
8153,0,0,0.22430973,Medium
8154,0,0,0.1971122,Low
8155,0,0,0.29525435,Medium
8156,0,0,0.14154094,Low
8157,0,1,0.6829664,Very High
8158,0,0,0.24168828,Medium
8159,0,0,0.08412798,Low
8160,0,0,0.48298928,High
8161,0,0,0.40728778,High
8162,1,1,0.5536946,High
8163,0,0,0.17796011,Low
8164,1,1,0.8399312,Very High
8165,0,0,0.24728449,Medium
8166,0,0,0.3840517,Medium
8167,0,0,0.13482335,Low
8168,0,1,0.73567104,Very High
8169,0,0,0.27462938,Medium
8170,0,0,0.26607978,Medium
8171,0,0,0.1164918,Low
8172,1,0,0.4413587,High
8173,1,0,0.44822198,High
8174,0,0,0.21848182,Medium
8175,1,1,0.82654935,Very High
8176,1,0,0.20387119,Medium
8177,0,0,0.22990061,Medium
8178,1,1,0.90184665,Very High
8179,1,1,0.88466895,Very High
8180,0,0,0.12118329,Low
8181,1,0,0.2663589,Medium
8182,0,0,0.17324193,Low
8183,1,0,0.37686697,Medium
8184,0,0,0.42124668,High
8185,0,1,0.530977,High
8186,1,1,0.5743748,High
8187,0,0,0.09162234,Low
8188,1,0,0.32892713,Medium
8189,0,0,0.4693354,High
8190,1,0,0.35548884,Medium
8191,1,1,0.7763356,Very High
8192,0,0,0.22350815,Medium
8193,0,0,0.27737918,Medium
8194,0,0,0.1796927,Low
8195,0,0,0.31927744,Medium
8196,0,1,0.59918433,High
8197,0,0,0.42934677,High
8198,0,0,0.1332804,Low
8199,0,0,0.45221713,High
8200,0,0,0.09397536,Low
8201,0,0,0.47967193,High
8202,0,0,0.14263184,Low
8203,0,1,0.8765332,Very High
8204,0,1,0.5153001,High
8205,0,0,0.23076798,Medium
8206,0,0,0.11738573,Low
8207,0,0,0.27519488,Medium
8208,0,0,0.34429306,Medium
8209,1,0,0.20178513,Medium
8210,0,0,0.35118762,Medium
8211,0,0,0.1966986,Low
8212,0,0,0.10088572,Low
8213,0,0,0.49299932,High
8214,0,0,0.26797104,Medium
8215,0,0,0.49341398,High
8216,1,1,0.7007453,Very High
8217,1,1,0.64442706,Very High
8218,0,0,0.42173806,High
8219,0,0,0.35466075,Medium
8220,1,1,0.53570616,High
8221,0,0,0.093999274,Low
8222,1,1,0.9170973,Very High
8223,0,0,0.31868014,Medium
8224,0,1,0.8463874,Very High
8225,0,1,0.6871078,Very High
8226,0,1,0.7385158,Very High
8227,0,1,0.5439789,High
8228,1,0,0.3286191,Medium
8229,0,0,0.17736124,Low
8230,0,0,0.30184224,Medium
8231,1,1,0.8416607,Very High
8232,0,0,0.23149356,Medium
8233,0,0,0.49654704,High
8234,0,0,0.2814447,Medium
8235,0,0,0.33628422,Medium
8236,0,0,0.41450918,High
8237,0,0,0.24126427,Medium
8238,0,1,0.5639026,High
8239,1,1,0.80760217,Very High
8240,0,0,0.2488325,Medium
8241,0,1,0.55738705,High
8242,1,1,0.81985635,Very High
8243,0,1,0.63041043,Very High
8244,0,0,0.41788957,High
8245,0,0,0.12580994,Low
8246,0,0,0.4036937,High
8247,1,0,0.31126025,Medium
8248,0,0,0.1256044,Low
8249,1,1,0.5627652,High
8250,1,0,0.25523192,Medium
8251,0,1,0.8483427,Very High
8252,0,0,0.46079618,High
8253,0,0,0.11165431,Low
8254,0,0,0.31412023,Medium
8255,0,0,0.40887898,High
8256,0,0,0.34158307,Medium
8257,0,1,0.5088195,High
8258,0,0,0.21146782,Medium
8259,0,0,0.098744914,Low
8260,1,0,0.35231945,Medium
8261,0,0,0.28938705,Medium
8262,0,0,0.17538288,Low
8263,1,0,0.3860484,Medium
8264,0,0,0.32227504,Medium
8265,0,0,0.17324626,Low
8266,1,0,0.33703622,Medium
8267,0,0,0.058703527,Low
8268,0,0,0.49036887,High
8269,1,0,0.38758516,Medium
8270,1,1,0.8402264,Very High
8271,0,0,0.12016961,Low
8272,0,0,0.20486183,Medium
8273,0,0,0.28783894,Medium
8274,0,0,0.3382788,Medium
8275,0,1,0.6050288,Very High
8276,0,1,0.65816665,Very High
8277,0,1,0.5556908,High
8278,1,0,0.3009706,Medium
8279,0,1,0.5294659,High
8280,0,0,0.20187093,Medium
8281,0,0,0.43289456,High
8282,0,0,0.3395625,Medium
8283,0,0,0.09198051,Low
8284,0,0,0.2593619,Medium
8285,0,0,0.31141064,Medium
8286,0,1,0.55411917,High
8287,0,0,0.21974686,Medium
8288,0,0,0.23377582,Medium
8289,1,0,0.1845649,Low
8290,0,0,0.30172047,Medium
8291,0,0,0.11099863,Low
8292,0,0,0.33060554,Medium
8293,1,0,0.39351994,Medium
8294,1,1,0.86916316,Very High
8295,1,0,0.2735707,Medium
8296,1,1,0.8691225,Very High
8297,0,0,0.4399861,High
8298,0,1,0.5654561,High
8299,1,1,0.5310223,High
8300,0,0,0.23281543,Medium
8301,0,0,0.2246636,Medium
8302,0,0,0.28823522,Medium
8303,0,1,0.6846394,Very High
8304,0,0,0.13031806,Low
8305,0,0,0.21497716,Medium
8306,1,1,0.5020669,High
8307,0,0,0.27563053,Medium
8308,1,0,0.17472926,Low
8309,0,0,0.4864563,High
8310,0,0,0.34829035,Medium
8311,0,0,0.12196596,Low
8312,0,0,0.20959644,Medium
8313,0,0,0.27133155,Medium
8314,0,0,0.14535125,Low
8315,0,0,0.06622152,Low
8316,0,0,0.28300002,Medium
8317,0,0,0.21900924,Medium
8318,0,0,0.3480463,Medium
8319,0,0,0.3074194,Medium
8320,1,0,0.31244394,Medium
8321,1,1,0.6454695,Very High
8322,0,0,0.29587206,Medium
8323,0,0,0.12543085,Low
8324,1,1,0.88948965,Very High
8325,0,0,0.12184807,Low
8326,0,0,0.16816753,Low
8327,0,0,0.2084388,Medium
8328,1,0,0.20902425,Medium
8329,0,0,0.12640764,Low
8330,0,0,0.27599013,Medium
8331,0,0,0.20170116,Medium
8332,0,0,0.26802638,Medium
8333,0,0,0.3229676,Medium
8334,0,0,0.20548983,Medium
8335,0,0,0.12779507,Low
8336,0,1,0.58143663,High
8337,0,0,0.11917497,Low
8338,0,1,0.8809944,Very High
8339,1,0,0.174867,Low
8340,0,0,0.40451032,High
8341,1,1,0.83133554,Very High
8342,1,1,0.5746941,High
8343,0,0,0.24794112,Medium
8344,0,0,0.29565755,Medium
8345,0,0,0.10974953,Low
8346,1,1,0.8248868,Very High
8347,0,0,0.18031281,Low
8348,0,0,0.17536344,Low
8349,1,0,0.4613608,High
8350,0,0,0.4363544,High
8351,0,0,0.41308314,High
8352,0,0,0.2416618,Medium
8353,0,0,0.16583951,Low
8354,0,0,0.191282,Low
8355,0,0,0.25091833,Medium
8356,0,0,0.101842165,Low
8357,0,0,0.36907414,Medium
8358,0,0,0.099448666,Low
8359,0,0,0.26003048,Medium
8360,0,0,0.19883056,Low
8361,0,1,0.5580384,High
8362,1,1,0.5635525,High
8363,1,0,0.4018253,High
8364,0,0,0.1709152,Low
8365,0,0,0.25796127,Medium
8366,0,0,0.29361877,Medium
8367,0,0,0.27889413,Medium
8368,0,0,0.19376244,Low
8369,1,1,0.8205562,Very High
8370,0,0,0.19224341,Low
8371,1,1,0.8190982,Very High
8372,0,0,0.2941312,Medium
8373,0,0,0.13278285,Low
8374,0,1,0.61900634,Very High
8375,0,0,0.289507,Medium
8376,0,0,0.293024,Medium
8377,0,0,0.25490636,Medium
8378,1,1,0.6410308,Very High
8379,0,0,0.21721354,Medium
8380,0,0,0.1877525,Low
8381,0,0,0.109634906,Low
8382,0,0,0.36928263,Medium
8383,0,0,0.35233954,Medium
8384,1,0,0.35753837,Medium
8385,0,0,0.11503974,Low
8386,0,0,0.38074696,Medium
8387,0,0,0.27741578,Medium
8388,0,0,0.3327546,Medium
8389,1,0,0.41720238,High
8390,0,1,0.7632381,Very High
8391,1,1,0.8603961,Very High
8392,0,0,0.10010584,Low
8393,1,0,0.27979884,Medium
8394,0,1,0.5116784,High
8395,0,0,0.33997536,Medium
8396,0,0,0.07562988,Low
8397,0,0,0.31639564,Medium
8398,0,0,0.40368074,High
8399,0,1,0.5935114,High
8400,0,0,0.3237125,Medium
8401,0,1,0.8712847,Very High
8402,0,1,0.57165784,High
8403,0,0,0.24875335,Medium
8404,0,0,0.087353386,Low
8405,0,0,0.19354452,Low
8406,0,0,0.43575597,High
8407,0,0,0.20848006,Medium
8408,0,1,0.90441704,Very High
8409,1,0,0.3772783,Medium
8410,0,0,0.21177942,Medium
8411,1,0,0.29718724,Medium
8412,0,0,0.30459166,Medium
8413,0,0,0.3334048,Medium
8414,0,0,0.3561363,Medium
8415,0,0,0.3239422,Medium
8416,0,0,0.24895209,Medium
8417,0,0,0.3449988,Medium
8418,0,0,0.19598792,Low
8419,0,0,0.106599696,Low
8420,1,0,0.3931962,Medium
8421,0,0,0.32982638,Medium
8422,0,0,0.28713593,Medium
8423,0,0,0.14879264,Low
8424,0,0,0.2242283,Medium
8425,0,0,0.20969741,Medium
8426,0,1,0.83286524,Very High
8427,0,0,0.3842955,Medium
8428,0,0,0.19960451,Low
8429,0,1,0.6763679,Very High
8430,0,0,0.255343,Medium
8431,0,1,0.91387284,Very High
8432,0,0,0.21708462,Medium
8433,0,0,0.3558526,Medium
8434,0,0,0.24513182,Medium
8435,0,0,0.26438665,Medium
8436,0,0,0.07399727,Low
8437,0,0,0.105162464,Low
8438,0,1,0.6071937,Very High
8439,0,0,0.20886108,Medium
8440,1,0,0.33326584,Medium
8441,0,0,0.3119178,Medium
8442,0,0,0.3778916,Medium
8443,0,0,0.25119418,Medium
8444,0,1,0.84038687,Very High
8445,0,0,0.19015786,Low
8446,0,0,0.3683831,Medium
8447,1,0,0.44883126,High
8448,1,0,0.14621995,Low
8449,0,0,0.13444264,Low
8450,0,0,0.06440193,Low
8451,0,0,0.05521686,Low
8452,0,0,0.20040613,Medium
8453,1,1,0.6516179,Very High
8454,1,0,0.23648955,Medium
8455,1,0,0.38749093,Medium
8456,1,1,0.8312559,Very High
8457,0,0,0.04803726,Low
8458,0,0,0.29496792,Medium
8459,0,0,0.295042,Medium
8460,1,0,0.31103647,Medium
8461,0,0,0.10946277,Low
8462,0,0,0.37585095,Medium
8463,0,0,0.45594564,High
8464,0,0,0.25393042,Medium
8465,0,0,0.095692456,Low
8466,0,0,0.21221514,Medium
8467,1,0,0.15639366,Low
8468,1,1,0.92433965,Very High
8469,1,1,0.8581029,Very High
8470,1,0,0.23562965,Medium
8471,1,1,0.870416,Very High
8472,1,1,0.8649642,Very High
8473,1,0,0.25937903,Medium
8474,0,0,0.4583518,High
8475,0,0,0.102147736,Low
8476,0,0,0.43709454,High
8477,0,0,0.32014915,Medium
8478,0,0,0.07329188,Low
8479,0,0,0.28924024,Medium
8480,0,0,0.44672835,High
8481,0,0,0.37391692,Medium
8482,0,0,0.2138236,Medium
8483,0,0,0.25135246,Medium
8484,0,1,0.6160084,Very High
8485,0,0,0.2502497,Medium
8486,0,0,0.30113816,Medium
8487,0,0,0.123446904,Low
8488,0,1,0.7513368,Very High
8489,0,0,0.18825938,Low
8490,0,0,0.33074942,Medium
8491,0,1,0.60224897,Very High
8492,1,0,0.48624396,High
8493,1,1,0.8243496,Very High
8494,0,0,0.27134633,Medium
8495,0,1,0.8647644,Very High
8496,0,0,0.4839112,High
8497,0,0,0.48065862,High
8498,0,0,0.30828285,Medium
8499,0,0,0.4304171,High
8500,0,0,0.3160304,Medium
8501,0,0,0.369607,Medium
8502,0,0,0.20511468,Medium
8503,0,1,0.83734673,Very High
8504,0,0,0.15589736,Low
8505,0,0,0.37466395,Medium
8506,0,1,0.5628558,High
8507,0,0,0.33735067,Medium
8508,0,1,0.8145836,Very High
8509,1,1,0.5749658,High
8510,0,0,0.4481927,High
8511,0,0,0.18753143,Low
8512,0,0,0.26968694,Medium
8513,0,1,0.64587224,Very High
8514,1,0,0.19234197,Low
8515,0,1,0.68029034,Very High
8516,0,0,0.08871062,Low
8517,0,0,0.24205917,Medium
8518,0,0,0.114321075,Low
8519,0,0,0.21405339,Medium
8520,0,0,0.19525196,Low
8521,1,1,0.9043059,Very High
8522,0,1,0.8444934,Very High
8523,0,0,0.34754068,Medium
8524,1,1,0.8939463,Very High
8525,0,0,0.07144994,Low
8526,0,1,0.65338904,Very High
8527,0,0,0.19094816,Low
8528,0,0,0.26117107,Medium
8529,0,0,0.12752834,Low
8530,0,0,0.109214745,Low
8531,0,0,0.24840327,Medium
8532,0,0,0.26591983,Medium
8533,0,1,0.62620854,Very High
8534,0,1,0.53622615,High
8535,1,1,0.81889004,Very High
8536,0,0,0.32773483,Medium
8537,0,0,0.09547577,Low
8538,1,1,0.8558634,Very High
8539,1,0,0.23773207,Medium
8540,0,0,0.31153512,Medium
8541,0,0,0.13699983,Low
8542,1,0,0.12079634,Low
8543,1,1,0.8453451,Very High
8544,0,0,0.36237797,Medium
8545,1,0,0.419583,High
8546,1,1,0.8158748,Very High
8547,0,1,0.71999776,Very High
8548,0,0,0.124724016,Low
8549,0,1,0.65732,Very High
8550,0,0,0.33535594,Medium
8551,0,0,0.20520103,Medium
8552,0,0,0.2510059,Medium
8553,0,0,0.40344608,High
8554,1,1,0.5368886,High
8555,0,0,0.12715115,Low
8556,0,0,0.21969658,Medium
8557,0,0,0.095553115,Low
8558,0,0,0.077577144,Low
8559,0,0,0.16008548,Low
8560,0,0,0.20973794,Medium
8561,0,0,0.46675184,High
8562,0,0,0.3996358,Medium
8563,1,0,0.41983244,High
8564,1,1,0.7315487,Very High
8565,0,0,0.21957624,Medium
8566,0,0,0.13629955,Low
8567,0,0,0.2177103,Medium
8568,1,0,0.40229473,High
8569,0,0,0.22207496,Medium
8570,0,0,0.19462134,Low
8571,0,0,0.30565724,Medium
8572,0,0,0.09782272,Low
8573,0,0,0.27122468,Medium
8574,1,1,0.8060575,Very High
8575,1,1,0.5487775,High
8576,0,1,0.6306733,Very High
8577,0,1,0.51998544,High
8578,0,1,0.8099677,Very High
8579,1,0,0.32181734,Medium
8580,0,0,0.3352042,Medium
8581,0,0,0.14310098,Low
8582,0,0,0.19279136,Low
8583,1,1,0.845945,Very High
8584,0,0,0.38812768,Medium
8585,1,0,0.46581662,High
8586,0,0,0.28896913,Medium
8587,0,0,0.12255647,Low
8588,0,0,0.30763283,Medium
8589,0,0,0.4417039,High
8590,0,0,0.34618527,Medium
8591,0,0,0.2182376,Medium
8592,0,1,0.78748214,Very High
8593,0,1,0.82640773,Very High
8594,0,0,0.13449752,Low
8595,0,0,0.48968795,High
8596,0,1,0.72293556,Very High
8597,0,0,0.1748492,Low
8598,0,0,0.1896511,Low
8599,1,1,0.55646604,High
8600,1,1,0.6917505,Very High
8601,1,0,0.4897171,High
8602,0,0,0.2828121,Medium
8603,0,1,0.8725883,Very High
8604,0,0,0.19047743,Low
8605,0,0,0.3066645,Medium
8606,0,0,0.114311256,Low
8607,1,0,0.31853402,Medium
8608,0,1,0.86467296,Very High
8609,0,1,0.84086525,Very High
8610,0,0,0.20302418,Medium
8611,0,1,0.52677894,High
8612,0,1,0.5452737,High
8613,0,1,0.51164573,High
8614,0,0,0.28279167,Medium
8615,0,0,0.2435035,Medium
8616,0,0,0.35968864,Medium
8617,1,0,0.3181643,Medium
8618,0,0,0.46074077,High
8619,0,0,0.22257763,Medium
8620,0,0,0.29751062,Medium
8621,0,0,0.18044537,Low
8622,0,0,0.37651622,Medium
8623,0,0,0.30549595,Medium
8624,1,1,0.5675202,High
8625,0,0,0.45990792,High
8626,0,0,0.06444,Low
8627,0,1,0.55636126,High
8628,0,1,0.5736432,High
8629,0,0,0.07929077,Low
8630,0,0,0.14529338,Low
8631,1,1,0.6580496,Very High
8632,0,0,0.29809523,Medium
8633,0,1,0.75554574,Very High
8634,0,0,0.25372705,Medium
8635,0,0,0.3923111,Medium
8636,1,1,0.7771677,Very High
8637,0,0,0.20639436,Medium
8638,0,0,0.17954352,Low
8639,0,0,0.16122173,Low
8640,0,0,0.33961904,Medium
8641,0,0,0.18182534,Low
8642,1,1,0.7229552,Very High
8643,0,0,0.1251922,Low
8644,0,0,0.2654774,Medium
8645,0,1,0.5298818,High
8646,0,0,0.121880926,Low
8647,0,0,0.11594158,Low
8648,0,0,0.27769822,Medium
8649,0,0,0.17503275,Low
8650,1,1,0.5262227,High
8651,0,0,0.36999127,Medium
8652,0,0,0.4224916,High
8653,0,0,0.17442088,Low
8654,0,0,0.19389924,Low
8655,1,1,0.93595916,Very High
8656,0,1,0.59072024,High
8657,0,1,0.8215165,Very High
8658,1,0,0.1359023,Low
8659,0,0,0.0849588,Low
8660,0,1,0.5654561,High
8661,0,0,0.20562257,Medium
8662,0,0,0.25600976,Medium
8663,0,0,0.055437785,Low
8664,0,0,0.27521065,Medium
8665,0,0,0.144856,Low
8666,0,0,0.20593275,Medium
8667,1,0,0.35817996,Medium
8668,1,0,0.32345256,Medium
8669,0,0,0.093682416,Low
8670,1,0,0.19967844,Low
8671,0,0,0.03887007,Low
8672,0,0,0.12782288,Low
8673,0,0,0.27634597,Medium
8674,0,0,0.2715406,Medium
8675,0,0,0.23517162,Medium
8676,0,0,0.079985544,Low
8677,0,0,0.07266122,Low
8678,0,0,0.027948834,Low
8679,0,0,0.12548567,Low
8680,1,0,0.33445483,Medium
8681,0,0,0.31497246,Medium
8682,0,0,0.28035647,Medium
8683,1,1,0.85042274,Very High
8684,0,0,0.12290151,Low
8685,0,0,0.30632216,Medium
8686,0,0,0.26000136,Medium
8687,0,0,0.35683835,Medium
8688,0,0,0.31105584,Medium
8689,0,0,0.20779473,Medium
8690,1,0,0.32038233,Medium
8691,0,0,0.24347492,Medium
8692,0,0,0.15649934,Low
8693,0,0,0.33954647,Medium
8694,0,1,0.5712215,High
8695,0,0,0.1516833,Low
8696,0,0,0.28389668,Medium
8697,0,1,0.8831656,Very High
8698,0,0,0.1099532,Low
8699,0,0,0.33199367,Medium
8700,0,1,0.50446725,High
8701,0,0,0.10227066,Low
8702,1,0,0.44767487,High
8703,0,0,0.16181995,Low
8704,0,0,0.07098563,Low
8705,0,0,0.20314269,Medium
8706,0,0,0.14654301,Low
8707,0,0,0.09473909,Low
8708,1,1,0.81605244,Very High
8709,1,1,0.72051215,Very High
8710,0,0,0.48504788,High
8711,0,0,0.35297886,Medium
8712,0,0,0.29445493,Medium
8713,0,0,0.3635919,Medium
8714,1,0,0.40628788,High
8715,0,0,0.38902664,Medium
8716,0,0,0.13079296,Low
8717,1,1,0.8169631,Very High
8718,0,0,0.173864,Low
8719,0,0,0.36580533,Medium
8720,0,0,0.16393171,Low
8721,0,1,0.5798135,High
8722,0,0,0.09151431,Low
8723,0,0,0.29676834,Medium
8724,0,1,0.87163377,Very High
8725,0,0,0.1980109,Low
8726,1,0,0.14594342,Low
8727,0,0,0.32125252,Medium
8728,1,1,0.77685314,Very High
8729,0,0,0.17774992,Low
8730,0,0,0.44044602,High
8731,0,0,0.43499017,High
8732,0,0,0.11257178,Low
8733,0,0,0.36985567,Medium
8734,0,0,0.09492873,Low
8735,0,0,0.29529157,Medium
8736,0,1,0.64619297,Very High
8737,1,0,0.20047127,Medium
8738,0,0,0.1966833,Low
8739,0,0,0.22919428,Medium
8740,0,0,0.47140265,High
8741,0,0,0.112744704,Low
8742,1,1,0.8831919,Very High
8743,0,0,0.10287873,Low
8744,0,0,0.11833005,Low
8745,0,0,0.1724474,Low
8746,0,0,0.18143676,Low
8747,0,0,0.16057386,Low
8748,0,0,0.27922058,Medium
8749,0,0,0.2081563,Medium
8750,0,0,0.47563785,High
8751,0,0,0.09831055,Low
8752,0,0,0.35004094,Medium
8753,1,0,0.2684534,Medium
8754,0,0,0.11553124,Low
8755,0,0,0.2944645,Medium
8756,1,1,0.61417377,Very High
8757,0,0,0.45814568,High
8758,0,0,0.34997153,Medium
8759,1,0,0.21439055,Medium
8760,0,0,0.30947557,Medium
8761,0,0,0.22707932,Medium
8762,0,0,0.4089287,High
8763,0,0,0.14240211,Low
8764,0,0,0.13679516,Low
8765,0,0,0.1831641,Low
8766,1,0,0.4716246,High
8767,0,0,0.36441642,Medium
8768,0,1,0.5388451,High
8769,1,1,0.8274749,Very High
8770,0,0,0.2777186,Medium
8771,0,0,0.3218891,Medium
8772,0,0,0.082067415,Low
8773,1,1,0.8704757,Very High
8774,1,0,0.35586128,Medium
8775,0,0,0.2980393,Medium
8776,0,0,0.05021036,Low
8777,0,0,0.12372565,Low
8778,0,0,0.15566437,Low
8779,0,0,0.17728941,Low
8780,0,0,0.21727867,Medium
8781,0,1,0.81488436,Very High
8782,1,1,0.60751814,Very High
8783,0,0,0.1492737,Low
8784,0,0,0.42201176,High
8785,0,0,0.22891939,Medium
8786,0,0,0.07794576,Low
8787,0,0,0.17320599,Low
8788,0,0,0.090786055,Low
8789,1,1,0.8268842,Very High
8790,0,0,0.14786266,Low
8791,0,0,0.2824358,Medium
8792,0,0,0.372716,Medium
8793,0,0,0.34569845,Medium
8794,0,0,0.2363836,Medium
8795,1,0,0.42250186,High
8796,0,0,0.41463977,High
8797,1,0,0.10876971,Low
8798,1,1,0.91354793,Very High
8799,0,0,0.20687334,Medium
8800,0,0,0.1214387,Low
8801,1,0,0.3620769,Medium
8802,1,1,0.58254856,High
8803,0,1,0.86567837,Very High
8804,0,1,0.5651375,High
8805,0,0,0.33290234,Medium
8806,0,0,0.29023367,Medium
8807,1,0,0.2908342,Medium
8808,0,0,0.23794794,Medium
8809,1,1,0.7365158,Very High
8810,0,0,0.31629145,Medium
8811,1,0,0.48480535,High
8812,1,1,0.69750744,Very High
8813,1,0,0.38554132,Medium
8814,0,0,0.14910021,Low
8815,0,1,0.7454192,Very High
8816,1,0,0.49757624,High
8817,0,0,0.16189939,Low
8818,1,0,0.42417938,High
8819,0,0,0.121495076,Low
8820,0,0,0.3084028,Medium
8821,1,0,0.43437552,High
8822,1,1,0.85052586,Very High
8823,0,0,0.39580122,Medium
8824,0,0,0.1687907,Low
8825,1,0,0.47717094,High
8826,0,0,0.30294105,Medium
8827,0,0,0.24294013,Medium
8828,0,0,0.24691583,Medium
8829,0,0,0.39246404,Medium
8830,0,0,0.25066456,Medium
8831,0,1,0.8459335,Very High
8832,1,1,0.6183557,Very High
8833,0,0,0.20747311,Medium
8834,0,1,0.7801899,Very High
8835,0,0,0.26657042,Medium
8836,0,0,0.17114817,Low
8837,0,0,0.08555114,Low
8838,0,0,0.14000067,Low
8839,0,1,0.57889813,High
8840,0,0,0.2796522,Medium
8841,0,0,0.30900314,Medium
8842,0,0,0.3334599,Medium
8843,0,0,0.4882723,High
8844,0,1,0.7688969,Very High
8845,0,1,0.5245561,High
8846,0,0,0.14157154,Low
8847,1,1,0.87295264,Very High
8848,0,0,0.28608164,Medium
8849,0,0,0.22820099,Medium
8850,0,0,0.21542478,Medium
8851,0,0,0.3557012,Medium
8852,0,0,0.33520913,Medium
8853,0,0,0.16052279,Low
8854,0,0,0.3122529,Medium
8855,0,0,0.33767194,Medium
8856,1,0,0.23657615,Medium
8857,1,1,0.8856694,Very High
8858,1,1,0.69830835,Very High
8859,1,1,0.53240114,High
8860,1,0,0.2806265,Medium
8861,0,0,0.3950071,Medium
8862,0,0,0.16078086,Low
8863,0,0,0.29509282,Medium
8864,0,0,0.26820055,Medium
8865,1,1,0.61614674,Very High
8866,1,1,0.6344528,Very High
8867,0,0,0.12614219,Low
8868,1,1,0.83409667,Very High
8869,0,1,0.6583895,Very High
8870,1,0,0.33704105,Medium
8871,0,0,0.22495432,Medium
8872,0,1,0.5935114,High
8873,0,0,0.0713695,Low
8874,0,0,0.101425275,Low
8875,0,0,0.2037037,Medium
8876,0,0,0.31907088,Medium
8877,0,0,0.26784387,Medium
8878,1,1,0.7925078,Very High
8879,0,0,0.13962917,Low
8880,0,0,0.15248111,Low
8881,0,0,0.28163064,Medium
8882,0,0,0.33940408,Medium
8883,0,0,0.091361575,Low
8884,1,1,0.75910085,Very High
8885,0,0,0.25977948,Medium
8886,0,0,0.18700072,Low
8887,1,1,0.6581298,Very High
8888,0,0,0.3816187,Medium
8889,1,0,0.28563672,Medium
8890,0,0,0.23111641,Medium
8891,0,0,0.13474695,Low
8892,1,0,0.39696372,Medium
8893,0,0,0.18601236,Low
8894,0,0,0.23972958,Medium
8895,0,0,0.23862122,Medium
8896,0,0,0.4036921,High
8897,0,0,0.25580227,Medium
8898,0,1,0.5479817,High
8899,1,1,0.8274296,Very High
8900,0,0,0.115727365,Low
8901,0,0,0.2446053,Medium
8902,0,0,0.24570917,Medium
8903,0,0,0.23358148,Medium
8904,0,0,0.09656318,Low
8905,0,0,0.26053336,Medium
8906,0,1,0.86890095,Very High
8907,0,0,0.09883332,Low
8908,0,0,0.24662985,Medium
8909,0,0,0.4002678,High
8910,0,0,0.20841165,Medium
8911,0,1,0.81344527,Very High
8912,0,0,0.29816684,Medium
8913,0,0,0.26008964,Medium
8914,0,0,0.3209586,Medium
8915,0,0,0.09871294,Low
8916,1,0,0.22495724,Medium
8917,0,0,0.21015795,Medium
8918,1,0,0.3170004,Medium
8919,0,0,0.13922852,Low
8920,1,1,0.88018614,Very High
8921,0,0,0.28680906,Medium
8922,0,0,0.18789801,Low
8923,0,0,0.086604975,Low
8924,0,0,0.11217744,Low
8925,0,0,0.15335722,Low
8926,1,1,0.63766974,Very High
8927,0,0,0.29896492,Medium
8928,0,0,0.266342,Medium
8929,0,0,0.19765836,Low
8930,1,1,0.9135401,Very High
8931,0,0,0.2673889,Medium
8932,0,0,0.33239314,Medium
8933,1,1,0.62460613,Very High
8934,0,0,0.13532309,Low
8935,0,0,0.42057082,High
8936,0,0,0.17873824,Low
8937,0,1,0.81058663,Very High
8938,1,1,0.78668267,Very High
8939,0,0,0.20449677,Medium
8940,0,0,0.16214547,Low
8941,0,0,0.16208257,Low
8942,0,0,0.10830258,Low
8943,0,0,0.30032942,Medium
8944,0,0,0.15099102,Low
8945,1,1,0.843613,Very High
8946,0,0,0.3426573,Medium
8947,0,0,0.47759154,High
8948,1,0,0.4756275,High
8949,1,0,0.23150419,Medium
8950,0,0,0.19613075,Low
8951,0,0,0.10182926,Low
8952,0,1,0.6629794,Very High
8953,0,0,0.20446663,Medium
8954,1,1,0.72108907,Very High
8955,0,0,0.10614805,Low
8956,0,0,0.20816475,Medium
8957,0,0,0.19185396,Low
8958,0,0,0.17059346,Low
8959,1,0,0.07496713,Low
8960,0,1,0.58541244,High
8961,0,0,0.24949545,Medium
8962,0,0,0.08383884,Low
8963,0,0,0.096299395,Low
8964,0,0,0.10032222,Low
8965,0,0,0.32145172,Medium
8966,1,0,0.46631947,High
8967,1,1,0.83814496,Very High
8968,0,0,0.12580027,Low
8969,0,0,0.30178836,Medium
8970,0,0,0.13963053,Low
8971,0,0,0.15036209,Low
8972,1,1,0.57492816,High
8973,1,0,0.31583697,Medium
8974,0,1,0.73837185,Very High
8975,1,1,0.7511598,Very High
8976,0,0,0.13721871,Low
8977,0,0,0.3713819,Medium
8978,0,0,0.10025585,Low
8979,0,0,0.1830576,Low
8980,0,0,0.10434948,Low
8981,0,0,0.15686868,Low
8982,0,0,0.35736418,Medium
8983,0,0,0.13904108,Low
8984,1,0,0.39693055,Medium
8985,1,1,0.59530246,High
8986,0,0,0.25620335,Medium
8987,0,0,0.2268107,Medium
8988,1,1,0.5078141,High
8989,1,0,0.4968066,High
8990,0,0,0.18256472,Low
8991,0,0,0.14566824,Low
8992,1,1,0.5486514,High
8993,0,0,0.14629102,Low
8994,0,0,0.2997792,Medium
8995,0,0,0.48473373,High
8996,0,0,0.45260832,High
8997,0,0,0.23374805,Medium
8998,0,1,0.7014313,Very High
8999,1,1,0.71186155,Very High
9000,0,0,0.47689402,High
9001,0,0,0.33895347,Medium
9002,0,0,0.19453263,Low
9003,1,1,0.5158415,High
9004,0,1,0.5795729,High
9005,0,1,0.7911586,Very High
9006,0,0,0.33147186,Medium
9007,1,1,0.876856,Very High
9008,0,0,0.2802462,Medium
9009,0,0,0.2524586,Medium
9010,0,1,0.65026593,Very High
9011,0,0,0.3419771,Medium
9012,1,1,0.8332224,Very High
9013,0,1,0.70995307,Very High
9014,0,0,0.34337,Medium
9015,0,0,0.3441631,Medium
9016,0,0,0.18019748,Low
9017,0,1,0.8633157,Very High
9018,0,1,0.8461803,Very High
9019,0,0,0.17149338,Low
9020,1,1,0.89232516,Very High
9021,0,0,0.13408281,Low
9022,0,0,0.19935317,Low
9023,0,0,0.4743578,High
9024,1,1,0.6765963,Very High
9025,0,0,0.14241096,Low
9026,0,0,0.37193906,Medium
9027,0,0,0.32822648,Medium
9028,0,0,0.07879765,Low
9029,0,0,0.45742303,High
9030,0,1,0.65192395,Very High
9031,0,0,0.26893526,Medium
9032,1,1,0.764208,Very High
9033,0,0,0.2074157,Medium
9034,0,1,0.87660027,Very High
9035,0,0,0.47263086,High
9036,0,0,0.4290809,High
9037,0,0,0.3375817,Medium
9038,0,1,0.5979137,High
9039,0,0,0.20254138,Medium
9040,0,0,0.12600634,Low
9041,1,1,0.66929793,Very High
9042,0,0,0.25819373,Medium
9043,0,0,0.21978177,Medium
9044,1,0,0.405693,High
9045,0,0,0.111313395,Low
9046,0,0,0.084327966,Low
9047,0,0,0.15556847,Low
9048,0,1,0.7246461,Very High
9049,0,0,0.36892805,Medium
9050,0,0,0.16897538,Low
9051,0,1,0.58242255,High
9052,1,0,0.27466583,Medium
9053,0,0,0.090958126,Low
9054,0,0,0.4575219,High
9055,1,0,0.40295604,High
9056,0,0,0.06823892,Low
9057,0,0,0.35200292,Medium
9058,0,0,0.402759,High
9059,0,0,0.23179087,Medium
9060,0,0,0.2546247,Medium
9061,0,0,0.23896271,Medium
9062,0,1,0.8597354,Very High
9063,1,1,0.89388984,Very High
9064,0,0,0.36538583,Medium
9065,0,0,0.16702259,Low
9066,0,0,0.1810294,Low
9067,0,1,0.86064917,Very High
9068,0,0,0.37985724,Medium
9069,0,0,0.23526677,Medium
9070,1,0,0.32107326,Medium
9071,0,0,0.39064634,Medium
9072,0,0,0.20545541,Medium
9073,0,0,0.31911597,Medium
9074,0,1,0.6276988,Very High
9075,0,1,0.87514484,Very High
9076,1,0,0.25856587,Medium
9077,1,0,0.45458984,High
9078,1,0,0.39184895,Medium
9079,1,0,0.46520293,High
9080,0,1,0.6657251,Very High
9081,1,0,0.43355852,High
9082,0,0,0.3857552,Medium
9083,0,1,0.6120175,Very High
9084,0,0,0.22412787,Medium
9085,1,1,0.8763901,Very High
9086,0,0,0.40952864,High
9087,0,0,0.3311479,Medium
9088,0,0,0.4502853,High
9089,0,0,0.2748724,Medium
9090,1,1,0.7906123,Very High
9091,0,0,0.107818276,Low
9092,0,0,0.22919741,Medium
9093,0,0,0.26584366,Medium
9094,1,1,0.85310936,Very High
9095,0,0,0.24457231,Medium
9096,1,1,0.59666437,High
9097,0,0,0.14546998,Low
9098,0,0,0.41196015,High
9099,1,1,0.8864804,Very High
9100,0,0,0.32180092,Medium
9101,1,0,0.4452225,High
9102,0,0,0.32097033,Medium
9103,1,1,0.9233924,Very High
9104,0,0,0.15559113,Low
9105,0,0,0.26127744,Medium
9106,1,0,0.23258051,Medium
9107,1,1,0.66647327,Very High
9108,1,1,0.88838077,Very High
9109,0,0,0.2531157,Medium
9110,0,0,0.08637562,Low
9111,1,1,0.88819903,Very High
9112,0,0,0.21715142,Medium
9113,0,0,0.2916939,Medium
9114,0,0,0.124386035,Low
9115,0,0,0.16616082,Low
9116,0,0,0.3964309,Medium
9117,0,0,0.082716696,Low
9118,0,0,0.108426735,Low
9119,1,1,0.621344,Very High
9120,0,0,0.46023655,High
9121,0,0,0.39758176,Medium
9122,0,0,0.22880575,Medium
9123,0,1,0.5979914,High
9124,1,1,0.85549176,Very High
9125,1,0,0.17751622,Low
9126,0,0,0.2303235,Medium
9127,0,0,0.14451249,Low
9128,0,0,0.36911416,Medium
9129,0,0,0.1952909,Low
9130,0,0,0.13157338,Low
9131,1,1,0.8288135,Very High
9132,1,0,0.20775825,Medium
9133,0,0,0.15163618,Low
9134,0,0,0.46860653,High
9135,0,0,0.13796939,Low
9136,0,0,0.4067163,High
9137,0,0,0.28224725,Medium
9138,0,0,0.10981608,Low
9139,0,0,0.053029437,Low
9140,0,0,0.40321735,High
9141,0,0,0.13781442,Low
9142,0,0,0.12571813,Low
9143,1,1,0.72073996,Very High
9144,0,0,0.20998722,Medium
9145,0,1,0.619563,Very High
9146,0,0,0.10044216,Low
9147,1,1,0.84189904,Very High
9148,1,1,0.72329813,Very High
9149,1,1,0.78300357,Very High
9150,0,0,0.2988264,Medium
9151,0,0,0.16477978,Low
9152,1,1,0.6378074,Very High
9153,0,0,0.46642298,High
9154,0,0,0.4671131,High
9155,0,0,0.05692459,Low
9156,0,0,0.18155332,Low
9157,0,0,0.121357076,Low
9158,0,0,0.10147441,Low
9159,0,1,0.53940564,High
9160,0,0,0.20899922,Medium
9161,0,0,0.24251905,Medium
9162,0,0,0.051142134,Low
9163,0,0,0.29278225,Medium
9164,0,0,0.41186056,High
9165,1,1,0.87290096,Very High
9166,0,0,0.18901435,Low
9167,1,1,0.883883,Very High
9168,1,1,0.61094683,Very High
9169,0,0,0.2742026,Medium
9170,0,0,0.2501595,Medium
9171,1,1,0.84684765,Very High
9172,0,1,0.53432435,High
9173,0,0,0.09583123,Low
9174,0,0,0.36420593,Medium
9175,1,1,0.5678326,High
9176,0,0,0.1315674,Low
9177,0,0,0.44314075,High
9178,0,0,0.20033361,Medium
9179,0,0,0.3148636,Medium
9180,0,0,0.31882146,Medium
9181,0,0,0.31520122,Medium
9182,0,0,0.25352415,Medium
9183,0,0,0.30290252,Medium
9184,0,0,0.17735538,Low
9185,1,0,0.35205677,Medium
9186,0,0,0.15294582,Low
9187,0,0,0.4279014,High
9188,1,1,0.8530921,Very High
9189,0,1,0.5167388,High
9190,1,1,0.61472416,Very High
9191,1,1,0.8667317,Very High
9192,0,1,0.86680984,Very High
9193,1,1,0.86206615,Very High
9194,0,1,0.8275025,Very High
9195,1,1,0.91138995,Very High
9196,1,0,0.32575947,Medium
9197,1,0,0.21748932,Medium
9198,1,1,0.81309134,Very High
9199,0,0,0.22932108,Medium
9200,0,0,0.1655991,Low
9201,0,0,0.35548615,Medium
9202,0,0,0.33238792,Medium
9203,0,0,0.22365455,Medium
9204,0,0,0.2988225,Medium
9205,0,0,0.15559427,Low
9206,0,0,0.27858782,Medium
9207,0,0,0.107471414,Low
9208,0,0,0.26738083,Medium
9209,0,0,0.40009764,High
9210,0,0,0.20269646,Medium
9211,1,0,0.2790758,Medium
9212,0,0,0.26833633,Medium
9213,0,1,0.6868161,Very High
9214,0,0,0.09656834,Low
9215,1,1,0.78061897,Very High
9216,1,1,0.5817355,High
9217,1,0,0.29949138,Medium
9218,1,0,0.43792677,High
9219,1,0,0.3851655,Medium
9220,0,0,0.28173465,Medium
9221,0,0,0.11680372,Low
9222,1,1,0.59702116,High
9223,1,1,0.71977085,Very High
9224,0,0,0.34446824,Medium
9225,0,0,0.34016865,Medium
9226,0,0,0.16957475,Low
9227,0,0,0.4515875,High
9228,1,1,0.86129576,Very High
9229,1,0,0.33902603,Medium
9230,0,0,0.13312986,Low
9231,0,1,0.5749658,High
9232,0,0,0.41252124,High
9233,0,0,0.26847714,Medium
9234,0,1,0.8579205,Very High
9235,0,1,0.6495547,Very High
9236,0,0,0.36723712,Medium
9237,0,0,0.3612231,Medium
9238,0,0,0.2182544,Medium
9239,0,0,0.06758956,Low
9240,0,0,0.23552349,Medium
9241,0,0,0.26382813,Medium
9242,1,0,0.3028177,Medium
9243,0,0,0.09647758,Low
9244,0,0,0.07342793,Low
9245,0,0,0.3841557,Medium
9246,0,0,0.21384102,Medium
9247,1,1,0.6683463,Very High
9248,1,0,0.15607785,Low
9249,0,0,0.20980114,Medium
9250,0,0,0.17120615,Low
9251,0,0,0.38067192,Medium
9252,0,1,0.6206229,Very High
9253,1,0,0.20053951,Medium
9254,0,0,0.12640357,Low
9255,0,0,0.1459976,Low
9256,1,0,0.27254298,Medium
9257,1,1,0.7001054,Very High
9258,0,0,0.19163331,Low
9259,0,0,0.32865688,Medium
9260,0,0,0.14860438,Low
9261,0,0,0.26969022,Medium
9262,0,0,0.13521814,Low
9263,0,0,0.38262975,Medium
9264,0,0,0.33391163,Medium
9265,0,1,0.58364046,High
9266,0,0,0.20018789,Medium
9267,0,0,0.16094112,Low
9268,0,0,0.18261114,Low
9269,0,0,0.19716102,Low
9270,0,0,0.22404745,Medium
9271,0,0,0.23020354,Medium
9272,1,1,0.8839569,Very High
9273,1,1,0.89016396,Very High
9274,0,0,0.09101781,Low
9275,0,0,0.27974233,Medium
9276,0,0,0.11977823,Low
9277,0,0,0.14608838,Low
9278,0,0,0.318757,Medium
9279,0,0,0.35711175,Medium
9280,1,0,0.46825543,High
9281,0,1,0.5174522,High
9282,0,0,0.19610251,Low
9283,0,0,0.17733443,Low
9284,0,1,0.5374303,High
9285,0,0,0.37059212,Medium
9286,0,0,0.28637955,Medium
9287,1,1,0.8959663,Very High
9288,1,1,0.66827965,Very High
9289,1,0,0.31793994,Medium
9290,1,1,0.5940679,High
9291,0,0,0.100693986,Low
9292,0,0,0.13530774,Low
9293,1,1,0.6554488,Very High
9294,0,0,0.33143723,Medium
9295,0,1,0.5448843,High
9296,1,1,0.5373722,High
9297,0,0,0.2651297,Medium
9298,0,0,0.24270126,Medium
9299,0,0,0.34488934,Medium
9300,0,0,0.40327957,High
9301,1,0,0.19892529,Low
9302,1,1,0.58607227,High
9303,0,0,0.27978587,Medium
9304,0,0,0.061860956,Low
9305,0,0,0.3379494,Medium
9306,1,1,0.7390501,Very High
9307,0,0,0.42195573,High
9308,1,1,0.5394428,High
9309,0,1,0.8476459,Very High
9310,0,0,0.1158616,Low
9311,1,0,0.19674209,Low
9312,0,0,0.045055635,Low
9313,0,0,0.1421483,Low
9314,1,1,0.58527416,High
9315,1,0,0.25546214,Medium
9316,0,0,0.37168902,Medium
9317,1,0,0.46285877,High
9318,0,0,0.20831387,Medium
9319,0,1,0.79270846,Very High
9320,0,0,0.12630802,Low
9321,0,0,0.15118138,Low
9322,0,0,0.072640195,Low
9323,0,0,0.3455632,Medium
9324,1,0,0.363943,Medium
9325,0,0,0.098165706,Low
9326,0,1,0.62375265,Very High
9327,0,0,0.15510136,Low
9328,0,0,0.104033716,Low
9329,1,1,0.8561401,Very High
9330,0,0,0.44388148,High
9331,0,0,0.23258516,Medium
9332,0,0,0.092532165,Low
9333,0,0,0.123022266,Low
9334,0,0,0.07056612,Low
9335,1,0,0.31129676,Medium
9336,0,0,0.12621312,Low
9337,1,1,0.6459368,Very High
9338,1,0,0.246336,Medium
9339,0,0,0.2046454,Medium
9340,1,1,0.7122948,Very High
9341,1,1,0.84972453,Very High
9342,0,0,0.2804587,Medium
9343,0,0,0.38798162,Medium
9344,1,1,0.8430211,Very High
9345,0,0,0.36554644,Medium
9346,0,0,0.06001424,Low
9347,1,0,0.41521373,High
9348,0,0,0.323776,Medium
9349,0,0,0.46447694,High
9350,0,0,0.19563255,Low
9351,0,0,0.10558524,Low
9352,0,0,0.3184047,Medium
9353,0,0,0.37826496,Medium
9354,0,0,0.21155722,Medium
9355,0,0,0.29292342,Medium
9356,0,0,0.095734656,Low
9357,1,0,0.17799027,Low
9358,0,0,0.27779326,Medium
9359,0,0,0.09771597,Low
9360,0,0,0.04791351,Low
9361,0,0,0.18733063,Low
9362,0,1,0.54508907,High
9363,0,0,0.06813055,Low
9364,0,0,0.16390735,Low
9365,1,0,0.13082778,Low
9366,0,0,0.42011166,High
9367,0,0,0.3186618,Medium
9368,0,0,0.18978864,Low
9369,1,0,0.1634384,Low
9370,0,0,0.18368371,Low
9371,1,0,0.2222348,Medium
9372,0,0,0.18507484,Low
9373,0,0,0.33948028,Medium
9374,0,1,0.7036871,Very High
9375,0,0,0.30387294,Medium
9376,1,0,0.34740987,Medium
9377,1,0,0.3691238,Medium
9378,1,0,0.3351763,Medium
9379,0,0,0.12190573,Low
9380,1,1,0.552292,High
9381,0,0,0.13640444,Low
9382,0,1,0.5843796,High
9383,0,0,0.15747698,Low
9384,0,1,0.5877093,High
9385,0,1,0.68969417,Very High
9386,1,1,0.8457922,Very High
9387,0,0,0.19095385,Low
9388,0,0,0.32644656,Medium
9389,0,0,0.13630293,Low
9390,0,1,0.711045,Very High
9391,0,0,0.12126723,Low
9392,1,1,0.60956854,Very High
9393,0,1,0.5701174,High
9394,0,0,0.18301614,Low
9395,0,0,0.100989036,Low
9396,1,0,0.41783014,High
9397,0,1,0.7797716,Very High
9398,0,0,0.31600928,Medium
9399,0,0,0.09268882,Low
9400,1,0,0.20849413,Medium
9401,1,0,0.34744957,Medium
9402,0,0,0.17000987,Low
9403,0,0,0.33558494,Medium
9404,0,0,0.10490491,Low
9405,0,0,0.2828159,Medium
9406,0,0,0.44433412,High
9407,1,0,0.4543507,High
9408,0,0,0.4658758,High
9409,0,1,0.63156766,Very High
9410,0,0,0.2038652,Medium
9411,0,0,0.12597454,Low
9412,0,0,0.28191084,Medium
9413,0,1,0.57638836,High
9414,1,1,0.88284695,Very High
9415,0,0,0.12732954,Low
9416,0,1,0.57279956,High
9417,0,0,0.25695002,Medium
9418,0,0,0.18165347,Low
9419,0,1,0.52808255,High
9420,0,1,0.8146157,Very High
9421,0,0,0.2026394,Medium
9422,0,0,0.22540838,Medium
9423,0,0,0.07053193,Low
9424,0,0,0.2819832,Medium
9425,1,0,0.41360563,High
9426,0,0,0.4574866,High
9427,0,0,0.3521619,Medium
9428,0,0,0.3806405,Medium
9429,1,1,0.56595576,High
9430,0,1,0.7462394,Very High
9431,0,0,0.4748672,High
9432,0,0,0.1075205,Low
9433,0,0,0.38244128,Medium
9434,1,0,0.28425482,Medium
9435,0,0,0.33381528,Medium
9436,0,1,0.7132187,Very High
9437,0,0,0.20373747,Medium
9438,1,1,0.8193013,Very High
9439,0,1,0.5392571,High
9440,1,0,0.25387886,Medium
9441,0,1,0.50326264,High
9442,0,0,0.29550412,Medium
9443,0,0,0.15751956,Low
9444,0,0,0.23304027,Medium
9445,0,0,0.2751923,Medium
9446,1,1,0.5565921,High
9447,0,0,0.34487513,Medium
9448,0,0,0.34173557,Medium
9449,0,0,0.25655127,Medium
9450,1,0,0.30822143,Medium
9451,0,0,0.077869736,Low
9452,1,1,0.9181851,Very High
9453,0,0,0.23216176,Medium
9454,0,0,0.37019643,Medium
9455,0,0,0.30143836,Medium
9456,0,0,0.2505197,Medium
9457,0,0,0.08930406,Low
9458,1,1,0.8568396,Very High
9459,1,0,0.17416012,Low
9460,0,0,0.14765878,Low
9461,1,0,0.238228,Medium
9462,0,0,0.13997994,Low
9463,1,1,0.8543761,Very High
9464,0,1,0.58995205,High
9465,0,0,0.19939843,Low
9466,0,0,0.4464061,High
9467,0,0,0.10292209,Low
9468,0,0,0.41529226,High
9469,1,0,0.40905496,High
9470,0,0,0.29012895,Medium
9471,0,0,0.21916045,Medium
9472,0,0,0.1335423,Low
9473,1,1,0.8569595,Very High
9474,0,0,0.2231348,Medium
9475,0,0,0.13987811,Low
9476,1,1,0.5746941,High
9477,0,0,0.4459714,High
9478,1,0,0.32457316,Medium
9479,0,0,0.09776725,Low
9480,1,1,0.6099679,Very High
9481,1,0,0.4285348,High
9482,0,0,0.37978277,Medium
9483,0,0,0.21679613,Medium
9484,1,1,0.8818099,Very High
9485,0,0,0.11213857,Low
9486,0,1,0.55445904,High
9487,0,0,0.09689993,Low
9488,0,0,0.082795314,Low
9489,1,0,0.36850604,Medium
9490,0,0,0.3211451,Medium
9491,0,0,0.34196642,Medium
9492,0,0,0.37619174,Medium
9493,1,1,0.7304219,Very High
9494,1,0,0.36436197,Medium
9495,1,1,0.8168939,Very High
9496,0,0,0.2733765,Medium
9497,0,0,0.21650441,Medium
9498,0,0,0.089157574,Low
9499,0,0,0.3029021,Medium
9500,0,0,0.36712557,Medium
9501,0,0,0.25254178,Medium
9502,0,0,0.117713004,Low
9503,0,0,0.25398472,Medium
9504,0,0,0.38156113,Medium
9505,0,0,0.21102622,Medium
9506,0,0,0.179522,Low
9507,0,0,0.41874745,High
9508,0,1,0.62897086,Very High
9509,0,0,0.3953776,Medium
9510,0,0,0.273571,Medium
9511,0,0,0.0919252,Low
9512,0,0,0.2569022,Medium
9513,0,0,0.07918647,Low
9514,0,0,0.16885512,Low
9515,0,0,0.25775695,Medium
9516,0,0,0.17124754,Low
9517,0,0,0.11978751,Low
9518,1,1,0.7613153,Very High
9519,0,0,0.122093715,Low
9520,0,1,0.71418285,Very High
9521,0,0,0.28004977,Medium
9522,0,1,0.8530612,Very High
9523,0,0,0.10090949,Low
9524,0,0,0.32043192,Medium
9525,0,0,0.21576878,Medium
9526,0,0,0.17251797,Low
9527,0,0,0.13633266,Low
9528,1,0,0.4065076,High
9529,0,0,0.34333023,Medium
9530,0,0,0.08944534,Low
9531,0,0,0.1793382,Low
9532,1,0,0.4285327,High
9533,1,0,0.33020213,Medium
9534,1,1,0.5942155,High
9535,0,0,0.12473759,Low
9536,0,0,0.19322155,Low
9537,1,0,0.16236642,Low
9538,1,1,0.86346745,Very High
9539,0,0,0.22037973,Medium
9540,0,0,0.31414494,Medium
9541,0,0,0.27185676,Medium
9542,0,0,0.3670558,Medium
9543,0,0,0.29169858,Medium
9544,1,0,0.2651768,Medium
9545,0,0,0.3667194,Medium
9546,0,0,0.1355357,Low
9547,0,0,0.2694406,Medium
9548,0,0,0.048992123,Low
9549,0,0,0.41447222,High
9550,0,1,0.5686899,High
9551,0,1,0.8754475,Very High
9552,0,0,0.42258805,High
9553,0,0,0.29956657,Medium
9554,0,1,0.5237947,High
9555,0,1,0.5234097,High
9556,0,0,0.074343964,Low
9557,1,0,0.4772752,High
9558,0,0,0.34834164,Medium
9559,0,0,0.21300511,Medium
9560,1,0,0.4739228,High
9561,0,0,0.22403258,Medium
9562,0,0,0.20290415,Medium
9563,1,1,0.8585958,Very High
9564,0,0,0.25108877,Medium
9565,0,0,0.1401078,Low
9566,0,0,0.07845884,Low
9567,1,1,0.678385,Very High
9568,0,0,0.29853287,Medium
9569,1,0,0.3301381,Medium
9570,0,1,0.60025793,Very High
9571,0,1,0.82396895,Very High
9572,0,0,0.40335882,High
9573,0,0,0.27717432,Medium
9574,0,0,0.43511084,High
9575,0,0,0.26401863,Medium
9576,0,0,0.091103956,Low
9577,1,1,0.6345985,Very High
9578,0,0,0.33433655,Medium
9579,0,0,0.29286572,Medium
9580,0,1,0.53676474,High
9581,0,0,0.17462973,Low
9582,0,0,0.27114785,Medium
9583,1,1,0.8961759,Very High
9584,1,1,0.9158035,Very High
9585,1,1,0.8839003,Very High
9586,0,0,0.40412942,High
9587,1,0,0.3005954,Medium
9588,0,1,0.5379514,High
9589,0,0,0.1873357,Low
9590,1,0,0.4403392,High
9591,0,0,0.3893381,Medium
9592,0,0,0.33913136,Medium
9593,0,0,0.094876274,Low
9594,1,1,0.82503736,Very High
9595,0,0,0.16829035,Low
9596,0,0,0.38850698,Medium
9597,0,1,0.591637,High
9598,0,0,0.15919776,Low
9599,0,0,0.07145417,Low
9600,0,1,0.59466445,High
9601,0,1,0.55968535,High
9602,0,0,0.14347771,Low
9603,0,0,0.124726154,Low
9604,0,0,0.46273607,High
9605,1,0,0.3864696,Medium
9606,0,0,0.115322776,Low
9607,0,0,0.14464775,Low
9608,0,0,0.472045,High
9609,0,0,0.19232996,Low
9610,1,1,0.6154492,Very High
9611,0,0,0.13152108,Low
9612,0,0,0.1326044,Low
9613,0,0,0.10365263,Low
9614,1,1,0.8992955,Very High
9615,0,0,0.4241524,High
9616,0,0,0.40486372,High
9617,0,1,0.6535732,Very High
9618,0,0,0.3866542,Medium
9619,0,0,0.16818437,Low
9620,1,1,0.52386653,High
9621,0,0,0.21278673,Medium
9622,0,0,0.25919405,Medium
9623,0,0,0.4568475,High
9624,0,0,0.26394755,Medium
9625,0,1,0.63196117,Very High
9626,1,1,0.59529394,High
9627,0,0,0.27353704,Medium
9628,0,0,0.062269274,Low
9629,1,1,0.52164954,High
9630,0,0,0.18954213,Low
9631,0,1,0.83020055,Very High
9632,0,0,0.12243628,Low
9633,1,1,0.8513162,Very High
9634,0,0,0.30993068,Medium
9635,0,0,0.35836622,Medium
9636,0,0,0.2622148,Medium
9637,0,0,0.38650593,Medium
9638,0,1,0.5514697,High
9639,0,0,0.3914392,Medium
9640,0,0,0.08961133,Low
9641,1,1,0.6495581,Very High
9642,0,0,0.11659665,Low
9643,0,0,0.23710908,Medium
9644,0,0,0.32953858,Medium
9645,0,0,0.32347926,Medium
9646,0,0,0.20690762,Medium
9647,0,1,0.68465245,Very High
9648,0,0,0.16360271,Low
9649,0,0,0.07719695,Low
9650,0,0,0.20385617,Medium
9651,1,1,0.88364965,Very High
9652,0,0,0.2057811,Medium
9653,0,0,0.37719965,Medium
9654,0,0,0.37674165,Medium
9655,0,0,0.15354787,Low
9656,0,0,0.37241793,Medium
9657,0,0,0.4554443,High
9658,0,0,0.21226823,Medium
9659,0,0,0.4076996,High
9660,0,1,0.57188725,High
9661,1,1,0.8883449,Very High
9662,1,1,0.9097335,Very High
9663,0,0,0.41335303,High
9664,0,0,0.2289985,Medium
9665,1,1,0.5710747,High
9666,1,0,0.25238216,Medium
9667,0,0,0.2526072,Medium
9668,1,1,0.5324472,High
9669,0,0,0.11701355,Low
9670,0,0,0.2849318,Medium
9671,0,0,0.24134184,Medium
9672,0,1,0.925567,Very High
9673,0,0,0.07841889,Low
9674,0,0,0.17113906,Low
9675,1,0,0.43959442,High
9676,0,0,0.33116063,Medium
9677,0,1,0.8867694,Very High
9678,0,0,0.20731966,Medium
9679,0,0,0.28954884,Medium
9680,0,0,0.2946287,Medium
9681,0,1,0.7997311,Very High
9682,0,0,0.047348954,Low
9683,0,0,0.15610465,Low
9684,0,0,0.36351717,Medium
9685,1,1,0.8624143,Very High
9686,0,0,0.25106826,Medium
9687,0,0,0.29563227,Medium
9688,0,0,0.22216336,Medium
9689,0,0,0.12233927,Low
9690,0,1,0.55309325,High
9691,0,0,0.12593839,Low
9692,0,1,0.7241737,Very High
9693,1,0,0.28351477,Medium
9694,0,0,0.29140326,Medium
9695,1,1,0.9001741,Very High
9696,0,0,0.2683344,Medium
9697,1,1,0.7812675,Very High
9698,0,0,0.272295,Medium
9699,0,0,0.49468645,High
9700,1,1,0.7177349,Very High
9701,0,0,0.18672791,Low
9702,0,0,0.40669167,High
9703,0,0,0.3044865,Medium
9704,0,0,0.28466353,Medium
9705,0,0,0.37117648,Medium
9706,0,0,0.49463254,High
9707,1,1,0.8463682,Very High
9708,1,0,0.30817527,Medium
9709,0,0,0.398279,Medium
9710,0,0,0.23181498,Medium
9711,0,0,0.31426072,Medium
9712,0,0,0.3365808,Medium
9713,0,0,0.17560384,Low
9714,0,0,0.46833444,High
9715,0,1,0.90240216,Very High
9716,0,1,0.609932,Very High
9717,0,0,0.16607928,Low
9718,0,0,0.2806667,Medium
9719,1,0,0.48256317,High
9720,0,0,0.23276193,Medium
9721,0,0,0.22058298,Medium
9722,1,0,0.2981884,Medium
9723,0,0,0.14175071,Low
9724,0,0,0.09568798,Low
9725,0,0,0.36184683,Medium
9726,0,0,0.29809624,Medium
9727,1,0,0.44379446,High
9728,0,0,0.18436271,Low
9729,0,0,0.14819866,Low
9730,0,0,0.07915951,Low
9731,0,1,0.7310539,Very High
9732,1,1,0.79857343,Very High
9733,1,1,0.82561576,Very High
9734,0,0,0.1952382,Low
9735,0,0,0.33871242,Medium
9736,0,0,0.46183437,High
9737,0,0,0.18643485,Low
9738,0,0,0.30994117,Medium
9739,0,0,0.19197038,Low
9740,0,0,0.46205893,High
9741,0,0,0.31711408,Medium
9742,0,0,0.34348774,Medium
9743,0,0,0.11417126,Low
9744,0,0,0.3659481,Medium
9745,0,0,0.34788594,Medium
9746,0,0,0.14914902,Low
9747,0,0,0.107211776,Low
9748,0,0,0.27982745,Medium
9749,0,0,0.40371668,High
9750,0,0,0.4092181,High
9751,0,0,0.116766915,Low
9752,0,0,0.12032535,Low
9753,0,0,0.16971655,Low
9754,0,0,0.21444257,Medium
9755,0,0,0.36484215,Medium
9756,0,1,0.88511354,Very High
9757,0,0,0.30577713,Medium
9758,0,0,0.12453099,Low
9759,0,0,0.28434455,Medium
9760,1,0,0.22698867,Medium
9761,0,0,0.19283417,Low
9762,0,1,0.63045484,Very High
9763,1,0,0.20291059,Medium
9764,0,0,0.058561843,Low
9765,1,1,0.8000539,Very High
9766,0,0,0.18886793,Low
9767,0,0,0.3821916,Medium
9768,0,0,0.1868924,Low
9769,1,1,0.6515704,Very High
9770,0,0,0.08716925,Low
9771,1,1,0.6129826,Very High
9772,0,0,0.14599739,Low
9773,0,1,0.6582106,Very High
9774,0,0,0.2152148,Medium
9775,0,0,0.1407295,Low
9776,0,0,0.28683105,Medium
9777,0,0,0.20627852,Medium
9778,0,0,0.15767975,Low
9779,1,1,0.8053638,Very High
9780,0,0,0.3844874,Medium
9781,0,0,0.28438842,Medium
9782,1,1,0.8574788,Very High
9783,0,0,0.33359554,Medium
9784,0,0,0.28813025,Medium
9785,0,0,0.14063981,Low
9786,1,1,0.62863064,Very High
9787,0,0,0.2875688,Medium
9788,1,1,0.8794153,Very High
9789,0,1,0.6267431,Very High
9790,0,0,0.12229363,Low
9791,0,0,0.44973055,High
9792,1,1,0.6929588,Very High
9793,0,0,0.15095407,Low
9794,0,0,0.08496565,Low
9795,0,1,0.62054455,Very High
9796,1,0,0.1497692,Low
9797,0,0,0.32901618,Medium
9798,0,0,0.13458593,Low
9799,1,1,0.6569015,Very High
9800,1,0,0.25381434,Medium
9801,0,0,0.23908214,Medium
9802,1,0,0.13725047,Low
9803,0,1,0.64125675,Very High
9804,0,1,0.5624421,High
9805,0,0,0.121841684,Low
9806,0,0,0.17783453,Low
9807,0,0,0.18568887,Low
9808,0,0,0.2397956,Medium
9809,0,0,0.21393001,Medium
9810,0,0,0.1866027,Low
9811,0,0,0.32508263,Medium
9812,1,1,0.8960957,Very High
9813,0,0,0.47004977,High
9814,0,0,0.19602202,Low
9815,0,1,0.6262441,Very High
9816,0,1,0.702222,Very High
9817,0,0,0.40077254,High
9818,0,1,0.5333744,High
9819,0,0,0.22896099,Medium
9820,0,0,0.3194891,Medium
9821,0,1,0.82949036,Very High
9822,0,1,0.8051604,Very High
9823,0,0,0.31078058,Medium
9824,1,0,0.4921925,High
9825,0,0,0.47001195,High
9826,0,0,0.23280105,Medium
9827,1,0,0.28248584,Medium
9828,0,0,0.32737085,Medium
9829,1,0,0.43648013,High
9830,0,0,0.4098399,High
9831,0,0,0.29264128,Medium
9832,0,0,0.2447171,Medium
9833,1,1,0.8879638,Very High
9834,0,0,0.29548463,Medium
9835,0,0,0.2993436,Medium
9836,0,0,0.43903446,High
9837,0,0,0.16680555,Low
9838,0,0,0.10684202,Low
9839,1,1,0.865561,Very High
9840,0,0,0.2884734,Medium
9841,1,1,0.5038495,High
9842,1,0,0.31018966,Medium
9843,1,1,0.7047188,Very High
9844,0,0,0.10101759,Low
9845,0,0,0.1340531,Low
9846,0,0,0.33053845,Medium
9847,0,0,0.07170381,Low
9848,1,0,0.14218938,Low
9849,0,0,0.08117045,Low
9850,0,0,0.23002811,Medium
9851,0,0,0.12168845,Low
9852,1,0,0.14744598,Low
9853,0,0,0.27367088,Medium
9854,0,0,0.30517048,Medium
9855,0,0,0.2775418,Medium
9856,1,1,0.5536864,High
9857,1,1,0.7771968,Very High
9858,1,1,0.84718466,Very High
9859,0,0,0.37524974,Medium
9860,0,0,0.35348696,Medium
9861,0,0,0.07731257,Low
9862,0,0,0.16861235,Low
9863,0,0,0.31340885,Medium
9864,0,0,0.34413403,Medium
9865,0,0,0.21068375,Medium
9866,1,0,0.30961496,Medium
9867,0,1,0.61151993,Very High
9868,0,0,0.298314,Medium
9869,0,1,0.8717452,Very High
9870,1,0,0.35838318,Medium
9871,1,1,0.86233777,Very High
9872,0,0,0.1587599,Low
9873,0,0,0.3256837,Medium
9874,0,0,0.27057964,Medium
9875,0,0,0.247448,Medium
9876,0,0,0.32884616,Medium
9877,0,1,0.65881103,Very High
9878,0,0,0.06377446,Low
9879,0,0,0.25789627,Medium
9880,0,0,0.21562509,Medium
9881,1,1,0.85682744,Very High
9882,0,0,0.09404785,Low
9883,0,0,0.42760944,High
9884,0,0,0.11531387,Low
9885,0,0,0.36205676,Medium
9886,0,0,0.17093383,Low
9887,0,0,0.26984972,Medium
9888,0,0,0.11283553,Low
9889,0,0,0.4161944,High
9890,0,1,0.5902465,High
9891,0,0,0.23529121,Medium
9892,0,0,0.37352082,Medium
9893,1,1,0.64510256,Very High
9894,0,0,0.2357601,Medium
9895,0,0,0.225197,Medium
9896,0,0,0.20944355,Medium
9897,0,0,0.15842922,Low
9898,1,0,0.25190425,Medium
9899,0,0,0.29168683,Medium
9900,0,0,0.1393873,Low
9901,0,1,0.57822204,High
9902,1,1,0.82348156,Very High
9903,1,1,0.8495739,Very High
9904,0,1,0.5792175,High
9905,1,0,0.27665326,Medium
9906,0,1,0.6308297,Very High
9907,0,0,0.08926156,Low
9908,0,0,0.2763971,Medium
9909,0,0,0.33213475,Medium
9910,1,1,0.8091549,Very High
9911,0,0,0.30573452,Medium
9912,0,0,0.28614235,Medium
9913,0,0,0.114150785,Low
9914,0,1,0.80232364,Very High
9915,1,1,0.69208276,Very High
9916,0,0,0.43989322,High
9917,0,0,0.1774695,Low
9918,0,1,0.63539743,Very High
9919,1,1,0.8445575,Very High
9920,0,0,0.23015143,Medium
9921,0,1,0.5464956,High
9922,0,0,0.34769592,Medium
9923,0,1,0.8646345,Very High
9924,0,0,0.35004327,Medium
9925,0,0,0.29740727,Medium
9926,0,0,0.17382152,Low
9927,0,0,0.3488122,Medium
9928,1,1,0.5306014,High
9929,0,0,0.107577525,Low
9930,0,1,0.5478091,High
9931,0,0,0.28070122,Medium
9932,0,0,0.0641979,Low
9933,1,1,0.79737663,Very High
9934,1,0,0.31475484,Medium
9935,1,0,0.3087867,Medium
9936,0,0,0.36490294,Medium
9937,0,0,0.3730498,Medium
9938,0,0,0.40408954,High
9939,0,0,0.28096196,Medium
9940,0,0,0.43969342,High
9941,1,1,0.67805445,Very High
9942,0,1,0.5175212,High
9943,0,1,0.5101825,High
9944,0,0,0.30440944,Medium
9945,0,0,0.49812487,High
9946,0,0,0.2739996,Medium
9947,1,1,0.85350466,Very High
9948,0,0,0.14327785,Low
9949,1,0,0.20566633,Medium
9950,0,1,0.7991551,Very High
9951,0,1,0.72738963,Very High
9952,1,0,0.19886363,Low
9953,1,1,0.8853969,Very High
9954,0,0,0.21288632,Medium
9955,1,1,0.59984696,High
9956,0,1,0.53843033,High
9957,0,0,0.17554061,Low
9958,1,1,0.8819556,Very High
9959,0,0,0.38497654,Medium
9960,0,0,0.2002744,Medium
9961,0,0,0.20007165,Medium
9962,0,0,0.34711027,Medium
9963,0,1,0.88381404,Very High
9964,0,0,0.048205815,Low
9965,1,0,0.19762947,Low
9966,0,0,0.107791424,Low
9967,0,0,0.1939374,Low
9968,0,0,0.39963135,Medium
9969,0,0,0.30281147,Medium
9970,0,0,0.24426931,Medium
9971,1,0,0.4224454,High
9972,0,0,0.281963,Medium
9973,1,0,0.27626243,Medium
9974,0,0,0.2246888,Medium
9975,0,0,0.17374271,Low
9976,0,0,0.23649867,Medium
9977,0,0,0.40583754,High
9978,0,0,0.16528887,Low
9979,0,0,0.40079027,High
9980,1,1,0.7458358,Very High
9981,0,0,0.103685886,Low
9982,0,0,0.26178515,Medium
9983,0,0,0.29671887,Medium
9984,0,0,0.2211144,Medium
9985,0,0,0.42008683,High
9986,0,0,0.095352344,Low
9987,0,0,0.13144267,Low
9988,0,0,0.4286258,High
9989,0,0,0.1998856,Low
9990,0,0,0.2330922,Medium
9991,0,0,0.115057684,Low
9992,1,1,0.7369804,Very High
9993,1,1,0.8373782,Very High
9994,1,0,0.27497527,Medium
9995,1,0,0.36148113,Medium
9996,0,0,0.41509226,High
9997,0,0,0.38106126,Medium
9998,0,0,0.175794,Low
9999,1,1,0.58683884,High
10000,0,0,0.13912158,Low
10001,0,0,0.36069635,Medium
10002,0,0,0.39397827,Medium
10003,0,1,0.5647842,High
10004,0,0,0.29852557,Medium
10005,0,0,0.3092596,Medium
10006,0,0,0.10103179,Low
10007,0,0,0.31028208,Medium
10008,0,1,0.85750324,Very High
10009,1,1,0.56586343,High
10010,1,0,0.16142896,Low
10011,0,0,0.40994292,High
10012,0,0,0.22566034,Medium
10013,0,0,0.17166668,Low
10014,0,1,0.537497,High
10015,0,0,0.14537674,Low
10016,0,0,0.12610066,Low
10017,0,0,0.23455209,Medium
10018,0,1,0.5645834,High
10019,0,0,0.23632084,Medium
10020,1,0,0.4493425,High
10021,0,0,0.28411606,Medium
10022,0,0,0.08280346,Low
10023,0,0,0.20643918,Medium
10024,0,1,0.9176147,Very High
10025,1,0,0.18274759,Low
10026,1,0,0.31787506,Medium
10027,0,0,0.34351036,Medium
10028,0,0,0.30206096,Medium
10029,0,0,0.13077004,Low
10030,0,0,0.065256365,Low
10031,0,0,0.0837951,Low
10032,0,0,0.35816732,Medium
10033,1,0,0.2822256,Medium
10034,0,0,0.09496251,Low
10035,1,0,0.22751595,Medium
10036,0,0,0.22554168,Medium
10037,0,0,0.11031758,Low
10038,0,0,0.2137008,Medium
10039,0,0,0.36761492,Medium
10040,0,0,0.44688267,High
10041,0,0,0.20291625,Medium
10042,0,0,0.12558626,Low
10043,1,1,0.8831347,Very High
10044,0,0,0.49490863,High
10045,0,1,0.5104344,High
10046,0,0,0.3130054,Medium
10047,1,0,0.29425204,Medium
10048,0,0,0.18036358,Low
10049,0,0,0.39806694,Medium
10050,0,0,0.33637956,Medium
10051,0,0,0.13055074,Low
10052,0,0,0.22387464,Medium
10053,0,0,0.26547685,Medium
10054,1,0,0.27980447,Medium
10055,0,0,0.32635474,Medium
10056,0,0,0.082785934,Low
10057,0,0,0.35143012,Medium
10058,0,0,0.26508293,Medium
10059,0,1,0.5525337,High
10060,0,0,0.2809746,Medium
10061,0,0,0.45251817,High
10062,0,0,0.44849896,High
10063,0,1,0.57348317,High
10064,0,0,0.3765554,Medium
10065,1,0,0.3724322,Medium
10066,1,0,0.41930667,High
10067,0,1,0.82261467,Very High
10068,0,0,0.34351796,Medium
10069,0,0,0.10602467,Low
10070,1,1,0.8406504,Very High
10071,0,0,0.16005117,Low
10072,0,0,0.07922867,Low
10073,0,0,0.2731865,Medium
10074,0,0,0.11714928,Low
10075,0,0,0.14200513,Low
10076,1,0,0.40767184,High
10077,0,0,0.23151883,Medium
10078,0,0,0.25729725,Medium
10079,0,0,0.22459733,Medium
10080,1,0,0.16858482,Low
10081,0,0,0.31040835,Medium
10082,0,0,0.109514035,Low
10083,0,0,0.3774824,Medium
10084,0,1,0.8682128,Very High
10085,0,0,0.25541216,Medium
10086,0,0,0.19302851,Low
10087,1,1,0.625778,Very High
10088,0,0,0.19761962,Low
10089,1,0,0.49441612,High
10090,0,0,0.12132936,Low
10091,0,0,0.14681372,Low
10092,1,1,0.80457205,Very High
10093,0,0,0.13426922,Low
10094,0,0,0.39133075,Medium
10095,0,0,0.32072377,Medium
10096,0,1,0.6229632,Very High
10097,0,0,0.29731798,Medium
10098,0,0,0.49357527,High
10099,1,1,0.86637896,Very High
10100,1,0,0.2773012,Medium
10101,0,0,0.2483715,Medium
10102,0,0,0.34276706,Medium
10103,1,1,0.89250433,Very High
10104,0,0,0.3957178,Medium
10105,0,0,0.29003793,Medium
10106,0,1,0.7476664,Very High
10107,0,1,0.61778957,Very High
10108,1,0,0.36025313,Medium
10109,0,0,0.3573674,Medium
10110,0,0,0.17408626,Low
10111,0,1,0.5963698,High
10112,1,1,0.6177339,Very High
10113,0,0,0.21940622,Medium
10114,0,0,0.35299855,Medium
10115,0,0,0.20966147,Medium
10116,1,1,0.77971303,Very High
10117,1,1,0.5970633,High
10118,0,0,0.32321638,Medium
10119,0,0,0.10658271,Low
10120,0,0,0.44721216,High
10121,1,1,0.8684751,Very High
10122,0,0,0.38162017,Medium
10123,0,0,0.3566505,Medium
10124,0,0,0.33916456,Medium
10125,0,1,0.9309122,Very High
10126,0,0,0.27960908,Medium
10127,0,0,0.116716124,Low
10128,1,0,0.2766406,Medium
10129,1,1,0.6731154,Very High
10130,0,1,0.5084862,High
10131,0,0,0.10632012,Low
10132,0,0,0.051057283,Low
10133,0,1,0.84101343,Very High
10134,0,1,0.59211606,High
10135,0,0,0.29117018,Medium
10136,1,1,0.5848412,High
10137,0,0,0.32599115,Medium
10138,0,0,0.2565483,Medium
10139,1,0,0.46858412,High
10140,1,0,0.16901204,Low
10141,1,1,0.5803531,High
10142,0,0,0.20401669,Medium
10143,0,1,0.86483306,Very High
10144,0,0,0.2776627,Medium
10145,0,0,0.4143996,High
10146,0,0,0.22836041,Medium
10147,1,0,0.12626116,Low
10148,0,1,0.52391744,High
10149,0,1,0.51624197,High
10150,1,0,0.23493579,Medium
10151,0,0,0.25565812,Medium
10152,1,1,0.8624043,Very High
10153,0,0,0.20773827,Medium
10154,0,0,0.323702,Medium
10155,0,0,0.34777018,Medium
10156,1,1,0.64614177,Very High
10157,1,0,0.2169288,Medium
10158,1,0,0.27168784,Medium
10159,0,0,0.07920902,Low
10160,0,0,0.31745678,Medium
10161,0,0,0.19273849,Low
10162,0,0,0.30237442,Medium
10163,0,1,0.60688907,Very High
10164,0,0,0.20511885,Medium
10165,1,0,0.26136297,Medium
10166,0,0,0.2377225,Medium
10167,1,0,0.37388524,Medium
10168,1,0,0.354551,Medium
10169,0,0,0.116662234,Low
10170,0,0,0.43410784,High
10171,0,0,0.30522242,Medium
10172,0,0,0.20503539,Medium
10173,0,0,0.08900197,Low
10174,0,0,0.30096108,Medium
10175,0,0,0.45627865,High
10176,0,0,0.36530182,Medium
10177,0,1,0.60682327,Very High
10178,0,0,0.2712587,Medium
10179,0,0,0.40532902,High
10180,0,0,0.30475998,Medium
10181,1,1,0.8687918,Very High
10182,0,0,0.22483191,Medium
10183,0,0,0.372371,Medium
10184,1,1,0.74018717,Very High
10185,0,1,0.8523347,Very High
10186,1,0,0.1202237,Low
10187,1,1,0.8492191,Very High
10188,0,0,0.093125276,Low
10189,1,0,0.37927172,Medium
10190,0,0,0.15222476,Low
10191,0,0,0.36226118,Medium
10192,0,0,0.18982913,Low
10193,0,0,0.42764118,High
10194,0,0,0.36030915,Medium
10195,1,1,0.81258464,Very High
10196,0,0,0.34834164,Medium
10197,0,1,0.9095721,Very High
10198,0,0,0.12603186,Low
10199,1,0,0.3207718,Medium
10200,0,0,0.31757575,Medium
10201,0,0,0.33959243,Medium
10202,0,1,0.58301055,High
10203,0,0,0.27059564,Medium
10204,0,0,0.15648223,Low
10205,0,0,0.34576795,Medium
10206,0,0,0.077724986,Low
10207,0,0,0.2751008,Medium
10208,0,0,0.1913953,Low
10209,0,0,0.46044475,High
10210,0,1,0.70782655,Very High
10211,0,0,0.46981186,High
10212,1,0,0.29938018,Medium
10213,0,1,0.8670504,Very High
10214,0,1,0.5003568,High
10215,0,0,0.27696,Medium
10216,0,1,0.8364602,Very High
10217,1,1,0.7891144,Very High
10218,0,0,0.32165703,Medium
10219,0,0,0.2746879,Medium
10220,0,0,0.2538904,Medium
10221,0,0,0.18742266,Low
10222,0,0,0.31106165,Medium
10223,0,0,0.21602036,Medium
10224,0,0,0.23983859,Medium
10225,0,0,0.4094526,High
10226,0,0,0.29696438,Medium
10227,0,0,0.13513297,Low
10228,0,1,0.66339624,Very High
10229,0,0,0.32678494,Medium
10230,0,0,0.12544945,Low
10231,0,1,0.85738146,Very High
10232,0,0,0.29504678,Medium
10233,1,1,0.57139266,High
10234,0,0,0.110277764,Low
10235,0,0,0.34787148,Medium
10236,0,0,0.17324394,Low
10237,0,0,0.15147689,Low
10238,0,1,0.61283624,Very High
10239,0,0,0.35482743,Medium
10240,0,0,0.49304533,High
10241,1,1,0.68824804,Very High
10242,0,0,0.40062115,High
10243,0,0,0.29417014,Medium
10244,0,0,0.37403876,Medium
10245,0,0,0.24460514,Medium
10246,0,0,0.14707968,Low
10247,0,0,0.18557972,Low
10248,1,1,0.57381475,High
10249,0,0,0.33228344,Medium
10250,0,0,0.22846058,Medium
10251,0,1,0.5601237,High
10252,1,0,0.4293651,High
10253,0,0,0.3629886,Medium
10254,0,0,0.27399078,Medium
10255,1,0,0.3978259,Medium
10256,0,0,0.25021124,Medium
10257,0,1,0.5637232,High
10258,0,0,0.15590546,Low
10259,0,0,0.1865459,Low
10260,0,0,0.17638807,Low
10261,0,0,0.27049956,Medium
10262,0,0,0.19310793,Low
10263,0,0,0.30872527,Medium
10264,0,0,0.3708962,Medium
10265,0,1,0.6589261,Very High
10266,0,0,0.30931634,Medium
10267,0,0,0.4509027,High
10268,0,0,0.1569801,Low
10269,0,0,0.13228646,Low
10270,0,0,0.46292666,High
10271,0,1,0.8359263,Very High
10272,0,0,0.30680263,Medium
10273,0,1,0.5434523,High
10274,0,0,0.39976183,Medium
10275,0,0,0.44321284,High
10276,0,0,0.06484179,Low
10277,0,0,0.11456409,Low
10278,0,0,0.30656403,Medium
10279,1,0,0.45041585,High
10280,0,0,0.33270362,Medium
10281,0,0,0.113839045,Low
10282,0,1,0.67333716,Very High
10283,0,0,0.24225011,Medium
10284,0,0,0.1423971,Low
10285,0,0,0.2472832,Medium
10286,0,0,0.05285474,Low
10287,0,0,0.3239029,Medium
10288,1,0,0.33286038,Medium
10289,0,0,0.108785495,Low
10290,0,0,0.24158338,Medium
10291,0,0,0.3246845,Medium
10292,0,0,0.17504793,Low
10293,0,0,0.33745953,Medium
10294,0,0,0.124108285,Low
10295,0,0,0.45539325,High
10296,0,0,0.13625465,Low
10297,0,0,0.31121346,Medium
10298,0,0,0.34728065,Medium
10299,0,0,0.2012276,Medium
10300,0,1,0.5855607,High
10301,0,0,0.1476641,Low
10302,0,0,0.28421333,Medium
10303,0,0,0.49345753,High
10304,0,0,0.39396802,Medium
10305,0,0,0.38084632,Medium
10306,0,0,0.18185149,Low
10307,0,0,0.34222364,Medium
10308,0,0,0.105769716,Low
10309,0,0,0.31176308,Medium
10310,1,1,0.6100231,Very High
10311,0,0,0.2518123,Medium
10312,0,0,0.25041667,Medium
10313,0,0,0.10435895,Low
10314,0,0,0.28977212,Medium
10315,1,1,0.7110514,Very High
10316,1,0,0.36722088,Medium
10317,1,1,0.7075357,Very High
10318,0,0,0.25783023,Medium
10319,0,0,0.21743141,Medium
10320,0,0,0.17166995,Low
10321,0,0,0.28509572,Medium
10322,0,1,0.51489025,High
10323,0,1,0.61631423,Very High
10324,0,1,0.677772,Very High
10325,0,0,0.22108626,Medium
10326,1,1,0.53897244,High
10327,1,0,0.37691462,Medium
10328,0,0,0.16496588,Low
10329,0,0,0.37959865,Medium
10330,0,1,0.81047153,Very High
10331,1,1,0.639959,Very High
10332,0,0,0.40049082,High
10333,1,0,0.27669942,Medium
10334,0,0,0.3176467,Medium
10335,0,0,0.12494611,Low
10336,0,0,0.33152458,Medium
10337,0,0,0.35652104,Medium
10338,1,1,0.9023787,Very High
10339,1,1,0.70850176,Very High
10340,0,0,0.13123298,Low
10341,0,0,0.4171603,High
10342,0,0,0.24207619,Medium
10343,0,0,0.23037182,Medium
10344,0,0,0.22602291,Medium
10345,0,0,0.28846097,Medium
10346,0,0,0.404208,High
10347,0,0,0.15775703,Low
10348,1,0,0.41676337,High
10349,0,0,0.13301139,Low
10350,1,0,0.41977435,High
10351,1,0,0.4016837,High
10352,0,0,0.29797286,Medium
10353,0,0,0.35235938,Medium
10354,1,1,0.894584,Very High
10355,1,1,0.87205976,Very High
10356,0,0,0.20202084,Medium
10357,0,1,0.7452899,Very High
10358,0,0,0.13783386,Low
10359,0,0,0.12397659,Low
10360,0,1,0.5917931,High
10361,1,1,0.81376755,Very High
10362,0,0,0.17103818,Low
10363,0,0,0.23022482,Medium
10364,0,0,0.4513757,High
10365,0,1,0.82215226,Very High
10366,0,0,0.33958203,Medium
10367,0,0,0.4301681,High
10368,1,0,0.23300819,Medium
10369,0,0,0.33757693,Medium
10370,1,1,0.8249074,Very High
10371,0,0,0.30907154,Medium
10372,0,0,0.16642968,Low
10373,0,0,0.33553204,Medium
10374,0,0,0.20224936,Medium
10375,0,0,0.45226365,High
10376,0,0,0.25175658,Medium
10377,0,0,0.31323203,Medium
10378,0,0,0.3190139,Medium
10379,0,0,0.30285984,Medium
10380,0,0,0.18966748,Low
10381,1,1,0.54396063,High
10382,0,0,0.29560685,Medium
10383,0,0,0.10723096,Low
10384,0,0,0.16096485,Low
10385,0,0,0.26441807,Medium
10386,0,0,0.40761432,High
10387,0,0,0.38593346,Medium
10388,1,0,0.20903581,Medium
10389,1,0,0.41769466,High
10390,1,1,0.8708655,Very High
10391,1,1,0.8937604,Very High
10392,0,0,0.41720587,High
10393,1,0,0.29559177,Medium
10394,0,0,0.3219021,Medium
10395,0,0,0.39635012,Medium
10396,0,1,0.56018984,High
10397,1,0,0.4757165,High
10398,0,0,0.17442644,Low
10399,0,0,0.31067392,Medium
10400,1,1,0.5152933,High
10401,0,0,0.34177825,Medium
10402,0,0,0.323054,Medium
10403,1,1,0.7613234,Very High
10404,0,0,0.14175607,Low
10405,0,0,0.36643496,Medium
10406,1,1,0.7466465,Very High
10407,0,0,0.082335405,Low
10408,0,0,0.12757464,Low
10409,1,1,0.8893418,Very High
10410,0,0,0.48421755,High
10411,1,1,0.69432133,Very High
10412,0,0,0.3349761,Medium
10413,0,1,0.56294745,High
10414,0,0,0.25775334,Medium
10415,0,1,0.5564359,High
10416,0,0,0.12187696,Low
10417,0,0,0.23284955,Medium
10418,0,0,0.2031424,Medium
10419,1,1,0.6432282,Very High
10420,0,1,0.7539484,Very High
10421,0,0,0.24939755,Medium
10422,0,1,0.5853182,High
10423,0,0,0.100146,Low
10424,0,0,0.096797295,Low
10425,1,1,0.8648029,Very High
10426,0,0,0.22312877,Medium
10427,0,0,0.35650745,Medium
10428,0,0,0.4494983,High
10429,0,0,0.15211374,Low
10430,0,0,0.24281242,Medium
10431,0,0,0.3255961,Medium
10432,1,0,0.19802876,Low
10433,1,0,0.25829014,Medium
10434,0,0,0.33617562,Medium
10435,0,0,0.24853414,Medium
10436,0,0,0.3650437,Medium
10437,0,0,0.3500864,Medium
10438,0,0,0.35616818,Medium
10439,0,0,0.23073675,Medium
10440,1,1,0.58912134,High
10441,0,0,0.2520938,Medium
10442,0,0,0.34256694,Medium
10443,0,0,0.07524244,Low
10444,0,0,0.10338944,Low
10445,0,0,0.31912294,Medium
10446,0,0,0.21047315,Medium
10447,1,1,0.51794016,High
10448,1,1,0.7517462,Very High
10449,0,0,0.22495128,Medium
10450,0,0,0.46000665,High
10451,0,0,0.17386262,Low
10452,0,0,0.14709921,Low
10453,0,0,0.34172142,Medium
10454,0,0,0.31027123,Medium
10455,0,0,0.06250584,Low
10456,0,0,0.24597842,Medium
10457,1,1,0.5663483,High
10458,0,0,0.23584461,Medium
10459,0,1,0.61713284,Very High
10460,1,1,0.9106142,Very High
10461,0,1,0.5395203,High
10462,0,0,0.23068446,Medium
10463,0,0,0.088370174,Low
10464,0,0,0.09587354,Low
10465,0,0,0.33224028,Medium
10466,0,0,0.104557455,Low
10467,0,0,0.43552715,High
10468,0,1,0.87203467,Very High
10469,0,0,0.13146849,Low
10470,0,0,0.25962508,Medium
10471,0,0,0.47936195,High
10472,0,0,0.13899125,Low
10473,0,1,0.78524417,Very High
10474,0,0,0.15444563,Low
10475,0,0,0.27994835,Medium
10476,0,0,0.31434524,Medium
10477,1,0,0.31171587,Medium
10478,0,1,0.5428364,High
10479,0,0,0.23878103,Medium
10480,0,0,0.4848762,High
10481,1,0,0.3770799,Medium
10482,0,0,0.07009883,Low
10483,1,0,0.32962584,Medium
10484,0,0,0.1488125,Low
10485,1,1,0.53363657,High
10486,0,1,0.5145777,High
10487,0,1,0.52622616,High
10488,1,0,0.20728204,Medium
10489,0,0,0.08620282,Low
10490,0,1,0.5414113,High
10491,0,1,0.65697193,Very High
10492,0,0,0.1669961,Low
10493,0,0,0.23540035,Medium
10494,0,0,0.43911722,High
10495,0,0,0.30990866,Medium
10496,1,0,0.2228481,Medium
10497,0,0,0.30429223,Medium
10498,0,1,0.90785116,Very High
10499,0,0,0.34942228,Medium
10500,0,1,0.6390686,Very High
10501,0,0,0.2872351,Medium
10502,0,0,0.38547066,Medium
10503,1,0,0.4161155,High
10504,0,0,0.29768273,Medium
10505,0,0,0.28002396,Medium
10506,0,0,0.22474632,Medium
10507,1,1,0.74356323,Very High
10508,1,1,0.612766,Very High
10509,0,0,0.12819935,Low
10510,1,1,0.8868384,Very High
10511,1,0,0.46334636,High
10512,0,0,0.27910635,Medium
10513,0,1,0.58401483,High
10514,0,0,0.12818047,Low
10515,0,0,0.33360153,Medium
10516,0,0,0.16802795,Low
10517,0,0,0.18867075,Low
10518,0,0,0.19953,Low
10519,0,0,0.16146296,Low
10520,0,0,0.06392192,Low
10521,0,1,0.5971062,High
10522,1,1,0.89846,Very High
10523,0,0,0.29996932,Medium
10524,1,0,0.39577344,Medium
10525,1,1,0.80873454,Very High
10526,0,1,0.6457383,Very High
10527,0,0,0.34346494,Medium
10528,1,0,0.2301466,Medium
10529,0,1,0.57973856,High
10530,0,0,0.25696483,Medium
10531,0,0,0.384247,Medium
10532,0,0,0.14237519,Low
10533,0,0,0.25581908,Medium
10534,0,1,0.9161025,Very High
10535,0,0,0.1508174,Low
10536,0,0,0.24237625,Medium
10537,0,1,0.7439558,Very High
10538,0,0,0.17411882,Low
10539,0,0,0.39678454,Medium
10540,1,1,0.9159401,Very High
10541,0,0,0.1523066,Low
10542,1,0,0.33823422,Medium
10543,0,0,0.25285968,Medium
10544,0,1,0.6766116,Very High
10545,0,0,0.18110329,Low
10546,0,1,0.56781524,High
10547,1,1,0.87335235,Very High
10548,1,1,0.91754436,Very High
10549,0,0,0.1525159,Low
10550,1,0,0.34657037,Medium
10551,0,0,0.11626597,Low
10552,0,0,0.38937888,Medium
10553,0,0,0.25968271,Medium
10554,1,1,0.86688447,Very High
10555,0,0,0.2570494,Medium
10556,0,0,0.11814419,Low
10557,0,0,0.16654573,Low
10558,0,0,0.40720648,High
10559,0,0,0.34978732,Medium
10560,0,0,0.25808576,Medium
10561,0,0,0.3387979,Medium
10562,0,0,0.35412332,Medium
10563,0,0,0.1338347,Low
10564,0,0,0.24162035,Medium
10565,0,0,0.40149182,High
10566,0,0,0.2573151,Medium
10567,0,0,0.22923072,Medium
10568,1,0,0.29096943,Medium
10569,0,0,0.3007114,Medium
10570,0,1,0.59456396,High
10571,0,0,0.17922372,Low
10572,1,0,0.20839609,Medium
10573,0,0,0.35786372,Medium
10574,0,0,0.27777657,Medium
10575,0,0,0.40343502,High
10576,1,1,0.8729095,Very High
10577,0,0,0.31702542,Medium
10578,1,1,0.527316,High
10579,0,0,0.2583733,Medium
10580,0,0,0.05989099,Low
10581,0,0,0.13191766,Low
10582,0,0,0.23242554,Medium
10583,0,0,0.17466038,Low
10584,0,1,0.59408,High
10585,0,0,0.31990278,Medium
10586,0,0,0.122421116,Low
10587,1,1,0.81726587,Very High
10588,0,0,0.103349425,Low
10589,0,0,0.28457516,Medium
10590,1,0,0.28117734,Medium
10591,0,0,0.28957275,Medium
10592,0,0,0.3170424,Medium
10593,0,0,0.35792005,Medium
10594,0,1,0.6162978,Very High
10595,1,0,0.39634436,Medium
10596,0,0,0.3217456,Medium
10597,1,0,0.33850208,Medium
10598,1,1,0.8556447,Very High
10599,0,0,0.20267797,Medium
10600,0,1,0.63539416,Very High
10601,1,1,0.66063786,Very High
10602,0,0,0.23008995,Medium
10603,0,0,0.25760597,Medium
10604,0,0,0.33148366,Medium
10605,0,0,0.3220665,Medium
10606,0,0,0.40732986,High
10607,0,0,0.28754,Medium
10608,0,0,0.37505296,Medium
10609,0,0,0.4479491,High
10610,0,0,0.1443713,Low
10611,0,0,0.3633819,Medium
10612,0,0,0.37469548,Medium
10613,0,0,0.28220108,Medium
10614,0,0,0.39483756,Medium
10615,0,0,0.42889926,High
10616,0,0,0.08623407,Low
10617,0,0,0.15648758,Low
10618,0,0,0.16107899,Low
10619,0,0,0.09724604,Low
10620,0,0,0.32128495,Medium
10621,0,0,0.36189765,Medium
10622,0,0,0.30954936,Medium
10623,1,0,0.3987589,Medium
10624,0,0,0.3928186,Medium
10625,1,0,0.39414254,Medium
10626,0,0,0.3448185,Medium
10627,0,0,0.070779875,Low
10628,0,0,0.29863548,Medium
10629,1,1,0.7171627,Very High
10630,0,0,0.28069153,Medium
10631,0,1,0.69994694,Very High
10632,0,0,0.3592009,Medium
10633,1,1,0.5924922,High
10634,0,0,0.19877698,Low
10635,0,0,0.36569214,Medium
10636,0,0,0.2832864,Medium
10637,0,1,0.59472305,High
10638,0,0,0.24370243,Medium
10639,0,0,0.11899345,Low
10640,0,0,0.14905216,Low
10641,0,0,0.48500165,High
10642,1,0,0.18319824,Low
10643,0,0,0.17145522,Low
10644,0,1,0.5008551,High
10645,0,0,0.06565909,Low
10646,1,0,0.37137717,Medium
10647,0,1,0.56199676,High
10648,0,0,0.07994192,Low
10649,0,1,0.58921903,High
10650,1,0,0.12245946,Low
10651,0,0,0.15706128,Low
10652,0,0,0.23577498,Medium
10653,0,0,0.35909653,Medium
10654,0,0,0.15042911,Low
10655,0,0,0.27750832,Medium
10656,1,1,0.6720424,Very High
10657,0,0,0.2992808,Medium
10658,0,0,0.28511605,Medium
10659,0,1,0.50730824,High
10660,1,1,0.55947167,High
10661,0,0,0.08572017,Low
10662,0,0,0.08075796,Low
10663,1,1,0.87838674,Very High
10664,1,1,0.8805158,Very High
10665,0,0,0.2156337,Medium
10666,0,0,0.14529474,Low
10667,0,1,0.8738933,Very High
10668,0,0,0.2421151,Medium
10669,0,0,0.3885603,Medium
10670,0,1,0.5467009,High
10671,1,0,0.1097521,Low
10672,0,0,0.4784395,High
10673,0,1,0.65189236,Very High
10674,0,0,0.3063661,Medium
10675,0,0,0.36611256,Medium
10676,1,0,0.3619586,Medium
10677,0,0,0.10918997,Low
10678,0,1,0.6153594,Very High
10679,0,0,0.32625353,Medium
10680,0,0,0.11617774,Low
10681,0,0,0.34232068,Medium
10682,0,0,0.25041705,Medium
10683,0,0,0.043230228,Low
10684,0,0,0.4255739,High
10685,1,1,0.556156,High
10686,0,0,0.16103745,Low
10687,0,1,0.58630526,High
10688,0,1,0.5254574,High
10689,0,0,0.286562,Medium
10690,0,0,0.24295944,Medium
10691,0,1,0.5320371,High
10692,0,0,0.10297601,Low
10693,0,0,0.308953,Medium
10694,0,0,0.055753138,Low
10695,0,0,0.13918957,Low
10696,1,1,0.8502755,Very High
10697,1,1,0.512355,High
10698,0,1,0.63519275,Very High
10699,1,1,0.5680225,High
10700,0,0,0.22861373,Medium
10701,0,0,0.18602906,Low
10702,1,1,0.9007397,Very High
10703,0,0,0.3152024,Medium
10704,0,1,0.510192,High
10705,0,0,0.16591533,Low
10706,0,0,0.3663319,Medium
10707,1,0,0.34433064,Medium
10708,1,1,0.83934236,Very High
10709,0,0,0.100032635,Low
10710,0,0,0.49386957,High
10711,1,1,0.73886573,Very High
10712,0,0,0.31695205,Medium
10713,1,0,0.40148965,High
10714,1,0,0.39892834,Medium
10715,0,0,0.4892064,High
10716,1,1,0.856344,Very High
10717,0,0,0.12175427,Low
10718,0,0,0.2729109,Medium
10719,0,0,0.29480425,Medium
10720,0,0,0.14110185,Low
10721,0,0,0.09364851,Low
10722,0,0,0.3818514,Medium
10723,1,1,0.6430096,Very High
10724,0,0,0.082537405,Low
10725,0,0,0.24502227,Medium
10726,0,0,0.13254501,Low
10727,0,0,0.24493733,Medium
10728,0,0,0.26061645,Medium
10729,0,1,0.88205075,Very High
10730,1,0,0.32013148,Medium
10731,0,0,0.36170626,Medium
10732,0,0,0.25267935,Medium
10733,1,0,0.040405605,Low
10734,0,0,0.119748466,Low
10735,0,0,0.14354703,Low
10736,0,0,0.18654788,Low
10737,0,1,0.5492464,High
10738,0,1,0.5172393,High
10739,0,0,0.23293974,Medium
10740,1,1,0.8211736,Very High
10741,1,1,0.5100074,High
10742,1,1,0.6454695,Very High
10743,0,0,0.20287512,Medium
10744,0,0,0.39068678,Medium
10745,1,1,0.93532693,Very High
10746,0,0,0.25991404,Medium
10747,0,0,0.44978344,High
10748,0,0,0.14514852,Low
10749,1,1,0.53155756,High
10750,0,1,0.6727942,Very High
10751,1,0,0.4746871,High
10752,1,0,0.35122856,Medium
10753,0,0,0.109448515,Low
10754,1,0,0.11188353,Low
10755,0,0,0.2133324,Medium
10756,0,0,0.33315918,Medium
10757,1,1,0.87134606,Very High
10758,0,0,0.3293883,Medium
10759,0,1,0.9131041,Very High
10760,0,1,0.6001894,Very High
10761,0,0,0.37669984,Medium
10762,1,0,0.2929378,Medium
10763,1,0,0.34366807,Medium
10764,0,0,0.48968795,High
10765,0,0,0.49315992,High
10766,0,1,0.85078824,Very High
10767,0,0,0.26583484,Medium
10768,0,0,0.26380363,Medium
10769,1,1,0.8392385,Very High
10770,0,0,0.32645953,Medium
10771,0,1,0.8341525,Very High
10772,0,1,0.84712946,Very High
10773,0,1,0.573249,High
10774,0,1,0.52392507,High
10775,0,0,0.23109658,Medium
10776,1,1,0.8314305,Very High
10777,0,1,0.6583425,Very High
10778,0,0,0.26552734,Medium
10779,0,0,0.16094293,Low
10780,0,0,0.25700048,Medium
10781,0,0,0.45207253,High
10782,0,0,0.14826065,Low
10783,0,1,0.50354624,High
10784,0,0,0.1968852,Low
10785,0,1,0.89227194,Very High
10786,0,0,0.23926768,Medium
10787,0,0,0.3922968,Medium
10788,0,0,0.2654096,Medium
10789,0,0,0.33889094,Medium
10790,0,0,0.42812702,High
10791,0,0,0.32893738,Medium
10792,0,0,0.34864593,Medium
10793,1,0,0.34487885,Medium
10794,1,0,0.3507051,Medium
10795,0,1,0.56644124,High
10796,0,0,0.108714856,Low
10797,0,0,0.13520855,Low
10798,0,0,0.25541836,Medium
10799,0,0,0.2688131,Medium
10800,0,0,0.30137786,Medium
10801,0,0,0.14936805,Low
10802,1,1,0.92197794,Very High
10803,1,0,0.13324818,Low
10804,1,1,0.9122044,Very High
10805,0,0,0.20288908,Medium
10806,0,0,0.11517705,Low
10807,0,0,0.29105103,Medium
10808,0,0,0.34427807,Medium
10809,0,0,0.21970169,Medium
10810,0,0,0.39317223,Medium
10811,0,0,0.09674846,Low
10812,0,0,0.1844027,Low
10813,0,0,0.17078386,Low
10814,0,0,0.14734891,Low
10815,1,0,0.22484541,Medium
10816,1,1,0.8194447,Very High
10817,0,0,0.14949425,Low
10818,0,1,0.6872302,Very High
10819,1,1,0.86456877,Very High
10820,0,0,0.3573389,Medium
10821,0,0,0.22844979,Medium
10822,0,1,0.5353482,High
10823,1,1,0.88143164,Very High
10824,0,0,0.22907872,Medium
10825,0,0,0.24723288,Medium
10826,0,0,0.2337682,Medium
10827,0,1,0.57731915,High
10828,0,1,0.5090645,High
10829,0,0,0.24189757,Medium
10830,0,0,0.2406422,Medium
10831,1,1,0.8500427,Very High
10832,0,0,0.32506025,Medium
10833,0,0,0.19475335,Low
10834,1,0,0.34321463,Medium
10835,0,0,0.27320406,Medium
10836,0,1,0.5680665,High
10837,0,0,0.25863376,Medium
10838,0,0,0.3123345,Medium
10839,0,1,0.6912475,Very High
10840,0,0,0.25846535,Medium
10841,0,0,0.09061031,Low
10842,1,1,0.56916726,High
10843,1,1,0.8536531,Very High
10844,0,0,0.33488944,Medium
10845,0,0,0.24435604,Medium
10846,0,0,0.24111642,Medium
10847,1,0,0.4905256,High
10848,0,0,0.2583235,Medium
10849,0,0,0.24380317,Medium
10850,0,0,0.16287139,Low
10851,1,0,0.20018664,Medium
10852,0,0,0.31962603,Medium
10853,1,0,0.24083006,Medium
10854,1,0,0.3130242,Medium
10855,0,0,0.2049376,Medium
10856,0,0,0.19385807,Low
10857,0,0,0.19340883,Low
10858,0,0,0.1725465,Low
10859,0,0,0.24477361,Medium
10860,1,1,0.592158,High
10861,0,0,0.33936724,Medium
10862,1,1,0.8267104,Very High
10863,0,0,0.48584998,High
10864,0,0,0.28469703,Medium
10865,0,0,0.27514124,Medium
10866,0,0,0.30226094,Medium
10867,0,0,0.14555004,Low
10868,0,0,0.4109804,High
10869,0,0,0.24279584,Medium
10870,1,0,0.34204286,Medium
10871,1,1,0.9090273,Very High
10872,0,0,0.17442112,Low
10873,0,0,0.27766448,Medium
10874,1,1,0.85108405,Very High
10875,1,0,0.23513694,Medium
10876,1,0,0.29115665,Medium
10877,1,1,0.5205539,High
10878,0,0,0.42084724,High
10879,0,1,0.7208219,Very High
10880,0,0,0.35429025,Medium
10881,0,0,0.32963297,Medium
10882,0,0,0.091154605,Low
10883,0,0,0.060673427,Low
10884,0,0,0.48083058,High
10885,0,0,0.21938957,Medium
10886,0,1,0.6381771,Very High
10887,0,0,0.18484187,Low
10888,0,0,0.21793868,Medium
10889,0,0,0.113869704,Low
10890,0,0,0.12970297,Low
10891,1,1,0.5430708,High
10892,0,0,0.1818029,Low
10893,0,0,0.250665,Medium
10894,0,0,0.49973246,High
10895,0,0,0.29288664,Medium
10896,1,0,0.23901848,Medium
10897,0,0,0.28884938,Medium
10898,0,0,0.4115165,High
10899,0,0,0.29515165,Medium
10900,0,1,0.8296858,Very High
10901,0,1,0.61038935,Very High
10902,0,0,0.19858293,Low
10903,0,0,0.342734,Medium
10904,0,0,0.19636509,Low
10905,0,1,0.51807207,High
10906,0,0,0.38677588,Medium
10907,0,0,0.32043537,Medium
10908,1,1,0.879325,Very High
10909,0,0,0.43976307,High
10910,0,0,0.13267064,Low
10911,1,0,0.26590264,Medium
10912,0,0,0.24304253,Medium
10913,1,1,0.77972114,Very High
10914,0,0,0.32921618,Medium
10915,1,0,0.24636395,Medium
10916,0,0,0.11397659,Low
10917,0,0,0.49967942,High
10918,0,1,0.74537265,Very High
10919,0,0,0.10350792,Low
10920,0,0,0.111911125,Low
10921,1,0,0.30988696,Medium
10922,0,0,0.27263403,Medium
10923,0,0,0.22123817,Medium
10924,1,0,0.34492177,Medium
10925,0,0,0.1885695,Low
10926,0,0,0.3963281,Medium
10927,0,0,0.2798543,Medium
10928,0,0,0.16482443,Low
10929,1,1,0.54511356,High
10930,0,0,0.2216717,Medium
10931,0,0,0.050942447,Low
10932,0,0,0.17104995,Low
10933,0,1,0.64294463,Very High
10934,0,0,0.32853535,Medium
10935,0,0,0.41113517,High
10936,0,0,0.43997318,High
10937,1,1,0.908979,Very High
10938,0,0,0.04329937,Low
10939,0,0,0.2650364,Medium
10940,0,0,0.0931885,Low
10941,0,0,0.36069635,Medium
10942,0,0,0.29241404,Medium
10943,1,0,0.4914365,High
10944,0,0,0.1244832,Low
10945,1,1,0.83510727,Very High
10946,0,0,0.09432056,Low
10947,0,0,0.19605204,Low
10948,0,0,0.26186308,Medium
10949,1,0,0.34440032,Medium
10950,1,0,0.24853067,Medium
10951,0,0,0.28404197,Medium
10952,0,1,0.6759119,Very High
10953,0,0,0.2885499,Medium
10954,0,0,0.35223767,Medium
10955,0,0,0.09181656,Low
10956,0,0,0.08159796,Low
10957,0,0,0.33885807,Medium
10958,0,0,0.11881628,Low
10959,1,1,0.8901264,Very High
10960,0,0,0.22711879,Medium
10961,0,0,0.24410191,Medium
10962,0,0,0.20491618,Medium
10963,1,0,0.31948254,Medium
10964,1,1,0.89551175,Very High
10965,0,0,0.093728706,Low
10966,0,0,0.22326276,Medium
10967,0,0,0.15515812,Low
10968,0,1,0.6052484,Very High
10969,1,1,0.7862631,Very High
10970,0,0,0.24313225,Medium
10971,1,0,0.3004411,Medium
10972,0,0,0.12150155,Low
10973,0,0,0.32628927,Medium
10974,0,0,0.40503484,High
10975,0,1,0.89803946,Very High
10976,0,0,0.11511418,Low
10977,0,0,0.47348943,High
10978,1,1,0.87477595,Very High
10979,0,0,0.269752,Medium
10980,1,1,0.7288145,Very High
10981,0,1,0.5680225,High
10982,0,0,0.15398513,Low
10983,0,1,0.7354645,Very High
10984,0,0,0.3344092,Medium
10985,0,0,0.27799097,Medium
10986,0,0,0.3663515,Medium
10987,0,0,0.32590792,Medium
10988,0,0,0.3525798,Medium
10989,1,0,0.48707187,High
10990,0,1,0.5488164,High
10991,0,0,0.11041815,Low
10992,0,1,0.650079,Very High
10993,0,0,0.28691825,Medium
10994,0,0,0.09326868,Low
10995,1,1,0.6564059,Very High
10996,0,0,0.16277778,Low
10997,0,0,0.33865675,Medium
10998,0,0,0.21101148,Medium
10999,1,0,0.2854425,Medium
11000,0,0,0.25272343,Medium
11001,0,0,0.3640294,Medium
11002,0,1,0.5093803,High
11003,0,0,0.141157,Low
11004,0,0,0.38463402,Medium
11005,0,0,0.19110331,Low
11006,1,0,0.41893074,High
11007,0,1,0.6658623,Very High
11008,0,0,0.11915677,Low
11009,0,1,0.76566154,Very High
11010,0,0,0.18728766,Low
11011,1,0,0.28622422,Medium
11012,0,0,0.27339667,Medium
11013,0,0,0.45163023,High
11014,0,0,0.20452876,Medium
11015,0,0,0.21493946,Medium
11016,0,0,0.26490277,Medium
11017,0,0,0.12048997,Low
11018,0,0,0.2858729,Medium
11019,0,0,0.21043447,Medium
11020,1,0,0.36428687,Medium
11021,0,0,0.22965807,Medium
11022,0,0,0.09485255,Low
11023,0,0,0.23045525,Medium
11024,0,0,0.34134495,Medium
11025,0,1,0.8439292,Very High
11026,0,0,0.133148,Low
11027,1,0,0.24659541,Medium
11028,0,0,0.18846852,Low
11029,1,0,0.1400693,Low
11030,0,0,0.28743887,Medium
11031,1,1,0.5441725,High
11032,1,0,0.404749,High
11033,0,0,0.081983805,Low
11034,1,1,0.65224665,Very High
11035,1,1,0.8966406,Very High
11036,0,0,0.24915718,Medium
11037,1,1,0.7581485,Very High
11038,1,1,0.81417567,Very High
11039,0,0,0.14150372,Low
11040,0,1,0.6115648,Very High
11041,1,1,0.640278,Very High
11042,0,1,0.55817515,High
11043,0,0,0.26564428,Medium
11044,1,1,0.8467976,Very High
11045,1,1,0.6496944,Very High
11046,0,0,0.23925687,Medium
11047,0,0,0.21741006,Medium
11048,0,1,0.67830276,Very High
11049,0,0,0.30600104,Medium
11050,0,1,0.87090886,Very High
11051,0,0,0.28249967,Medium
11052,0,0,0.4867824,High
11053,1,1,0.8480042,Very High
11054,0,1,0.57686996,High
11055,0,0,0.3518274,Medium
11056,1,0,0.30684215,Medium
11057,1,0,0.19695777,Low
11058,0,0,0.22598314,Medium
11059,0,0,0.16226433,Low
11060,0,1,0.5613523,High
11061,1,1,0.6427922,Very High
11062,1,0,0.22746369,Medium
11063,1,1,0.5088842,High
11064,1,0,0.45456204,High
11065,0,1,0.6333148,Very High
11066,0,0,0.41667584,High
11067,0,0,0.33275452,Medium
11068,0,0,0.40078118,High
11069,0,0,0.12207154,Low
11070,0,0,0.26497683,Medium
11071,0,0,0.22437823,Medium
11072,0,0,0.37161162,Medium
11073,1,1,0.87304693,Very High
11074,0,0,0.28783023,Medium
11075,1,1,0.92507523,Very High
11076,0,0,0.24243318,Medium
11077,0,0,0.14448732,Low
11078,0,0,0.32028815,Medium
11079,1,1,0.7922725,Very High
11080,0,0,0.33308527,Medium
11081,1,0,0.24805568,Medium
11082,0,0,0.30795515,Medium
11083,0,0,0.33466798,Medium
11084,1,1,0.612766,Very High
11085,0,0,0.19448207,Low
11086,0,0,0.12155795,Low
11087,0,0,0.3586909,Medium
11088,0,0,0.11983616,Low
11089,0,0,0.23662211,Medium
11090,1,0,0.18065688,Low
11091,0,0,0.26342082,Medium
11092,0,0,0.15231574,Low
11093,0,0,0.2013433,Medium
11094,0,0,0.11179547,Low
11095,0,0,0.16238156,Low
11096,1,0,0.47459483,High
11097,0,0,0.3784051,Medium
11098,0,0,0.23052411,Medium
11099,0,1,0.8328756,Very High
11100,0,0,0.1224899,Low
11101,0,0,0.27208826,Medium
11102,0,0,0.22061026,Medium
11103,0,0,0.33035204,Medium
11104,0,0,0.23035896,Medium
11105,0,1,0.8085039,Very High
11106,1,0,0.14284098,Low
11107,0,1,0.67153096,Very High
11108,0,0,0.2494027,Medium
11109,0,1,0.5301911,High
11110,0,0,0.20425223,Medium
11111,0,0,0.447821,High
11112,0,0,0.29452112,Medium
11113,0,1,0.64135975,Very High
11114,1,0,0.25695193,Medium
11115,0,1,0.5554681,High
11116,1,0,0.11723299,Low
11117,0,0,0.41974455,High
11118,0,0,0.2025763,Medium
11119,0,1,0.5630007,High
11120,0,1,0.54722196,High
11121,0,0,0.4680206,High
11122,0,0,0.37600532,Medium
11123,0,1,0.6484192,Very High
11124,0,0,0.2457942,Medium
11125,0,0,0.35618308,Medium
11126,0,0,0.1004305,Low
11127,1,0,0.39257622,Medium
11128,0,1,0.71418524,Very High
11129,0,0,0.19447757,Low
11130,0,0,0.31765115,Medium
11131,0,1,0.69984657,Very High
11132,1,0,0.27778593,Medium
11133,0,0,0.41480064,High
11134,0,0,0.13157159,Low
11135,0,0,0.40939775,High
11136,0,0,0.186422,Low
11137,0,0,0.26202783,Medium
11138,0,0,0.22000067,Medium
11139,0,1,0.6491216,Very High
11140,0,0,0.4052088,High
11141,0,0,0.14923842,Low
11142,0,0,0.20290573,Medium
11143,0,0,0.19907723,Low
11144,0,0,0.11253265,Low
11145,0,0,0.34530422,Medium
11146,0,0,0.09500553,Low
11147,0,0,0.43728098,High
11148,1,0,0.31647503,Medium
11149,0,0,0.34194425,Medium
11150,0,1,0.59112513,High
11151,0,0,0.17365311,Low
11152,1,1,0.8703662,Very High
11153,0,0,0.081680454,Low
11154,0,0,0.2579904,Medium
11155,0,0,0.20768753,Medium
11156,0,0,0.18408817,Low
11157,0,0,0.18598051,Low
11158,0,0,0.31635493,Medium
11159,0,0,0.27611896,Medium
11160,0,0,0.09236424,Low
11161,0,0,0.3154473,Medium
11162,0,0,0.09984814,Low
11163,0,0,0.28072602,Medium
11164,0,0,0.32071194,Medium
11165,0,0,0.24943581,Medium
11166,0,0,0.13078521,Low
11167,0,1,0.7031989,Very High
11168,0,0,0.23606563,Medium
11169,0,0,0.37315202,Medium
11170,0,0,0.096807055,Low
11171,1,1,0.76462394,Very High
11172,1,1,0.6342469,Very High
11173,0,0,0.282668,Medium
11174,0,0,0.08705435,Low
11175,0,0,0.31997302,Medium
11176,0,0,0.13813919,Low
11177,0,0,0.2990777,Medium
11178,0,0,0.32296222,Medium
11179,0,0,0.26209038,Medium
11180,1,0,0.15450305,Low
11181,0,1,0.7827991,Very High
11182,0,0,0.119232036,Low
11183,0,1,0.6602082,Very High
11184,0,0,0.29659215,Medium
11185,0,1,0.5445336,High
11186,0,0,0.09398606,Low
11187,1,0,0.34095532,Medium
11188,0,0,0.47061378,High
11189,0,0,0.086518414,Low
11190,0,0,0.44813386,High
11191,0,0,0.47144946,High
11192,0,0,0.44614655,High
11193,0,0,0.12253844,Low
11194,0,0,0.30086178,Medium
11195,0,1,0.5021076,High
11196,0,0,0.24995463,Medium
11197,0,0,0.27901873,Medium
11198,0,1,0.8383006,Very High
11199,0,0,0.30771625,Medium
11200,0,0,0.33806443,Medium
11201,0,0,0.14491974,Low
11202,0,0,0.17933169,Low
11203,0,0,0.21091178,Medium
11204,0,0,0.2673206,Medium
11205,0,1,0.6960119,Very High
11206,1,0,0.30261198,Medium
11207,1,1,0.9273289,Very High
11208,0,0,0.33342716,Medium
11209,0,0,0.18794222,Low
11210,0,0,0.19678837,Low
11211,0,0,0.3288186,Medium
11212,1,1,0.8395269,Very High
11213,1,0,0.27031016,Medium
11214,0,0,0.34147295,Medium
11215,0,0,0.30614677,Medium
11216,0,0,0.17975949,Low
11217,0,0,0.43288437,High
11218,1,1,0.79359263,Very High
11219,0,0,0.45129547,High
11220,0,1,0.5107965,High
11221,0,0,0.39561808,Medium
11222,0,0,0.41515037,High
11223,0,1,0.5836196,High
11224,0,0,0.115276724,Low
11225,1,0,0.33264226,Medium
11226,0,1,0.73577106,Very High
11227,0,0,0.08067271,Low
11228,0,0,0.117379844,Low
11229,0,0,0.17560694,Low
11230,1,0,0.39628842,Medium
11231,1,1,0.5680225,High
11232,0,0,0.2330836,Medium
11233,0,0,0.08833505,Low
11234,0,1,0.79652125,Very High
11235,1,1,0.54366744,High
11236,0,0,0.10229744,Low
11237,0,0,0.31374824,Medium
11238,0,1,0.5780935,High
11239,0,0,0.26189202,Medium
11240,0,1,0.8607389,Very High
11241,0,1,0.81328124,Very High
11242,0,0,0.2960505,Medium
11243,0,1,0.64564556,Very High
11244,0,1,0.8145016,Very High
11245,0,0,0.20876156,Medium
11246,1,1,0.91100985,Very High
11247,1,1,0.7469742,Very High
11248,0,0,0.20097408,Medium
11249,1,0,0.34547305,Medium
11250,0,0,0.43992022,High
11251,1,0,0.2909958,Medium
11252,0,1,0.79204535,Very High
11253,0,0,0.14348368,Low
11254,0,0,0.1371438,Low
11255,0,0,0.3404138,Medium
11256,0,0,0.18431644,Low
11257,0,0,0.33644766,Medium
11258,0,0,0.1718485,Low
11259,1,1,0.7446883,Very High
11260,0,1,0.8341568,Very High
11261,0,1,0.53661203,High
11262,0,1,0.81751186,Very High
11263,0,0,0.49602053,High
11264,0,1,0.6664128,Very High
11265,0,1,0.5239695,High
11266,0,0,0.44192585,High
11267,1,1,0.8844731,Very High
11268,0,0,0.102007195,Low
11269,0,0,0.34456515,Medium
11270,0,0,0.103777565,Low
11271,1,1,0.5471917,High
11272,0,1,0.7044405,Very High
11273,0,1,0.81962854,Very High
11274,0,0,0.31783912,Medium
11275,0,0,0.13327694,Low
11276,0,0,0.42448843,High
11277,1,0,0.3577768,Medium
11278,1,0,0.4264797,High
11279,0,0,0.14696075,Low
11280,0,0,0.37349397,Medium
11281,0,0,0.305526,Medium
11282,0,0,0.25936955,Medium
11283,1,1,0.64034355,Very High
11284,0,1,0.7243185,Very High
11285,1,1,0.54377776,High
11286,0,1,0.849363,Very High
11287,0,0,0.45254037,High
11288,0,0,0.16257206,Low
11289,0,0,0.2523826,Medium
11290,0,0,0.32488668,Medium
11291,0,0,0.31495222,Medium
11292,0,0,0.3857861,Medium
11293,1,1,0.5250979,High
11294,1,1,0.79712284,Very High
11295,0,0,0.33781305,Medium
11296,1,1,0.8539348,Very High
11297,1,0,0.32987732,Medium
11298,0,0,0.10821228,Low
11299,0,0,0.12038785,Low
11300,1,0,0.35124502,Medium
11301,0,0,0.32520166,Medium
11302,1,0,0.48772916,High
11303,1,1,0.5867282,High
11304,1,0,0.4027154,High
11305,0,0,0.2498453,Medium
11306,1,0,0.36513364,Medium
11307,0,1,0.8101131,Very High
11308,0,0,0.12196525,Low
11309,0,0,0.25226972,Medium
11310,0,0,0.12374517,Low
11311,0,0,0.36249888,Medium
11312,0,0,0.13473304,Low
11313,0,0,0.09105039,Low
11314,0,0,0.3140239,Medium
11315,1,1,0.8116653,Very High
11316,0,0,0.16879334,Low
11317,0,0,0.23873295,Medium
11318,0,0,0.10403896,Low
11319,0,1,0.59712136,High
11320,1,1,0.5826486,High
11321,0,0,0.105360635,Low
11322,0,0,0.3179539,Medium
11323,0,0,0.3079236,Medium
11324,0,0,0.15211874,Low
11325,1,0,0.24066402,Medium
11326,0,0,0.3089849,Medium
11327,0,0,0.13438255,Low
11328,0,0,0.20942017,Medium
11329,0,0,0.15168841,Low
11330,0,1,0.53995097,High
11331,0,0,0.21759294,Medium
11332,0,0,0.24532478,Medium
11333,0,0,0.3062334,Medium
11334,1,1,0.8724247,Very High
11335,1,0,0.34952027,Medium
11336,0,0,0.29035112,Medium
11337,0,0,0.19858922,Low
11338,0,0,0.17535074,Low
11339,1,1,0.54288065,High
11340,0,0,0.38035998,Medium
11341,1,0,0.39925084,Medium
11342,0,0,0.22751297,Medium
11343,1,1,0.9054134,Very High
11344,1,1,0.8438153,Very High
11345,0,0,0.40019834,High
11346,1,1,0.8589114,Very High
11347,0,0,0.4183618,High
11348,0,0,0.35243362,Medium
11349,0,0,0.21055414,Medium
11350,0,0,0.10109811,Low
11351,0,0,0.34853694,Medium
11352,0,0,0.2965282,Medium
11353,0,0,0.326045,Medium
11354,0,0,0.08871798,Low
11355,1,0,0.35674226,Medium
11356,0,0,0.25930998,Medium
11357,0,1,0.7507285,Very High
11358,0,0,0.47892758,High
11359,0,0,0.30188003,Medium
11360,1,1,0.8010594,Very High
11361,0,0,0.3561507,Medium
11362,1,1,0.58884364,High
11363,0,0,0.4347916,High
11364,0,0,0.13245775,Low
11365,0,0,0.3119383,Medium
11366,0,0,0.17300704,Low
11367,0,0,0.12698121,Low
11368,1,1,0.56383705,High
11369,1,0,0.42867893,High
11370,0,0,0.3410472,Medium
11371,0,0,0.32283977,Medium
11372,0,0,0.11572651,Low
11373,0,0,0.13416396,Low
11374,0,0,0.29116347,Medium
11375,0,0,0.13328142,Low
11376,0,0,0.10255585,Low
11377,0,0,0.22723335,Medium
11378,0,0,0.24367847,Medium
11379,0,0,0.19549696,Low
11380,0,1,0.570886,High
11381,0,0,0.23898324,Medium
11382,1,0,0.15718105,Low
11383,0,0,0.2883942,Medium
11384,0,0,0.2245873,Medium
11385,0,0,0.13176595,Low
11386,0,0,0.4200428,High
11387,0,0,0.370429,Medium
11388,1,1,0.5398085,High
11389,1,1,0.885194,Very High
11390,0,0,0.069632635,Low
11391,0,0,0.24972403,Medium
11392,0,0,0.21414973,Medium
11393,1,1,0.6318389,Very High
11394,0,0,0.24700576,Medium
11395,0,1,0.8187533,Very High
11396,0,0,0.39744487,Medium
11397,0,1,0.54957366,High
11398,1,0,0.30346432,Medium
11399,1,0,0.25870636,Medium
11400,0,0,0.16770776,Low
11401,0,0,0.16621007,Low
11402,0,0,0.12455396,Low
11403,0,0,0.3620986,Medium
11404,0,1,0.83124304,Very High
11405,0,0,0.38859078,Medium
11406,0,0,0.13442434,Low
11407,0,0,0.2621762,Medium
11408,0,0,0.1865441,Low
11409,0,1,0.7071091,Very High
11410,0,0,0.1261186,Low
11411,0,0,0.34195185,Medium
11412,0,0,0.3332528,Medium
11413,0,0,0.33723062,Medium
11414,0,0,0.12297239,Low
11415,0,0,0.35102558,Medium
11416,0,0,0.12611808,Low
11417,0,0,0.3682795,Medium
11418,1,1,0.55891687,High
11419,0,1,0.5554768,High
11420,0,0,0.45345935,High
11421,1,0,0.19354343,Low
11422,0,0,0.3310328,Medium
11423,0,0,0.24562815,Medium
11424,0,0,0.4792777,High
11425,1,1,0.6911162,Very High
11426,0,1,0.58709794,High
11427,0,0,0.44738594,High
11428,1,1,0.8905636,Very High
11429,0,0,0.11068627,Low
11430,1,0,0.39289236,Medium
11431,0,0,0.40174934,High
11432,1,0,0.29248995,Medium
11433,1,0,0.27053246,Medium
11434,0,0,0.34074402,Medium
11435,0,0,0.14802873,Low
11436,1,1,0.78481644,Very High
11437,1,1,0.7165438,Very High
11438,0,0,0.27704683,Medium
11439,0,0,0.34991845,Medium
11440,0,0,0.11066652,Low
11441,1,1,0.8966652,Very High
11442,0,0,0.35967392,Medium
11443,1,1,0.8558403,Very High
11444,0,0,0.42876852,High
11445,0,0,0.4423386,High
11446,0,0,0.10104162,Low
11447,0,0,0.16648069,Low
11448,0,0,0.13112667,Low
11449,0,0,0.13850719,Low
11450,0,0,0.41162178,High
11451,0,1,0.5370068,High
11452,1,1,0.7728191,Very High
11453,1,1,0.59301347,High
11454,0,0,0.41275647,High
11455,0,0,0.10664254,Low
11456,0,0,0.30743438,Medium
11457,0,0,0.24382064,Medium
11458,0,1,0.7153214,Very High
11459,0,0,0.3000453,Medium
11460,0,0,0.20038968,Medium
11461,0,0,0.41879475,High
11462,1,0,0.13792177,Low
11463,1,1,0.6608151,Very High
11464,0,0,0.36618665,Medium
11465,1,1,0.8500603,Very High
11466,0,0,0.31724054,Medium
11467,0,0,0.24867177,Medium
11468,1,1,0.6997609,Very High
11469,0,0,0.2894087,Medium
11470,0,0,0.281867,Medium
11471,0,0,0.36183304,Medium
11472,1,1,0.8379672,Very High
11473,1,1,0.86176604,Very High
11474,1,0,0.32391557,Medium
11475,0,0,0.3148992,Medium
11476,0,0,0.491421,High
11477,0,0,0.1067614,Low
11478,1,1,0.7162886,Very High
11479,0,0,0.15462333,Low
11480,0,0,0.085393235,Low
11481,0,0,0.23615061,Medium
11482,0,0,0.15662265,Low
11483,0,0,0.17258693,Low
11484,0,0,0.24875161,Medium
11485,1,1,0.8783148,Very High
11486,0,1,0.8038369,Very High
11487,0,0,0.42482337,High
11488,0,0,0.11536459,Low
11489,0,0,0.16979453,Low
11490,0,0,0.17874292,Low
11491,0,0,0.070266694,Low
11492,0,0,0.1473936,Low
11493,0,0,0.18475936,Low
11494,0,0,0.44311282,High
11495,0,0,0.25601506,Medium
11496,0,0,0.2827231,Medium
11497,0,0,0.23398136,Medium
11498,1,1,0.7989564,Very High
11499,0,0,0.40842226,High
11500,0,0,0.42557606,High
11501,0,0,0.18015529,Low
11502,0,0,0.4517768,High
11503,1,0,0.23607644,Medium
11504,0,1,0.58451784,High
11505,0,0,0.3983204,Medium
11506,0,0,0.3485915,Medium
11507,0,0,0.460792,High
11508,0,1,0.54064035,High
11509,0,0,0.15180321,Low
11510,0,0,0.13877441,Low
11511,0,1,0.8823525,Very High
11512,0,0,0.44750747,High
11513,0,0,0.18563804,Low
11514,0,0,0.12062747,Low
11515,0,0,0.179146,Low
11516,0,0,0.27335796,Medium
11517,1,1,0.8407737,Very High
11518,0,0,0.0964051,Low
11519,0,0,0.30855158,Medium
11520,1,0,0.48493952,High
11521,0,0,0.08618073,Low
11522,0,0,0.35845342,Medium
11523,0,0,0.30472612,Medium
11524,0,0,0.2699166,Medium
11525,0,0,0.20138681,Medium
11526,0,0,0.20593768,Medium
11527,0,0,0.17749545,Low
11528,0,1,0.8278901,Very High
11529,0,0,0.15881398,Low
11530,0,0,0.47273624,High
11531,0,0,0.21487029,Medium
11532,0,0,0.093664095,Low
11533,0,0,0.23107624,Medium
11534,0,0,0.22511776,Medium
11535,0,0,0.3923111,Medium
11536,0,0,0.09485876,Low
11537,0,0,0.18600978,Low
11538,1,0,0.46136162,High
11539,0,0,0.48044097,High
11540,1,1,0.55686736,High
11541,0,0,0.30310217,Medium
11542,0,0,0.100444786,Low
11543,0,0,0.21541145,Medium
11544,1,0,0.2706542,Medium
11545,1,0,0.24944222,Medium
11546,0,0,0.23108341,Medium
11547,0,0,0.30528995,Medium
11548,0,0,0.100204654,Low
11549,0,0,0.1960871,Low
11550,1,0,0.19742097,Low
11551,0,1,0.6427922,Very High
11552,0,1,0.51091206,High
11553,0,1,0.52964646,High
11554,0,0,0.058341496,Low
11555,1,1,0.8652463,Very High
11556,0,0,0.19261691,Low
11557,0,0,0.37008196,Medium
11558,0,0,0.36080042,Medium
11559,0,1,0.91631806,Very High
11560,1,1,0.6993138,Very High
11561,0,0,0.21767677,Medium
11562,1,1,0.5680225,High
11563,0,0,0.28846467,Medium
11564,0,0,0.18366128,Low
11565,0,0,0.30239996,Medium
11566,0,0,0.2540362,Medium
11567,0,0,0.28379047,Medium
11568,0,0,0.08238312,Low
11569,1,0,0.20651963,Medium
11570,0,0,0.2147614,Medium
11571,1,0,0.1351282,Low
11572,0,1,0.5941699,High
11573,0,0,0.31722876,Medium
11574,0,0,0.48445246,High
11575,0,0,0.24112196,Medium
11576,0,0,0.122686684,Low
11577,1,1,0.50419426,High
11578,0,1,0.7229261,Very High
11579,1,0,0.099859685,Low
11580,0,0,0.2942274,Medium
11581,0,0,0.14410967,Low
11582,1,1,0.83311516,Very High
11583,0,0,0.12999628,Low
11584,0,0,0.21834189,Medium
11585,0,1,0.8329171,Very High
11586,1,1,0.87077785,Very High
11587,0,1,0.5493551,High
11588,0,0,0.19989312,Low
11589,0,0,0.33786252,Medium
11590,1,1,0.76178706,Very High
11591,0,1,0.8368439,Very High
11592,0,1,0.6556755,Very High
11593,0,0,0.3399783,Medium
11594,0,0,0.14047651,Low
11595,0,0,0.18376994,Low
11596,0,0,0.2993383,Medium
11597,0,0,0.31127825,Medium
11598,0,0,0.18524885,Low
11599,0,0,0.28501832,Medium
11600,0,0,0.29729128,Medium
11601,0,0,0.16896316,Low
11602,1,0,0.1266406,Low
11603,0,0,0.4539153,High
11604,0,0,0.11953366,Low
11605,0,0,0.09871244,Low
11606,0,0,0.44669083,High
11607,0,0,0.09982701,Low
11608,0,0,0.20630713,Medium
11609,0,1,0.64546263,Very High
11610,0,0,0.19610271,Low
11611,0,0,0.33537224,Medium
11612,0,0,0.22998865,Medium
11613,0,0,0.131536,Low
11614,0,0,0.35474116,Medium
11615,0,0,0.4246496,High
11616,1,0,0.36065596,Medium
11617,1,1,0.8848511,Very High
11618,1,1,0.5177234,High
11619,0,0,0.3981789,Medium
11620,0,0,0.36099076,Medium
11621,0,0,0.23053497,Medium
11622,1,0,0.37449068,Medium
11623,1,1,0.56487244,High
11624,0,0,0.20542306,Medium
11625,0,0,0.04048239,Low
11626,1,1,0.9023084,Very High
11627,0,0,0.19904286,Low
11628,0,0,0.35483766,Medium
11629,0,0,0.36496595,Medium
11630,0,0,0.2513438,Medium
11631,0,0,0.12325577,Low
11632,0,0,0.27888784,Medium
11633,0,0,0.11719167,Low
11634,0,0,0.21461174,Medium
11635,0,0,0.12326526,Low
11636,0,0,0.1721555,Low
11637,1,0,0.3273452,Medium
11638,0,0,0.19021392,Low
11639,0,0,0.3852818,Medium
11640,1,1,0.56309754,High
11641,0,0,0.17854832,Low
11642,1,1,0.8230321,Very High
11643,0,0,0.45911813,High
11644,1,1,0.7894674,Very High
11645,0,0,0.2887847,Medium
11646,0,0,0.2222572,Medium
11647,0,0,0.1730107,Low
11648,0,0,0.11729992,Low
11649,0,0,0.45615748,High
11650,1,0,0.34926817,Medium
11651,1,1,0.6450933,Very High
11652,0,1,0.5882054,High
11653,0,0,0.46011713,High
11654,1,1,0.6032578,Very High
11655,0,0,0.11204066,Low
11656,0,0,0.32892054,Medium
11657,0,0,0.39372778,Medium
11658,0,0,0.24592607,Medium
11659,1,1,0.78433025,Very High
11660,0,0,0.13589893,Low
11661,1,1,0.89837337,Very High
11662,1,1,0.89504445,Very High
11663,0,0,0.13295256,Low
11664,0,1,0.8938768,Very High
11665,0,0,0.062477283,Low
11666,1,0,0.094128974,Low
11667,1,1,0.73306394,Very High
11668,0,0,0.4457162,High
11669,0,0,0.24796493,Medium
11670,0,0,0.3206737,Medium
11671,0,0,0.32704067,Medium
11672,1,1,0.9250702,Very High
11673,0,0,0.12427196,Low
11674,0,0,0.29306298,Medium
11675,0,0,0.0871305,Low
11676,0,0,0.41363364,High
11677,0,0,0.356368,Medium
11678,0,0,0.37522072,Medium
11679,0,0,0.22595899,Medium
11680,0,0,0.063352026,Low
11681,0,0,0.294122,Medium
11682,1,1,0.88101053,Very High
11683,0,0,0.116290435,Low
11684,1,0,0.37751853,Medium
11685,0,0,0.40604395,High
11686,0,0,0.15143551,Low
11687,0,0,0.33576873,Medium
11688,1,0,0.2300917,Medium
11689,0,0,0.4475028,High
11690,0,0,0.3005321,Medium
11691,0,0,0.37439024,Medium
11692,0,0,0.09668736,Low
11693,0,1,0.6477879,Very High
11694,0,0,0.34511203,Medium
11695,0,0,0.4618472,High
11696,0,0,0.43564123,High
11697,1,0,0.44984224,High
11698,1,0,0.3101039,Medium
11699,0,0,0.15051678,Low
11700,0,0,0.4262221,High
11701,0,0,0.23714967,Medium
11702,1,1,0.8781216,Very High
11703,0,0,0.15236786,Low
11704,0,0,0.46375418,High
11705,1,1,0.76935446,Very High
11706,0,1,0.8859386,Very High
11707,1,0,0.33318135,Medium
11708,0,1,0.53585637,High
11709,0,1,0.7338572,Very High
11710,0,0,0.21028014,Medium
11711,0,1,0.519609,High
11712,0,0,0.11345762,Low
11713,0,1,0.69188416,Very High
11714,1,1,0.50131035,High
11715,0,1,0.57610667,High
11716,1,0,0.38278127,Medium
11717,1,1,0.9023788,Very High
11718,1,0,0.22322491,Medium
11719,1,1,0.5302112,High
11720,1,1,0.90543556,Very High
11721,0,1,0.84668696,Very High
11722,0,0,0.18226509,Low
11723,0,0,0.12344016,Low
11724,0,0,0.18943967,Low
11725,0,0,0.14954612,Low
11726,1,0,0.17714699,Low
11727,0,0,0.33376506,Medium
11728,1,0,0.24904166,Medium
11729,0,0,0.13145664,Low
11730,0,0,0.3142889,Medium
11731,0,0,0.06970505,Low
11732,0,0,0.39418903,Medium
11733,0,1,0.5255452,High
11734,0,0,0.08453382,Low
11735,0,1,0.6428144,Very High
11736,0,0,0.2235083,Medium
11737,1,0,0.11216221,Low
11738,0,0,0.27106938,Medium
11739,1,1,0.86660016,Very High
11740,1,1,0.9225727,Very High
11741,1,0,0.37958458,Medium
11742,0,0,0.42116824,High
11743,0,0,0.29971668,Medium
11744,0,1,0.74183136,Very High
11745,1,0,0.16903244,Low
11746,1,0,0.25483242,Medium
11747,0,0,0.12429178,Low
11748,0,0,0.16503963,Low
11749,0,1,0.71978337,Very High
11750,1,1,0.6663126,Very High
11751,0,0,0.33349237,Medium
11752,1,0,0.38911596,Medium
11753,0,0,0.10669694,Low
11754,0,0,0.1131096,Low
11755,0,0,0.46095175,High
11756,0,0,0.30792782,Medium
11757,0,1,0.50197554,High
11758,0,1,0.59058416,High
11759,0,0,0.2725203,Medium
11760,0,0,0.24420884,Medium
11761,0,0,0.3921854,Medium
11762,0,0,0.1627202,Low
11763,0,0,0.14795148,Low
11764,1,0,0.45793888,High
11765,0,0,0.37895873,Medium
11766,0,0,0.12735847,Low
11767,0,1,0.6524386,Very High
11768,1,0,0.25211495,Medium
11769,0,0,0.09264364,Low
11770,1,0,0.32958594,Medium
11771,0,0,0.1660469,Low
11772,0,1,0.68965113,Very High
11773,0,0,0.25726274,Medium
11774,0,0,0.37144586,Medium
11775,0,0,0.31249425,Medium
11776,1,1,0.6555071,Very High
11777,0,1,0.85207164,Very High
11778,0,0,0.30240542,Medium
11779,0,0,0.27278057,Medium
11780,1,1,0.6604549,Very High
11781,0,0,0.17045663,Low
11782,0,0,0.1799079,Low
11783,0,0,0.13070539,Low
11784,0,0,0.30041537,Medium
11785,0,1,0.7778943,Very High
11786,0,0,0.37587592,Medium
11787,0,0,0.42269987,High
11788,1,0,0.14509739,Low
11789,0,0,0.24155328,Medium
11790,0,0,0.29177675,Medium
11791,0,0,0.32470217,Medium
11792,0,0,0.16099025,Low
11793,0,0,0.1798167,Low
11794,1,1,0.60025895,Very High
11795,1,1,0.5963581,High
11796,0,0,0.05732254,Low
11797,1,0,0.39183593,Medium
11798,0,0,0.113012515,Low
11799,0,0,0.18352543,Low
11800,0,0,0.25064117,Medium
11801,0,0,0.30757397,Medium
11802,0,0,0.28214487,Medium
11803,1,1,0.8429072,Very High
11804,0,1,0.81190795,Very High
11805,0,0,0.32461193,Medium
11806,1,0,0.27633163,Medium
11807,0,0,0.11144323,Low
11808,1,0,0.18184677,Low
11809,0,0,0.48302934,High
11810,0,0,0.21772556,Medium
11811,0,0,0.35739592,Medium
11812,0,0,0.24519387,Medium
11813,0,0,0.2485604,Medium
11814,1,1,0.7024539,Very High
11815,0,0,0.2509218,Medium
11816,0,0,0.3080562,Medium
11817,0,0,0.34559605,Medium
11818,0,1,0.8761491,Very High
11819,0,0,0.3910742,Medium
11820,0,0,0.1092723,Low
11821,0,0,0.37623832,Medium
11822,0,1,0.5739363,High
11823,0,0,0.2437614,Medium
11824,0,0,0.25619164,Medium
11825,0,1,0.6892444,Very High
11826,1,1,0.55327725,High
11827,0,1,0.8375764,Very High
11828,1,1,0.7378687,Very High
11829,0,0,0.40386808,High
11830,1,1,0.90554047,Very High
11831,1,1,0.63950956,Very High
11832,0,0,0.3919841,Medium
11833,0,0,0.114013255,Low
11834,0,0,0.0611151,Low
11835,0,1,0.85085714,Very High
11836,0,0,0.25748196,Medium
11837,0,0,0.2914213,Medium
11838,1,1,0.80168074,Very High
11839,0,0,0.085155234,Low
11840,0,0,0.21385564,Medium
11841,0,0,0.1970789,Low
11842,0,0,0.2944471,Medium
11843,0,0,0.22290081,Medium
11844,0,0,0.13170749,Low
11845,0,1,0.8500369,Very High
11846,0,0,0.2999987,Medium
11847,0,0,0.23383458,Medium
11848,0,0,0.15145212,Low
11849,0,0,0.13994962,Low
11850,0,1,0.53633565,High
11851,1,0,0.46672454,High
11852,0,0,0.19715957,Low
11853,0,0,0.47200316,High
11854,0,0,0.2968122,Medium
11855,1,1,0.8689558,Very High
11856,0,1,0.7811192,Very High
11857,0,1,0.6168376,Very High
11858,0,0,0.15888453,Low
11859,0,0,0.29040155,Medium
11860,0,0,0.08568246,Low
11861,0,0,0.19553478,Low
11862,0,0,0.35465845,Medium
11863,1,0,0.12863989,Low
11864,0,1,0.5649553,High
11865,0,0,0.4921973,High
11866,0,0,0.29410976,Medium
11867,0,0,0.087534085,Low
11868,0,1,0.83609533,Very High
11869,0,1,0.6363003,Very High
11870,0,0,0.38424215,Medium
11871,1,0,0.45796824,High
11872,0,0,0.31276676,Medium
11873,0,0,0.20728798,Medium
11874,0,1,0.8734312,Very High
11875,0,1,0.8538252,Very High
11876,0,0,0.11348515,Low
11877,0,0,0.35638145,Medium
11878,0,0,0.10634205,Low
11879,0,0,0.14664619,Low
11880,0,0,0.18516101,Low
11881,0,0,0.19994457,Low
11882,0,0,0.06961469,Low
11883,0,0,0.26716492,Medium
11884,0,0,0.13335173,Low
11885,0,0,0.16785328,Low
11886,0,0,0.19307351,Low
11887,0,0,0.34186828,Medium
11888,0,1,0.5407596,High
11889,0,0,0.20964879,Medium
11890,0,1,0.50436455,High
11891,0,0,0.37771598,Medium
11892,0,1,0.57083195,High
11893,0,1,0.5519393,High
11894,0,0,0.24949278,Medium
11895,0,0,0.32946324,Medium
11896,0,0,0.4219575,High
11897,0,0,0.15585844,Low
11898,0,0,0.4461177,High
11899,0,0,0.23141943,Medium
11900,0,0,0.293412,Medium
11901,0,1,0.57562244,High
11902,0,0,0.31527427,Medium
11903,0,1,0.77468604,Very High
11904,0,0,0.10348475,Low
11905,1,0,0.42405233,High
11906,0,0,0.16379295,Low
11907,1,0,0.4431958,High
11908,1,1,0.8967749,Very High
11909,0,0,0.24555211,Medium
11910,0,0,0.23722892,Medium
11911,0,0,0.39572915,Medium
11912,0,0,0.4606246,High
11913,0,0,0.26349542,Medium
11914,1,1,0.62413585,Very High
11915,0,0,0.36766818,Medium
11916,0,0,0.08802448,Low
11917,0,0,0.12290577,Low
11918,0,0,0.4855967,High
11919,0,0,0.3226209,Medium
11920,0,0,0.4808699,High
11921,0,1,0.57516843,High
11922,0,1,0.62163043,Very High
11923,0,0,0.19933961,Low
11924,0,0,0.24064037,Medium
11925,0,0,0.1466806,Low
11926,0,0,0.19735962,Low
11927,0,1,0.832808,Very High
11928,0,0,0.32617992,Medium
11929,0,0,0.32564226,Medium
11930,0,1,0.586569,High
11931,0,0,0.22111864,Medium
11932,0,0,0.111644775,Low
11933,0,0,0.36373883,Medium
11934,0,0,0.44481,High
11935,0,0,0.32598993,Medium
11936,0,0,0.29259136,Medium
11937,0,0,0.27203614,Medium
11938,1,1,0.53390604,High
11939,1,0,0.303814,Medium
11940,0,0,0.080851234,Low
11941,0,0,0.08741372,Low
11942,0,0,0.24382143,Medium
11943,0,1,0.69757867,Very High
11944,0,0,0.2853999,Medium
11945,0,0,0.11434307,Low
11946,0,0,0.37465385,Medium
11947,1,1,0.6245206,Very High
11948,0,0,0.22250365,Medium
11949,0,0,0.115514874,Low
11950,0,0,0.37062508,Medium
11951,0,0,0.3134715,Medium
11952,0,0,0.10912414,Low
11953,1,0,0.209022,Medium
11954,0,0,0.40875718,High
11955,1,0,0.15025759,Low
11956,0,0,0.30741888,Medium
11957,0,0,0.2004617,Medium
11958,0,0,0.34164184,Medium
11959,0,0,0.2434333,Medium
11960,1,1,0.8286977,Very High
11961,0,0,0.11556311,Low
11962,0,0,0.08579199,Low
11963,1,1,0.570886,High
11964,1,0,0.44068104,High
11965,1,0,0.29374462,Medium
11966,0,0,0.1962009,Low
11967,0,0,0.1462526,Low
11968,0,0,0.22039966,Medium
11969,1,1,0.7281946,Very High
11970,0,0,0.08121411,Low
11971,1,0,0.37527883,Medium
11972,1,1,0.5952635,High
11973,0,0,0.27750656,Medium
11974,0,0,0.35025084,Medium
11975,0,0,0.12472502,Low
11976,0,0,0.32858273,Medium
11977,0,0,0.4974745,High
11978,0,1,0.8645886,Very High
11979,0,0,0.11467695,Low
11980,0,0,0.34389696,Medium
11981,1,0,0.25764394,Medium
11982,1,0,0.14787507,Low
11983,0,0,0.3206532,Medium
11984,0,1,0.64239043,Very High
11985,1,0,0.25258157,Medium
11986,0,0,0.21448535,Medium
11987,0,0,0.12863632,Low
11988,1,1,0.90106314,Very High
11989,0,0,0.40854442,High
11990,0,0,0.23169284,Medium
11991,0,0,0.37323108,Medium
11992,0,1,0.5949962,High
11993,0,0,0.15651816,Low
11994,0,1,0.87432134,Very High
11995,0,1,0.5135331,High
11996,1,0,0.2494718,Medium
11997,0,0,0.3259989,Medium
11998,0,1,0.5375608,High
11999,0,0,0.24286029,Medium
12000,1,1,0.598429,High
12001,0,0,0.4529305,High
12002,0,0,0.13460122,Low
12003,1,1,0.5030981,High
12004,0,1,0.50191194,High
12005,0,0,0.24983962,Medium
12006,1,1,0.63937163,Very High
12007,1,1,0.83199185,Very High
12008,0,0,0.26504073,Medium
12009,0,0,0.3283731,Medium
12010,1,0,0.47021425,High
12011,0,1,0.86392653,Very High
12012,0,0,0.34982643,Medium
12013,0,0,0.29709917,Medium
12014,0,0,0.14852309,Low
12015,0,0,0.2406516,Medium
12016,1,1,0.6534643,Very High
12017,0,0,0.35388407,Medium
12018,1,1,0.9010226,Very High
12019,1,1,0.9372096,Very High
12020,0,0,0.20313336,Medium
12021,0,0,0.32431042,Medium
12022,1,1,0.8022438,Very High
12023,0,1,0.56705153,High
12024,0,0,0.347483,Medium
12025,1,1,0.8459047,Very High
12026,0,0,0.16419412,Low
12027,1,0,0.33997172,Medium
12028,0,0,0.19450322,Low
12029,0,1,0.6429386,Very High
12030,1,1,0.704946,Very High
12031,1,0,0.35092205,Medium
12032,0,1,0.5486668,High
12033,0,0,0.20643277,Medium
12034,0,0,0.06733575,Low
12035,0,0,0.38606432,Medium
12036,0,1,0.901217,Very High
12037,0,0,0.24124156,Medium
12038,0,0,0.110273354,Low
12039,0,0,0.10406354,Low
12040,1,1,0.8619255,Very High
12041,0,0,0.097119704,Low
12042,0,1,0.6690396,Very High
12043,0,0,0.33533195,Medium
12044,0,1,0.59973073,High
12045,0,0,0.23076737,Medium
12046,0,0,0.25103566,Medium
12047,0,0,0.30832872,Medium
12048,0,0,0.3070765,Medium
12049,0,1,0.6163982,Very High
12050,0,0,0.28745466,Medium
12051,0,0,0.20677316,Medium
12052,0,1,0.69941425,Very High
12053,0,0,0.19976783,Low
12054,1,1,0.82391435,Very High
12055,1,0,0.4631116,High
12056,0,0,0.12751041,Low
12057,0,0,0.32633838,Medium
12058,0,0,0.19437999,Low
12059,0,0,0.31689703,Medium
12060,0,0,0.112194866,Low
12061,0,0,0.18121488,Low
12062,0,0,0.2645714,Medium
12063,0,1,0.5547179,High
12064,0,0,0.11252528,Low
12065,0,1,0.6462945,Very High
12066,0,1,0.51335037,High
12067,1,1,0.8894166,Very High
12068,1,1,0.562157,High
12069,1,1,0.5903004,High
12070,0,0,0.25390258,Medium
12071,1,0,0.29203925,Medium
12072,0,0,0.43278414,High
12073,1,1,0.8735014,Very High
12074,0,0,0.1287669,Low
12075,0,0,0.3987555,Medium
12076,0,0,0.43287873,High
12077,0,0,0.13570324,Low
12078,0,0,0.34654945,Medium
12079,0,1,0.795798,Very High
12080,0,0,0.058061168,Low
12081,0,0,0.40381634,High
12082,0,0,0.110329814,Low
12083,0,0,0.28756085,Medium
12084,1,1,0.89441776,Very High
12085,1,0,0.39209175,Medium
12086,1,0,0.1814157,Low
12087,0,0,0.35271612,Medium
12088,0,1,0.612766,Very High
12089,0,0,0.09707069,Low
12090,0,1,0.642308,Very High
12091,0,1,0.5944322,High
12092,0,0,0.25654534,Medium
12093,0,0,0.21289405,Medium
12094,0,1,0.89246917,Very High
12095,0,0,0.22326542,Medium
12096,0,0,0.12085774,Low
12097,0,1,0.807624,Very High
12098,0,0,0.15725498,Low
12099,0,0,0.4938754,High
12100,0,0,0.11219528,Low
12101,0,1,0.717899,Very High
12102,0,0,0.3626085,Medium
12103,0,0,0.3608874,Medium
12104,0,0,0.24052402,Medium
12105,0,0,0.49635014,High
12106,0,0,0.12034535,Low
12107,0,0,0.16932318,Low
12108,1,0,0.19110076,Low
12109,0,0,0.18108465,Low
12110,0,0,0.09658444,Low
12111,0,0,0.1046493,Low
12112,0,0,0.09466636,Low
12113,0,0,0.12388346,Low
12114,0,0,0.10813327,Low
12115,0,0,0.2381284,Medium
12116,0,0,0.26711023,Medium
12117,0,0,0.20031108,Medium
12118,0,1,0.53598064,High
12119,0,0,0.11453771,Low
12120,0,1,0.73894554,Very High
12121,0,1,0.83515614,Very High
12122,1,1,0.7771556,Very High
12123,0,0,0.14873894,Low
12124,1,1,0.8526919,Very High
12125,0,0,0.099644,Low
12126,0,1,0.7238159,Very High
12127,0,0,0.1778534,Low
12128,0,0,0.16287248,Low
12129,1,0,0.3782844,Medium
12130,0,0,0.3562705,Medium
12131,0,0,0.12915428,Low
12132,1,1,0.8375642,Very High
12133,0,0,0.101038955,Low
12134,0,0,0.16016625,Low
12135,0,0,0.21244392,Medium
12136,0,0,0.26093823,Medium
12137,0,0,0.124331936,Low
12138,0,0,0.1952977,Low
12139,1,0,0.23681782,Medium
12140,0,0,0.24296302,Medium
12141,0,1,0.5153103,High
12142,0,0,0.4509735,High
12143,1,1,0.82644194,Very High
12144,0,0,0.30512094,Medium
12145,0,1,0.69467723,Very High
12146,0,0,0.38570768,Medium
12147,0,0,0.25021896,Medium
12148,0,0,0.120079696,Low
12149,0,0,0.11860774,Low
12150,0,1,0.63408643,Very High
12151,0,0,0.21714404,Medium
12152,1,0,0.399714,Medium
12153,1,0,0.45189118,High
12154,0,0,0.32283092,Medium
12155,0,1,0.79975027,Very High
12156,1,1,0.6793195,Very High
12157,0,1,0.5336297,High
12158,0,1,0.5963631,High
12159,0,0,0.45889273,High
12160,1,1,0.68970424,Very High
12161,0,1,0.5662328,High
12162,0,0,0.13499065,Low
12163,1,1,0.9019226,Very High
12164,0,1,0.72148985,Very High
12165,0,0,0.22224464,Medium
12166,0,0,0.155117,Low
12167,0,0,0.13793929,Low
12168,0,0,0.21595176,Medium
12169,0,0,0.26436183,Medium
12170,1,1,0.51153016,High
12171,0,0,0.3140791,Medium
12172,1,0,0.1495422,Low
12173,0,0,0.34514043,Medium
12174,0,0,0.18143544,Low
12175,1,0,0.30607006,Medium
12176,0,0,0.11784732,Low
12177,1,1,0.89236104,Very High
12178,0,0,0.21615463,Medium
12179,0,0,0.1087475,Low
12180,0,0,0.23475397,Medium
12181,0,0,0.27534127,Medium
12182,0,0,0.11944425,Low
12183,0,0,0.15163672,Low
12184,0,0,0.1563227,Low
12185,0,0,0.29271188,Medium
12186,0,0,0.19822524,Low
12187,0,0,0.32231098,Medium
12188,0,0,0.21164542,Medium
12189,1,0,0.23291752,Medium
12190,0,0,0.22788978,Medium
12191,0,0,0.19498909,Low
12192,1,1,0.85525185,Very High
12193,0,1,0.68131673,Very High
12194,0,0,0.4815332,High
12195,1,0,0.34375197,Medium
12196,0,1,0.7989689,Very High
12197,1,1,0.8345412,Very High
12198,1,1,0.56168294,High
12199,0,0,0.18500732,Low
12200,0,0,0.23982257,Medium
12201,0,0,0.30932713,Medium
12202,1,1,0.61922926,Very High
12203,0,0,0.45793813,High
12204,0,0,0.09577084,Low
12205,0,0,0.18978904,Low
12206,1,1,0.5247587,High
12207,0,1,0.7767579,Very High
12208,0,0,0.22513545,Medium
12209,0,0,0.37113872,Medium
12210,0,0,0.16486932,Low
12211,0,0,0.23994312,Medium
12212,1,0,0.25845882,Medium
12213,0,0,0.3092182,Medium
12214,0,0,0.2598851,Medium
12215,0,0,0.45700026,High
12216,0,0,0.2576189,Medium
12217,1,1,0.8918699,Very High
12218,0,1,0.51413196,High
12219,0,0,0.08683114,Low
12220,0,0,0.2706416,Medium
12221,0,0,0.25349635,Medium
12222,0,0,0.15001628,Low
12223,1,1,0.7974045,Very High
12224,1,0,0.30696347,Medium
12225,1,1,0.8074885,Very High
12226,0,0,0.24561149,Medium
12227,0,0,0.14605506,Low
12228,0,0,0.06704643,Low
12229,0,0,0.18211786,Low
12230,0,0,0.12094685,Low
12231,0,1,0.55578166,High
12232,0,0,0.45895776,High
12233,0,0,0.26098803,Medium
12234,0,0,0.35320026,Medium
12235,1,0,0.4930729,High
12236,1,1,0.8637808,Very High
12237,1,1,0.8354164,Very High
12238,0,1,0.78777176,Very High
12239,1,0,0.37081113,Medium
12240,1,0,0.1983211,Low
12241,0,0,0.33728266,Medium
12242,0,0,0.09266117,Low
12243,0,0,0.25392532,Medium
12244,1,0,0.09259373,Low
12245,0,0,0.084026664,Low
12246,0,0,0.30086085,Medium
12247,0,0,0.26328486,Medium
12248,0,0,0.09581489,Low
12249,0,0,0.08481659,Low
12250,1,0,0.2158377,Medium
12251,0,0,0.09129193,Low
12252,0,0,0.4854609,High
12253,0,1,0.5259522,High
12254,0,0,0.089025155,Low
12255,0,0,0.37241918,Medium
12256,1,1,0.50054514,High
12257,0,0,0.24425043,Medium
12258,0,0,0.47494105,High
12259,0,0,0.29475588,Medium
12260,0,0,0.3646486,Medium
12261,0,1,0.8919561,Very High
12262,0,0,0.05463485,Low
12263,0,1,0.57669264,High
12264,0,1,0.858787,Very High
12265,0,1,0.58912134,High
12266,0,0,0.28387082,Medium
12267,0,0,0.34191105,Medium
12268,0,0,0.22766593,Medium
12269,1,1,0.79858434,Very High
12270,0,0,0.231605,Medium
12271,0,0,0.31612682,Medium
12272,0,0,0.12865384,Low
12273,0,0,0.12756492,Low
12274,0,0,0.41324025,High
12275,1,1,0.85106647,Very High
12276,0,0,0.21467268,Medium
12277,0,0,0.11647772,Low
12278,0,0,0.19583417,Low
12279,1,1,0.7292588,Very High
12280,0,0,0.23883736,Medium
12281,0,1,0.7622037,Very High
12282,1,1,0.86691403,Very High
12283,0,0,0.32237282,Medium
12284,1,0,0.20313156,Medium
12285,0,0,0.17012686,Low
12286,0,0,0.31831568,Medium
12287,0,1,0.85239965,Very High
12288,0,0,0.39194107,Medium
12289,0,1,0.5515493,High
12290,0,0,0.27163368,Medium
12291,0,0,0.18747747,Low
12292,0,0,0.2992195,Medium
12293,1,0,0.27964395,Medium
12294,0,0,0.088408425,Low
12295,0,0,0.28759202,Medium
12296,0,0,0.24073192,Medium
12297,1,0,0.15944758,Low
12298,1,1,0.81669694,Very High
12299,0,0,0.43165234,High
12300,0,0,0.24777324,Medium
12301,0,0,0.326193,Medium
12302,0,1,0.7165057,Very High
12303,1,1,0.7150961,Very High
12304,0,0,0.2685713,Medium
12305,0,0,0.15708758,Low
12306,0,0,0.3911795,Medium
12307,0,0,0.17271055,Low
12308,1,1,0.7148098,Very High
12309,0,0,0.20892,Medium
12310,1,0,0.3477044,Medium
12311,0,0,0.13314061,Low
12312,0,0,0.07991613,Low
12313,0,0,0.25527343,Medium
12314,0,0,0.22723874,Medium
12315,0,0,0.20682947,Medium
12316,0,0,0.42150438,High
12317,0,0,0.100831226,Low
12318,0,0,0.09531369,Low
12319,1,1,0.85515237,Very High
12320,0,0,0.08474101,Low
12321,0,0,0.38609383,Medium
12322,0,0,0.34380904,Medium
12323,1,0,0.31080177,Medium
12324,0,0,0.22771503,Medium
12325,0,0,0.29624012,Medium
12326,0,0,0.2797338,Medium
12327,0,0,0.12340064,Low
12328,0,1,0.5963698,High
12329,0,0,0.12269393,Low
12330,1,0,0.48446956,High
12331,0,0,0.40597463,High
12332,0,0,0.3604698,Medium
12333,0,0,0.38819206,Medium
12334,1,0,0.33330956,Medium
12335,0,0,0.41763523,High
12336,0,0,0.21817471,Medium
12337,0,0,0.27173272,Medium
12338,0,0,0.026015222,Low
12339,0,0,0.40095994,High
12340,0,0,0.16599475,Low
12341,0,0,0.17190652,Low
12342,0,0,0.3612578,Medium
12343,0,0,0.36936122,Medium
12344,0,0,0.14248943,Low
12345,1,1,0.7678126,Very High
12346,1,1,0.8462891,Very High
12347,1,1,0.8479099,Very High
12348,0,0,0.35652506,Medium
12349,0,0,0.18661371,Low
12350,0,0,0.29340962,Medium
12351,0,0,0.3629987,Medium
12352,0,0,0.30793998,Medium
12353,1,0,0.07961019,Low
12354,0,1,0.8232786,Very High
12355,0,0,0.30628943,Medium
12356,0,0,0.18895727,Low
12357,0,0,0.14950441,Low
12358,0,0,0.15047204,Low
12359,0,0,0.18923269,Low
12360,0,0,0.3206804,Medium
12361,0,0,0.2702806,Medium
12362,0,1,0.7170385,Very High
12363,1,1,0.6902952,Very High
12364,0,0,0.103276394,Low
12365,0,1,0.5794314,High
12366,0,0,0.12590666,Low
12367,0,0,0.22636598,Medium
12368,1,1,0.8500385,Very High
12369,0,0,0.21599473,Medium
12370,1,1,0.885294,Very High
12371,0,0,0.15853085,Low
12372,1,1,0.71324617,Very High
12373,0,0,0.29756916,Medium
12374,0,0,0.08100301,Low
12375,1,1,0.86598957,Very High
12376,1,0,0.17506237,Low
12377,0,0,0.26237613,Medium
12378,0,0,0.1645468,Low
12379,0,1,0.57204497,High
12380,0,0,0.16725692,Low
12381,0,0,0.15732066,Low
12382,1,0,0.25652292,Medium
12383,0,0,0.35622567,Medium
12384,0,0,0.17774175,Low
12385,1,1,0.5758343,High
12386,0,0,0.2806777,Medium
12387,1,1,0.62986475,Very High
12388,0,1,0.5689107,High
12389,1,0,0.308835,Medium
12390,0,0,0.3581221,Medium
12391,0,1,0.7881563,Very High
12392,1,1,0.8385418,Very High
12393,1,1,0.8927634,Very High
12394,0,0,0.29758278,Medium
12395,1,1,0.79256666,Very High
12396,0,0,0.21338695,Medium
12397,0,0,0.15144052,Low
12398,0,0,0.25108337,Medium
12399,0,0,0.38668606,Medium
12400,0,0,0.24876726,Medium
12401,0,1,0.5506418,High
12402,0,0,0.12491994,Low
12403,1,0,0.17891565,Low
12404,1,0,0.1675914,Low
12405,0,0,0.16108043,Low
12406,0,0,0.4169211,High
12407,1,1,0.8809755,Very High
12408,0,0,0.1210059,Low
12409,1,1,0.83832335,Very High
12410,0,0,0.14229652,Low
12411,0,0,0.12573,Low
12412,0,0,0.376587,Medium
12413,0,0,0.37438628,Medium
12414,0,0,0.34274858,Medium
12415,0,0,0.3345543,Medium
12416,0,0,0.22152756,Medium
12417,1,1,0.7339116,Very High
12418,0,0,0.32502177,Medium
12419,0,0,0.2975597,Medium
12420,0,0,0.12705813,Low
12421,0,0,0.098621115,Low
12422,0,0,0.24748926,Medium
12423,0,0,0.20137997,Medium
12424,0,1,0.64058363,Very High
12425,0,0,0.12050055,Low
12426,0,0,0.18907008,Low
12427,0,0,0.26031896,Medium
12428,0,0,0.22403598,Medium
12429,0,0,0.15372851,Low
12430,0,0,0.31086916,Medium
12431,1,1,0.865535,Very High
12432,0,0,0.16784155,Low
12433,0,1,0.865535,Very High
12434,0,0,0.37798986,Medium
12435,0,0,0.10646761,Low
12436,1,0,0.13293128,Low
12437,0,0,0.23873757,Medium
12438,0,0,0.33235413,Medium
12439,0,0,0.29489958,Medium
12440,0,0,0.24747404,Medium
12441,0,0,0.119281694,Low
12442,0,0,0.16703229,Low
12443,0,0,0.25695089,Medium
12444,0,0,0.16004156,Low
12445,1,1,0.54366744,High
12446,0,0,0.11349751,Low
12447,0,0,0.29334852,Medium
12448,0,1,0.8125529,Very High
12449,0,1,0.5417868,High
12450,0,0,0.20589681,Medium
12451,1,0,0.4710884,High
12452,1,0,0.34783813,Medium
12453,0,0,0.3859197,Medium
12454,1,1,0.6347839,Very High
12455,0,0,0.17240907,Low
12456,0,1,0.53240114,High
12457,1,1,0.54293793,High
12458,0,0,0.3246138,Medium
12459,0,0,0.38135257,Medium
12460,0,0,0.122505024,Low
12461,0,0,0.29151165,Medium
12462,0,0,0.42073748,High
12463,0,1,0.78298235,Very High
12464,0,0,0.22673246,Medium
12465,0,0,0.21823959,Medium
12466,1,1,0.63672495,Very High
12467,0,0,0.2330922,Medium
12468,0,0,0.4798206,High
12469,0,1,0.81389254,Very High
12470,0,0,0.11479489,Low
12471,0,1,0.66279924,Very High
12472,0,1,0.5090986,High
12473,0,0,0.25229776,Medium
12474,0,0,0.1440947,Low
12475,0,0,0.133535,Low
12476,0,0,0.16003406,Low
12477,0,0,0.12359183,Low
12478,0,0,0.11695601,Low
12479,0,0,0.31497303,Medium
12480,0,0,0.34374288,Medium
12481,0,0,0.19237861,Low
12482,1,1,0.8667571,Very High
12483,0,0,0.3423131,Medium
12484,0,0,0.16262409,Low
12485,0,0,0.26890627,Medium
12486,0,1,0.52566636,High
12487,0,0,0.123620555,Low
12488,0,0,0.3379089,Medium
12489,0,1,0.68184155,Very High
12490,1,0,0.24993081,Medium
12491,1,0,0.38352445,Medium
12492,0,1,0.579137,High
12493,0,0,0.4657353,High
12494,1,1,0.84740496,Very High
12495,1,0,0.30443963,Medium
12496,1,1,0.82102644,Very High
12497,0,1,0.64802426,Very High
12498,1,0,0.49646235,High
12499,0,0,0.3746292,Medium
12500,0,0,0.2224294,Medium
12501,0,1,0.7114583,Very High
12502,0,0,0.2608624,Medium
12503,0,0,0.43367234,High
12504,1,0,0.28621525,Medium
12505,0,0,0.1031876,Low
12506,0,0,0.11107898,Low
12507,0,0,0.33301577,Medium
12508,0,0,0.47753793,High
12509,1,1,0.60811764,Very High
12510,0,0,0.4386983,High
12511,0,0,0.28718328,Medium
12512,0,0,0.2808009,Medium
12513,0,0,0.35074452,Medium
12514,0,0,0.3964935,Medium
12515,0,0,0.24817078,Medium
12516,1,0,0.2873409,Medium
12517,1,0,0.45621577,High
12518,0,0,0.49839517,High
12519,1,1,0.71872026,Very High
12520,1,1,0.8926956,Very High
12521,1,0,0.4371438,High
12522,0,0,0.09000885,Low
12523,0,1,0.7124224,Very High
12524,0,0,0.18934423,Low
12525,0,1,0.87971455,Very High
12526,1,0,0.40801924,High
12527,1,0,0.22557744,Medium
12528,0,1,0.50717545,High
12529,0,0,0.24267183,Medium
12530,0,0,0.081551254,Low
12531,0,0,0.10067801,Low
12532,0,0,0.27923867,Medium
12533,0,1,0.8473735,Very High
12534,0,0,0.40343592,High
12535,0,0,0.15252425,Low
12536,0,1,0.6478276,Very High
12537,1,0,0.28324586,Medium
12538,0,0,0.44798085,High
12539,0,0,0.13531633,Low
12540,1,0,0.43563932,High
12541,0,0,0.23094684,Medium
12542,1,1,0.8639121,Very High
12543,0,0,0.14108339,Low
12544,0,0,0.24272865,Medium
12545,0,0,0.3514219,Medium
12546,0,0,0.38022673,Medium
12547,0,1,0.51027673,High
12548,0,1,0.5310394,High
12549,0,0,0.29785168,Medium
12550,0,1,0.5429642,High
12551,1,1,0.7591513,Very High
12552,0,0,0.10853067,Low
12553,1,0,0.38280088,Medium
12554,1,0,0.37855446,Medium
12555,0,0,0.3064385,Medium
12556,1,0,0.25905007,Medium
12557,1,1,0.5466473,High
12558,0,0,0.3123728,Medium
12559,0,0,0.30296347,Medium
12560,0,0,0.23075666,Medium
12561,0,0,0.30349526,Medium
12562,0,0,0.27313474,Medium
12563,1,0,0.35415968,Medium
12564,0,0,0.17825083,Low
12565,1,0,0.12625846,Low
12566,0,0,0.24108897,Medium
12567,0,0,0.34813604,Medium
12568,0,0,0.16498642,Low
12569,1,1,0.5670628,High
12570,0,0,0.30545187,Medium
12571,0,0,0.3031535,Medium
12572,0,0,0.26903173,Medium
12573,0,0,0.25355715,Medium
12574,1,1,0.6446986,Very High
12575,0,0,0.11978067,Low
12576,0,0,0.22531328,Medium
12577,1,1,0.83608425,Very High
12578,0,0,0.22299334,Medium
12579,0,0,0.061155677,Low
12580,0,0,0.094556645,Low
12581,0,1,0.5793667,High
12582,0,0,0.12383075,Low
12583,0,0,0.3183523,Medium
12584,0,0,0.17788896,Low
12585,0,0,0.34729663,Medium
12586,0,0,0.13777794,Low
12587,0,0,0.17626216,Low
12588,1,1,0.88494426,Very High
12589,1,1,0.87598675,Very High
12590,0,0,0.14963661,Low
12591,0,0,0.4295777,High
12592,0,0,0.22324339,Medium
12593,1,1,0.8494825,Very High
12594,1,0,0.4051976,High
12595,0,0,0.23530784,Medium
12596,0,0,0.3253684,Medium
12597,0,0,0.1531769,Low
12598,1,0,0.49640518,High
12599,0,1,0.6868939,Very High
12600,0,0,0.14518046,Low
12601,0,1,0.5265389,High
12602,0,0,0.3402159,Medium
12603,0,0,0.24882951,Medium
12604,1,1,0.8528746,Very High
12605,0,1,0.6777316,Very High
12606,0,0,0.26512268,Medium
12607,1,0,0.39537388,Medium
12608,0,0,0.26938295,Medium
12609,1,1,0.5019232,High
12610,1,1,0.8362989,Very High
12611,0,0,0.4004674,High
12612,0,0,0.24380895,Medium
12613,0,0,0.2674779,Medium
12614,0,0,0.17885475,Low
12615,0,0,0.28650266,Medium
12616,1,0,0.15314996,Low
12617,0,0,0.3149489,Medium
12618,0,0,0.24589634,Medium
12619,0,0,0.3146214,Medium
12620,1,1,0.8208023,Very High
12621,0,0,0.06434822,Low
12622,0,0,0.17303674,Low
12623,1,1,0.8790219,Very High
12624,0,0,0.36227092,Medium
12625,0,0,0.11242362,Low
12626,0,0,0.1433913,Low
12627,0,0,0.36155197,Medium
12628,1,0,0.41073498,High
12629,0,1,0.5084696,High
12630,0,1,0.53404975,High
12631,0,0,0.2748849,Medium
12632,0,0,0.23850141,Medium
12633,0,0,0.10842455,Low
12634,0,0,0.26146424,Medium
12635,0,0,0.1449935,Low
12636,0,0,0.3396092,Medium
12637,0,0,0.27035353,Medium
12638,1,0,0.45810226,High
12639,1,0,0.2198108,Medium
12640,0,0,0.33174512,Medium
12641,0,0,0.35705593,Medium
12642,0,0,0.42788482,High
12643,0,0,0.0829743,Low
12644,0,0,0.48526448,High
12645,1,1,0.833484,Very High
12646,0,0,0.26752988,Medium
12647,0,0,0.08863623,Low
12648,0,0,0.20169589,Medium
12649,0,1,0.55686736,High
12650,0,0,0.3171529,Medium
12651,0,0,0.100162014,Low
12652,0,0,0.22633381,Medium
12653,0,0,0.17884786,Low
12654,0,0,0.09769816,Low
12655,0,0,0.28524077,Medium
12656,1,1,0.77955383,Very High
12657,0,0,0.16986302,Low
12658,0,0,0.1520712,Low
12659,0,0,0.22750016,Medium
12660,0,0,0.26587898,Medium
12661,0,1,0.61575943,Very High
12662,0,0,0.19040231,Low
12663,0,0,0.4116448,High
12664,1,1,0.8434811,Very High
12665,0,0,0.30908185,Medium
12666,0,0,0.3282454,Medium
12667,0,0,0.110164665,Low
12668,1,0,0.12616403,Low
12669,1,1,0.5710192,High
12670,0,1,0.59948653,High
12671,0,0,0.26589787,Medium
12672,0,0,0.1901249,Low
12673,0,0,0.05098563,Low
12674,1,1,0.91809356,Very High
12675,0,0,0.33788022,Medium
12676,0,0,0.36284056,Medium
12677,1,0,0.49163058,High
12678,0,0,0.18411301,Low
12679,0,1,0.8437829,Very High
12680,0,0,0.12252471,Low
12681,0,0,0.34369236,Medium
12682,1,0,0.31898198,Medium
12683,0,0,0.31548908,Medium
12684,0,0,0.19990498,Low
12685,0,0,0.13228102,Low
12686,0,0,0.46505165,High
12687,0,0,0.102574386,Low
12688,0,0,0.22176842,Medium
12689,0,1,0.5735269,High
12690,0,0,0.30295992,Medium
12691,0,0,0.30439004,Medium
12692,0,0,0.3295484,Medium
12693,0,0,0.18058623,Low
12694,0,0,0.22701521,Medium
12695,0,1,0.8230398,Very High
12696,0,0,0.45786425,High
12697,0,0,0.23973118,Medium
12698,0,0,0.2922584,Medium
12699,0,0,0.39991534,Medium
12700,0,0,0.25734052,Medium
12701,0,0,0.299762,Medium
12702,0,0,0.22101192,Medium
12703,0,0,0.2592304,Medium
12704,1,1,0.8032695,Very High
12705,0,0,0.097345285,Low
12706,1,1,0.8512196,Very High
12707,0,0,0.13121049,Low
12708,0,0,0.0818315,Low
12709,0,0,0.13584988,Low
12710,0,0,0.30763495,Medium
12711,0,0,0.33587718,Medium
12712,0,0,0.11559148,Low
12713,0,0,0.40761194,High
12714,0,0,0.4507722,High
12715,0,0,0.10181291,Low
12716,0,1,0.66268224,Very High
12717,0,0,0.19688357,Low
12718,1,0,0.312422,Medium
12719,1,0,0.25414753,Medium
12720,0,0,0.08683185,Low
12721,0,0,0.37859643,Medium
12722,0,0,0.35337844,Medium
12723,0,0,0.1770183,Low
12724,0,1,0.6691556,Very High
12725,0,0,0.3409446,Medium
12726,0,0,0.059933197,Low
12727,0,0,0.25804585,Medium
12728,0,0,0.11260179,Low
12729,0,1,0.5599754,High
12730,1,0,0.24000603,Medium
12731,0,0,0.20327677,Medium
12732,1,1,0.8469869,Very High
12733,0,1,0.7205085,Very High
12734,0,0,0.16059071,Low
12735,1,1,0.58570945,High
12736,0,0,0.3415256,Medium
12737,0,0,0.20569195,Medium
12738,0,0,0.15574393,Low
12739,0,0,0.18757051,Low
12740,0,0,0.38558754,Medium
12741,0,0,0.31055352,Medium
12742,0,0,0.27213806,Medium
12743,0,0,0.21368039,Medium
12744,0,0,0.0844086,Low
12745,0,0,0.20725697,Medium
12746,0,1,0.8974742,Very High
12747,0,0,0.18959,Low
12748,0,0,0.33559,Medium
12749,1,0,0.31475157,Medium
12750,0,0,0.4137423,High
12751,1,1,0.7705851,Very High
12752,0,0,0.22678415,Medium
12753,0,0,0.36386684,Medium
12754,0,0,0.47855413,High
12755,0,0,0.23266768,Medium
12756,1,0,0.39991662,Medium
12757,0,0,0.2774603,Medium
12758,0,0,0.33596072,Medium
12759,0,0,0.25720826,Medium
12760,0,0,0.2649748,Medium
12761,0,1,0.6825859,Very High
12762,1,0,0.34723473,Medium
12763,0,0,0.07126675,Low
12764,0,0,0.13439119,Low
12765,0,1,0.682431,Very High
12766,1,0,0.28190446,Medium
12767,0,0,0.20237201,Medium
12768,1,1,0.8530726,Very High
12769,0,0,0.22161232,Medium
12770,0,0,0.1266121,Low
12771,0,0,0.2344456,Medium
12772,0,0,0.09118463,Low
12773,1,1,0.6178413,Very High
12774,1,0,0.24333663,Medium
12775,1,1,0.88131464,Very High
12776,0,0,0.35364798,Medium
12777,0,0,0.113337785,Low
12778,0,0,0.21698552,Medium
12779,1,0,0.4188926,High
12780,1,1,0.61026037,Very High
12781,1,1,0.7321286,Very High
12782,0,0,0.1397064,Low
12783,0,0,0.26650608,Medium
12784,0,0,0.35144228,Medium
12785,1,0,0.3572328,Medium
12786,0,0,0.21458213,Medium
12787,0,0,0.08704143,Low
12788,0,0,0.45176482,High
12789,0,0,0.3366889,Medium
12790,0,0,0.04602508,Low
12791,0,0,0.3227419,Medium
12792,0,0,0.29865882,Medium
12793,0,0,0.47987777,High
12794,0,0,0.16556308,Low
12795,1,0,0.18733749,Low
12796,0,0,0.19296828,Low
12797,1,1,0.65814346,Very High
12798,0,0,0.06706194,Low
12799,0,1,0.56979185,High
12800,0,0,0.21124691,Medium
12801,1,1,0.5484417,High
12802,0,0,0.40063566,High
12803,1,1,0.70936966,Very High
12804,1,0,0.1867187,Low
12805,0,0,0.07948103,Low
12806,0,0,0.26073515,Medium
12807,0,0,0.18605748,Low
12808,0,0,0.15958698,Low
12809,0,1,0.5104002,High
12810,1,0,0.1888946,Low
12811,1,1,0.7553329,Very High
12812,0,1,0.54766077,High
12813,1,1,0.74449486,Very High
12814,0,0,0.48520932,High
12815,0,0,0.24127321,Medium
12816,0,0,0.33088776,Medium
12817,1,0,0.36450845,Medium
12818,0,0,0.26025137,Medium
12819,0,1,0.51185304,High
12820,0,1,0.8658394,Very High
12821,0,0,0.3600926,Medium
12822,0,0,0.10251784,Low
12823,0,1,0.64111215,Very High
12824,0,0,0.21091653,Medium
12825,1,1,0.9296706,Very High
12826,0,1,0.5908685,High
12827,0,1,0.54221994,High
12828,0,0,0.37911013,Medium
12829,0,1,0.80598885,Very High
12830,1,0,0.4208403,High
12831,0,0,0.11641542,Low
12832,1,1,0.9024934,Very High
12833,0,0,0.29748273,Medium
12834,0,0,0.31550488,Medium
12835,1,1,0.7761912,Very High
12836,1,1,0.688107,Very High
12837,0,0,0.3211249,Medium
12838,0,0,0.19387673,Low
12839,0,0,0.2906938,Medium
12840,0,0,0.10536018,Low
12841,1,1,0.8274242,Very High
12842,0,0,0.06088726,Low
12843,0,0,0.24565825,Medium
12844,0,0,0.24172322,Medium
12845,0,0,0.24014778,Medium
12846,0,1,0.8826946,Very High
12847,0,1,0.6427922,Very High
12848,0,0,0.1459923,Low
12849,0,0,0.27040038,Medium
12850,0,0,0.32135546,Medium
12851,0,0,0.26019675,Medium
12852,0,0,0.29950643,Medium
12853,0,0,0.15110911,Low
12854,0,0,0.45214674,High
12855,0,0,0.11330029,Low
12856,0,0,0.060779262,Low
12857,0,0,0.4665308,High
12858,0,1,0.6848524,Very High
12859,0,0,0.18245827,Low
12860,0,0,0.30048546,Medium
12861,0,0,0.3016532,Medium
12862,1,0,0.4714897,High
12863,0,0,0.27107874,Medium
12864,0,0,0.32094494,Medium
12865,0,0,0.16587918,Low
12866,0,0,0.24801196,Medium
12867,0,0,0.35700518,Medium
12868,1,1,0.60427225,Very High
12869,0,0,0.23079713,Medium
12870,0,0,0.22804917,Medium
12871,1,0,0.3671952,Medium
12872,0,0,0.21370792,Medium
12873,0,0,0.3037384,Medium
12874,1,0,0.34508416,Medium
12875,0,0,0.22389565,Medium
12876,1,1,0.6275947,Very High
12877,1,1,0.7125561,Very High
12878,0,0,0.4389812,High
12879,0,0,0.27057877,Medium
12880,0,0,0.095268525,Low
12881,0,0,0.1616625,Low
12882,0,0,0.43849558,High
12883,0,0,0.15423524,Low
12884,1,0,0.29753172,Medium
12885,0,1,0.56233174,High
12886,0,0,0.41636008,High
12887,1,0,0.22561793,Medium
12888,0,0,0.14448413,Low
12889,1,1,0.59130096,High
12890,0,0,0.12783876,Low
12891,0,0,0.11705585,Low
12892,0,0,0.23821646,Medium
12893,0,1,0.56028724,High
12894,0,0,0.10099106,Low
12895,1,1,0.7678706,Very High
12896,0,0,0.32596794,Medium
12897,0,0,0.17420043,Low
12898,1,1,0.9035425,Very High
12899,0,1,0.8092352,Very High
12900,0,0,0.15540724,Low
12901,1,1,0.5850735,High
12902,1,0,0.3157854,Medium
12903,0,0,0.2856775,Medium
12904,0,0,0.25162983,Medium
12905,1,1,0.8721245,Very High
12906,0,0,0.42376468,High
12907,0,0,0.14968525,Low
12908,0,0,0.22665611,Medium
12909,1,1,0.89038223,Very High
12910,0,0,0.08381147,Low
12911,0,0,0.28072685,Medium
12912,0,1,0.61003906,Very High
12913,1,1,0.680268,Very High
12914,1,1,0.62134045,Very High
12915,0,0,0.2860662,Medium
12916,0,0,0.25520915,Medium
12917,0,0,0.17340407,Low
12918,1,0,0.23913911,Medium
12919,1,0,0.39951167,Medium
12920,0,0,0.18424618,Low
12921,0,0,0.15177615,Low
12922,0,1,0.796915,Very High
12923,1,1,0.89006746,Very High
12924,0,0,0.32589182,Medium
12925,1,1,0.8344099,Very High
12926,0,0,0.282153,Medium
12927,0,0,0.20779581,Medium
12928,0,0,0.42464375,High
12929,0,0,0.17926084,Low
12930,0,0,0.1327959,Low
12931,1,1,0.6259873,Very High
12932,0,0,0.18415837,Low
12933,0,1,0.5792175,High
12934,0,0,0.07398003,Low
12935,0,0,0.23427413,Medium
12936,1,1,0.8207989,Very High
12937,0,1,0.6924017,Very High
12938,0,0,0.29226643,Medium
12939,0,0,0.1563342,Low
12940,0,0,0.19107084,Low
12941,0,0,0.3050613,Medium
12942,0,0,0.06615721,Low
12943,0,0,0.4818204,High
12944,0,0,0.23775789,Medium
12945,0,0,0.19233042,Low
12946,0,0,0.18134463,Low
12947,1,1,0.8783565,Very High
12948,1,0,0.14787707,Low
12949,1,1,0.80372375,Very High
12950,0,0,0.25136307,Medium
12951,0,0,0.31781197,Medium
12952,0,1,0.55947167,High
12953,0,1,0.8305765,Very High
12954,0,0,0.39047664,Medium
12955,0,0,0.3278673,Medium
12956,1,1,0.9250341,Very High
12957,0,0,0.26978558,Medium
12958,1,1,0.84579456,Very High
12959,1,1,0.83346057,Very High
12960,0,0,0.12809803,Low
12961,0,0,0.26714662,Medium
12962,0,0,0.23569803,Medium
12963,1,1,0.7229871,Very High
12964,1,1,0.8194443,Very High
12965,0,0,0.40902066,High
12966,0,0,0.23214598,Medium
12967,1,1,0.9198935,Very High
12968,0,1,0.54018575,High
12969,0,0,0.21788606,Medium
12970,0,0,0.4462787,High
12971,0,0,0.30776381,Medium
12972,1,0,0.35388544,Medium
12973,1,1,0.8776218,Very High
12974,0,0,0.2554526,Medium
12975,0,0,0.48647243,High
12976,0,0,0.20599797,Medium
12977,0,1,0.51852566,High
12978,0,0,0.39402634,Medium
12979,0,1,0.5659558,High
12980,0,0,0.38650414,Medium
12981,0,0,0.36990657,Medium
12982,0,0,0.34645692,Medium
12983,0,1,0.6055847,Very High
12984,0,0,0.29213798,Medium
12985,0,0,0.41133636,High
12986,0,0,0.19999355,Low
12987,1,1,0.8359221,Very High
12988,0,0,0.17129871,Low
12989,0,0,0.23543562,Medium
12990,0,0,0.26034492,Medium
12991,1,1,0.6669841,Very High
12992,0,0,0.23566525,Medium
12993,1,1,0.8924087,Very High
12994,0,0,0.31688616,Medium
12995,0,0,0.25657925,Medium
12996,0,0,0.22721694,Medium
12997,1,1,0.85438854,Very High
12998,1,1,0.7042121,Very High
12999,0,0,0.23367742,Medium
13000,1,0,0.467624,High
13001,1,1,0.56572306,High
13002,0,0,0.39536408,Medium
13003,0,0,0.24052289,Medium
13004,0,0,0.1317665,Low
13005,0,0,0.37467682,Medium
13006,0,0,0.15642676,Low
13007,0,0,0.37877217,Medium
13008,0,0,0.3354076,Medium
13009,0,0,0.35761085,Medium
13010,0,0,0.33010897,Medium
13011,0,0,0.44575936,High
13012,0,0,0.39591068,Medium
13013,0,1,0.71620417,Very High
13014,0,0,0.4615132,High
13015,0,0,0.30849677,Medium
13016,0,0,0.25163722,Medium
13017,0,0,0.30336213,Medium
13018,0,0,0.2456133,Medium
13019,0,0,0.105916105,Low
13020,0,0,0.16654669,Low
13021,1,1,0.90582216,Very High
13022,1,0,0.31840038,Medium
13023,1,0,0.40867487,High
13024,0,0,0.30007085,Medium
13025,1,0,0.38637945,Medium
13026,0,0,0.15667681,Low
13027,0,1,0.52010566,High
13028,1,0,0.29399142,Medium
13029,0,0,0.47455445,High
13030,1,1,0.54375845,High
13031,0,0,0.2032428,Medium
13032,0,1,0.5606488,High
13033,0,0,0.25180554,Medium
13034,0,0,0.186443,Low
13035,0,0,0.21586578,Medium
13036,1,0,0.47656286,High
13037,0,0,0.10376804,Low
13038,1,0,0.21975091,Medium
13039,0,0,0.19739352,Low
13040,0,0,0.1765279,Low
13041,0,1,0.67187816,Very High
13042,0,0,0.3740359,Medium
13043,0,0,0.10516088,Low
13044,0,0,0.23464476,Medium
13045,1,0,0.42078376,High
13046,1,1,0.87258327,Very High
13047,0,0,0.19909903,Low
13048,0,0,0.11402054,Low
13049,1,1,0.801545,Very High
13050,1,1,0.60887307,Very High
13051,1,1,0.8455053,Very High
13052,0,0,0.28711578,Medium
13053,0,0,0.27200204,Medium
13054,0,0,0.3385962,Medium
13055,0,0,0.4126806,High
13056,0,1,0.6192757,Very High
13057,0,1,0.82181084,Very High
13058,0,0,0.32780063,Medium
13059,1,1,0.87263566,Very High
13060,0,1,0.7686997,Very High
13061,0,0,0.1366074,Low
13062,0,0,0.45130926,High
13063,0,0,0.27234408,Medium
13064,1,0,0.24187739,Medium
13065,0,0,0.46396917,High
13066,0,0,0.26669803,Medium
13067,0,1,0.5245398,High
13068,0,0,0.34608468,Medium
13069,0,0,0.22155309,Medium
13070,0,0,0.12521674,Low
13071,0,0,0.47337502,High
13072,1,1,0.5529777,High
13073,1,1,0.8578865,Very High
13074,0,0,0.17107262,Low
13075,0,0,0.08070567,Low
13076,0,0,0.19101451,Low
13077,0,0,0.16384475,Low
13078,1,0,0.4626462,High
13079,0,0,0.2948896,Medium
13080,1,1,0.67560345,Very High
13081,0,0,0.111321375,Low
13082,1,0,0.2443672,Medium
13083,1,0,0.2828029,Medium
13084,1,1,0.8957019,Very High
13085,0,0,0.45775503,High
13086,0,0,0.21437258,Medium
13087,1,0,0.43750882,High
13088,0,0,0.057530046,Low
13089,0,0,0.08738757,Low
13090,0,0,0.22431338,Medium
13091,0,0,0.123418115,Low
13092,0,1,0.5065551,High
13093,1,1,0.8473034,Very High
13094,0,0,0.21292116,Medium
13095,0,1,0.6025927,Very High
13096,0,0,0.23020494,Medium
13097,0,1,0.61936,Very High
13098,0,0,0.2814649,Medium
13099,0,0,0.42913824,High
13100,0,0,0.2812255,Medium
13101,0,1,0.7986846,Very High
13102,0,0,0.22255793,Medium
13103,1,0,0.2201357,Medium
13104,0,0,0.2325871,Medium
13105,0,0,0.33582938,Medium
13106,1,0,0.42969495,High
13107,0,1,0.6479732,Very High
13108,0,0,0.12648618,Low
13109,0,0,0.09500155,Low
13110,0,0,0.16220386,Low
13111,1,0,0.26495984,Medium
13112,0,0,0.20116043,Medium
13113,0,0,0.21579581,Medium
13114,0,0,0.30745867,Medium
13115,0,0,0.33588672,Medium
13116,0,0,0.12934726,Low
13117,0,0,0.11145022,Low
13118,0,0,0.25266403,Medium
13119,0,0,0.25060228,Medium
13120,0,0,0.12749182,Low
13121,0,0,0.2547716,Medium
13122,0,0,0.18783867,Low
13123,0,0,0.09985652,Low
13124,0,0,0.29086998,Medium
13125,0,0,0.3196602,Medium
13126,0,1,0.570938,High
13127,0,0,0.13415289,Low
13128,1,0,0.43221036,High
13129,0,0,0.2850168,Medium
13130,0,0,0.40631402,High
13131,0,0,0.2231811,Medium
13132,0,0,0.30601957,Medium
13133,0,0,0.48968795,High
13134,1,0,0.3588523,Medium
13135,1,0,0.3525681,Medium
13136,0,0,0.32658738,Medium
13137,0,0,0.29849935,Medium
13138,0,0,0.12451913,Low
13139,0,0,0.24838044,Medium
13140,1,0,0.26183233,Medium
13141,0,0,0.45725828,High
13142,0,0,0.28258806,Medium
13143,0,0,0.250216,Medium
13144,0,0,0.13985524,Low
13145,1,1,0.611186,Very High
13146,0,0,0.18948404,Low
13147,1,0,0.29744107,Medium
13148,0,0,0.061429843,Low
13149,0,0,0.1639535,Low
13150,0,0,0.16564324,Low
13151,0,0,0.2523658,Medium
13152,1,1,0.7391673,Very High
13153,0,0,0.18039393,Low
13154,1,1,0.88013935,Very High
13155,0,0,0.27863723,Medium
13156,0,0,0.27391562,Medium
13157,0,0,0.34480682,Medium
13158,0,0,0.11876156,Low
13159,0,0,0.3233815,Medium
13160,1,0,0.45904365,High
13161,0,0,0.20094766,Medium
13162,0,0,0.10681234,Low
13163,0,1,0.64772284,Very High
13164,1,1,0.67260087,Very High
13165,0,0,0.19960822,Low
13166,0,0,0.33296788,Medium
13167,0,0,0.45560697,High
13168,0,1,0.5725565,High
13169,0,0,0.1546833,Low
13170,0,0,0.12637345,Low
13171,0,0,0.2469131,Medium
13172,0,0,0.099501826,Low
13173,1,1,0.8676289,Very High
13174,0,1,0.7818037,Very High
13175,0,0,0.23249076,Medium
13176,0,0,0.40346816,High
13177,0,0,0.33582285,Medium
13178,1,1,0.87222445,Very High
13179,0,1,0.5269772,High
13180,0,0,0.23762816,Medium
13181,0,0,0.17896613,Low
13182,0,0,0.30504513,Medium
13183,0,0,0.20171653,Medium
13184,0,0,0.19320261,Low
13185,1,1,0.8024741,Very High
13186,1,0,0.29247937,Medium
13187,0,0,0.18757668,Low
13188,0,0,0.24100585,Medium
13189,1,1,0.6410068,Very High
13190,0,0,0.2629144,Medium
13191,0,0,0.18672514,Low
13192,0,0,0.19890435,Low
13193,0,0,0.23203656,Medium
13194,1,1,0.54166114,High
13195,0,0,0.14759327,Low
13196,1,1,0.53385234,High
13197,1,1,0.81338555,Very High
13198,0,0,0.38227433,Medium
13199,0,0,0.06347695,Low
13200,0,0,0.11847279,Low
13201,0,0,0.31392914,Medium
13202,0,0,0.24252458,Medium
13203,0,0,0.30377713,Medium
13204,0,0,0.11883106,Low
13205,0,0,0.16156203,Low
13206,0,0,0.15404794,Low
13207,0,0,0.31116855,Medium
13208,0,0,0.30614737,Medium
13209,0,0,0.33829528,Medium
13210,1,1,0.5711114,High
13211,0,0,0.3393593,Medium
13212,0,0,0.4921395,High
13213,0,0,0.41262442,High
13214,0,0,0.21529989,Medium
13215,0,0,0.18314525,Low
13216,0,0,0.21578617,Medium
13217,0,0,0.44352704,High
13218,0,1,0.7235467,Very High
13219,1,1,0.90851784,Very High
13220,0,0,0.30733737,Medium
13221,0,0,0.29345152,Medium
13222,0,1,0.7268446,Very High
13223,0,0,0.2809092,Medium
13224,0,0,0.36725911,Medium
13225,0,0,0.25795573,Medium
13226,0,0,0.13769975,Low
13227,0,0,0.21920511,Medium
13228,0,0,0.2916617,Medium
13229,0,0,0.2266214,Medium
13230,0,0,0.33253384,Medium
13231,1,0,0.16543001,Low
13232,1,1,0.9122024,Very High
13233,1,1,0.58559275,High
13234,0,0,0.32299626,Medium
13235,1,0,0.3157417,Medium
13236,1,0,0.49821267,High
13237,0,0,0.26587042,Medium
13238,0,0,0.29312545,Medium
13239,1,1,0.65309435,Very High
13240,1,1,0.6317849,Very High
13241,0,0,0.14433,Low
13242,0,0,0.25513622,Medium
13243,0,0,0.12783659,Low
13244,0,1,0.5479382,High
13245,0,0,0.1455124,Low
13246,0,0,0.1701356,Low
13247,0,0,0.094098754,Low
13248,0,1,0.6628026,Very High
13249,0,0,0.23921429,Medium
13250,0,0,0.2293902,Medium
13251,0,0,0.4326767,High
13252,0,0,0.29072365,Medium
13253,0,0,0.28040755,Medium
13254,1,1,0.8861971,Very High
13255,0,1,0.77902895,Very High
13256,0,0,0.18902726,Low
13257,0,0,0.18266551,Low
13258,0,0,0.41639242,High
13259,1,1,0.74550176,Very High
13260,1,0,0.15948303,Low
13261,0,0,0.42834476,High
13262,0,1,0.6795915,Very High
13263,1,1,0.88811946,Very High
13264,0,0,0.2002983,Medium
13265,0,0,0.4709336,High
13266,0,0,0.13433808,Low
13267,1,0,0.31626275,Medium
13268,0,0,0.21178655,Medium
13269,0,0,0.397562,Medium
13270,0,0,0.27530578,Medium
13271,0,0,0.24653693,Medium
13272,0,0,0.07956878,Low
13273,0,1,0.5083494,High
13274,0,0,0.2233228,Medium
13275,1,0,0.29497328,Medium
13276,0,0,0.341026,Medium
13277,0,0,0.13256492,Low
13278,0,0,0.30028716,Medium
13279,0,0,0.06351222,Low
13280,1,1,0.7790657,Very High
13281,0,0,0.47461814,High
13282,1,0,0.3021449,Medium
13283,0,1,0.61020744,Very High
13284,0,0,0.126449,Low
13285,0,0,0.4943099,High
13286,0,0,0.1917655,Low
13287,0,0,0.37320408,Medium
13288,1,1,0.59700286,High
13289,0,0,0.12645072,Low
13290,0,1,0.8378194,Very High
13291,0,1,0.6663712,Very High
13292,1,1,0.88932216,Very High
13293,0,0,0.3793735,Medium
13294,0,0,0.17329328,Low
13295,0,0,0.116024494,Low
13296,0,0,0.36374566,Medium
13297,0,0,0.28420302,Medium
13298,0,1,0.57689476,High
13299,0,0,0.1522041,Low
13300,0,0,0.32759452,Medium
13301,1,1,0.75901353,Very High
13302,0,0,0.15303689,Low
13303,0,0,0.24768496,Medium
13304,0,0,0.103377506,Low
13305,0,0,0.08530266,Low
13306,1,0,0.4338684,High
13307,0,0,0.21142109,Medium
13308,0,1,0.5956838,High
13309,0,0,0.29213566,Medium
13310,0,0,0.31500807,Medium
13311,0,0,0.22418986,Medium
13312,0,0,0.4399188,High
13313,0,0,0.21632238,Medium
13314,1,1,0.8493875,Very High
13315,0,0,0.39316493,Medium
13316,1,0,0.37577018,Medium
13317,0,0,0.21060053,Medium
13318,0,0,0.14057533,Low
13319,0,0,0.21162753,Medium
13320,0,0,0.11731059,Low
13321,0,0,0.30916902,Medium
13322,0,0,0.27384263,Medium
13323,1,1,0.7138888,Very High
13324,1,0,0.33553347,Medium
13325,0,0,0.35395098,Medium
13326,0,0,0.14895305,Low
13327,1,0,0.33172032,Medium
13328,0,0,0.24371919,Medium
13329,1,0,0.16652647,Low
13330,1,1,0.55706286,High
13331,1,1,0.61227196,Very High
13332,1,0,0.2276127,Medium
13333,0,0,0.33336052,Medium
13334,0,0,0.44729084,High
13335,0,0,0.4548677,High
13336,1,0,0.34779632,Medium
13337,0,0,0.35425586,Medium
13338,0,0,0.39976183,Medium
13339,0,0,0.41695315,High
13340,0,0,0.066908985,Low
13341,1,1,0.73213685,Very High
13342,0,0,0.28990588,Medium
13343,0,0,0.48543108,High
13344,0,0,0.11400782,Low
13345,1,0,0.43947205,High
13346,0,0,0.3390364,Medium
13347,1,0,0.25139737,Medium
13348,0,0,0.4055594,High
13349,1,0,0.3291394,Medium
13350,0,0,0.15246096,Low
13351,0,0,0.15062097,Low
13352,0,0,0.18092401,Low
13353,0,0,0.3022501,Medium
13354,0,1,0.51612705,High
13355,0,0,0.1394709,Low
13356,0,0,0.2163747,Medium
13357,0,0,0.28774625,Medium
13358,0,0,0.378435,Medium
13359,0,0,0.12621091,Low
13360,0,0,0.21796332,Medium
13361,0,0,0.4647074,High
13362,0,0,0.15700233,Low
13363,0,0,0.3697419,Medium
13364,0,0,0.10501224,Low
13365,0,0,0.42270604,High
13366,0,1,0.58435965,High
13367,0,0,0.2546317,Medium
13368,0,0,0.21201807,Medium
13369,0,0,0.37511855,Medium
13370,1,1,0.91512024,Very High
13371,1,1,0.58607656,High
13372,0,0,0.17599992,Low
13373,0,0,0.10236044,Low
13374,0,0,0.45878318,High
13375,0,1,0.75013953,Very High
13376,0,0,0.42195186,High
13377,0,0,0.24033915,Medium
13378,0,1,0.6963581,Very High
13379,0,0,0.22005035,Medium
13380,0,0,0.22202018,Medium
13381,1,0,0.08593163,Low
13382,0,0,0.085139506,Low
13383,0,0,0.30576736,Medium
13384,0,0,0.16150947,Low
13385,0,0,0.26179543,Medium
13386,0,0,0.29565778,Medium
13387,0,0,0.13879967,Low
13388,1,0,0.289223,Medium
13389,0,1,0.60834473,Very High
13390,0,0,0.45462665,High
13391,1,1,0.86321265,Very High
13392,0,0,0.36259302,Medium
13393,0,0,0.2511568,Medium
13394,0,0,0.12245903,Low
13395,0,0,0.08444712,Low
13396,0,0,0.1368705,Low
13397,0,0,0.20859031,Medium
13398,0,0,0.29606244,Medium
13399,0,0,0.24118873,Medium
13400,1,1,0.5459612,High
13401,1,1,0.8815585,Very High
13402,1,0,0.095782734,Low
13403,0,0,0.100897096,Low
13404,0,0,0.3087608,Medium
13405,1,0,0.30993378,Medium
13406,1,1,0.65856165,Very High
13407,1,1,0.9181743,Very High
13408,0,0,0.15103002,Low
13409,0,0,0.1463697,Low
13410,0,1,0.862998,Very High
13411,0,0,0.24953808,Medium
13412,0,0,0.13180484,Low
13413,1,0,0.43537253,High
13414,1,0,0.21192627,Medium
13415,0,0,0.3773506,Medium
13416,0,0,0.08218576,Low
13417,0,0,0.051364884,Low
13418,1,1,0.8043747,Very High
13419,0,0,0.104118735,Low
13420,1,0,0.41226828,High
13421,0,0,0.09984285,Low
13422,0,1,0.87689316,Very High
13423,1,0,0.42527133,High
13424,1,0,0.47390348,High
13425,0,0,0.4542212,High
13426,0,0,0.26004177,Medium
13427,0,0,0.20692855,Medium
13428,0,0,0.29632938,Medium
13429,0,1,0.80555767,Very High
13430,0,0,0.31145158,Medium
13431,1,1,0.82837087,Very High
13432,0,0,0.25754103,Medium
13433,1,1,0.5092811,High
13434,0,0,0.33540764,Medium
13435,0,0,0.21670711,Medium
13436,0,0,0.12254948,Low
13437,0,0,0.3232222,Medium
13438,0,0,0.0678837,Low
13439,0,1,0.54594135,High
13440,0,0,0.12814957,Low
13441,1,1,0.88643044,Very High
13442,0,0,0.40584612,High
13443,0,0,0.15765627,Low
13444,0,0,0.3202163,Medium
13445,1,1,0.8976557,Very High
13446,0,0,0.11203901,Low
13447,0,0,0.30598223,Medium
13448,0,0,0.08945623,Low
13449,0,0,0.45611134,High
13450,0,0,0.085824646,Low
13451,0,1,0.88006955,Very High
13452,0,0,0.16188328,Low
13453,1,1,0.82624406,Very High
13454,0,1,0.57436895,High
13455,0,1,0.6548261,Very High
13456,0,1,0.63727665,Very High
13457,0,0,0.29141343,Medium
13458,0,0,0.25169995,Medium
13459,1,0,0.31932205,Medium
13460,0,0,0.041533872,Low
13461,0,0,0.4352787,High
13462,0,0,0.265296,Medium
13463,0,0,0.31150976,Medium
13464,0,0,0.20349066,Medium
13465,1,1,0.5302112,High
13466,0,0,0.41535535,High
13467,0,1,0.504438,High
13468,0,0,0.33834663,Medium
13469,1,1,0.8730276,Very High
13470,0,1,0.55454475,High
13471,1,1,0.52667445,High
13472,0,0,0.2930411,Medium
13473,0,0,0.30580124,Medium
13474,0,0,0.121673495,Low
13475,0,0,0.19037724,Low
13476,0,1,0.5808281,High
13477,0,0,0.0934558,Low
13478,1,0,0.1679636,Low
13479,1,1,0.91660064,Very High
13480,1,1,0.8724687,Very High
13481,0,0,0.07689975,Low
13482,0,0,0.31380057,Medium
13483,0,0,0.22471319,Medium
13484,0,0,0.16432227,Low
13485,0,1,0.69478685,Very High
13486,0,0,0.23273425,Medium
13487,0,1,0.6107248,Very High
13488,0,0,0.17828362,Low
13489,1,1,0.87177867,Very High
13490,0,0,0.30153793,Medium
13491,0,0,0.102020144,Low
13492,0,0,0.12688196,Low
13493,0,0,0.3759306,Medium
13494,0,0,0.15286513,Low
13495,0,0,0.2618483,Medium
13496,0,0,0.10790718,Low
13497,0,0,0.084716916,Low
13498,1,0,0.41751206,High
13499,1,1,0.8527835,Very High
13500,0,0,0.07146604,Low
13501,1,1,0.70954543,Very High
13502,0,0,0.30462727,Medium
13503,0,0,0.1505205,Low
13504,1,0,0.3697616,Medium
13505,1,1,0.57942516,High
13506,0,0,0.30532324,Medium
13507,0,0,0.11047683,Low
13508,0,0,0.344419,Medium
13509,0,1,0.62847424,Very High
13510,0,0,0.40015307,High
13511,1,1,0.75793934,Very High
13512,0,0,0.39559224,Medium
13513,1,0,0.29284966,Medium
13514,1,0,0.25392178,Medium
13515,0,0,0.36173192,Medium
13516,1,0,0.4343346,High
13517,0,1,0.5763675,High
13518,0,0,0.12914516,Low
13519,0,0,0.31483057,Medium
13520,0,0,0.21277153,Medium
13521,0,0,0.10321536,Low
13522,0,0,0.06998227,Low
13523,0,0,0.28224647,Medium
13524,0,0,0.28140584,Medium
13525,0,0,0.28748536,Medium
13526,0,0,0.19564408,Low
13527,1,1,0.7730957,Very High
13528,0,0,0.491163,High
13529,0,1,0.9085125,Very High
13530,0,0,0.39710215,Medium
13531,0,0,0.4890914,High
13532,1,1,0.7980018,Very High
13533,0,0,0.23334871,Medium
13534,0,0,0.3164979,Medium
13535,0,0,0.28060392,Medium
13536,0,0,0.31501865,Medium
13537,0,0,0.11514315,Low
13538,0,0,0.20699549,Medium
13539,0,0,0.27053973,Medium
13540,1,0,0.16471432,Low
13541,0,0,0.3416251,Medium
13542,1,0,0.43282375,High
13543,0,0,0.14964265,Low
13544,0,0,0.24152473,Medium
13545,0,0,0.35943782,Medium
13546,0,1,0.6059696,Very High
13547,0,0,0.28031945,Medium
13548,0,0,0.27416807,Medium
13549,1,0,0.3492574,Medium
13550,0,0,0.17164327,Low
13551,0,0,0.44732037,High
13552,0,0,0.3281629,Medium
13553,1,0,0.41357428,High
13554,0,0,0.13497816,Low
13555,0,0,0.4102474,High
13556,1,0,0.12618192,Low
13557,0,0,0.4757165,High
13558,1,0,0.17862199,Low
13559,1,0,0.42251408,High
13560,0,0,0.24460816,Medium
13561,1,1,0.6308297,Very High
13562,1,1,0.9246272,Very High
13563,0,0,0.31163865,Medium
13564,1,0,0.49678922,High
13565,0,1,0.8488019,Very High
13566,0,0,0.24920484,Medium
13567,0,0,0.4948298,High
13568,0,0,0.11506861,Low
13569,0,0,0.20786561,Medium
13570,0,1,0.85325575,Very High
13571,1,1,0.6237289,Very High
13572,0,0,0.27023017,Medium
13573,0,0,0.3087586,Medium
13574,0,0,0.30088347,Medium
13575,0,0,0.23814332,Medium
13576,1,1,0.9054861,Very High
13577,0,0,0.2983669,Medium
13578,1,1,0.5133036,High
13579,1,1,0.5031101,High
13580,0,0,0.19952188,Low
13581,0,0,0.34044245,Medium
13582,0,0,0.43496406,High
13583,0,0,0.2446272,Medium
13584,0,1,0.6341339,Very High
13585,0,1,0.6903798,Very High
13586,0,0,0.09604962,Low
13587,0,0,0.19745119,Low
13588,0,0,0.2842575,Medium
13589,0,0,0.2553865,Medium
13590,0,0,0.11510943,Low
13591,0,0,0.33865044,Medium
13592,0,0,0.27501658,Medium
13593,0,0,0.19314322,Low
13594,0,0,0.26707095,Medium
13595,0,0,0.4121006,High
13596,0,0,0.30297536,Medium
13597,0,0,0.34314373,Medium
13598,1,1,0.5298333,High
13599,0,1,0.61606956,Very High
13600,0,0,0.32249695,Medium
13601,0,0,0.2538949,Medium
13602,0,0,0.26123905,Medium
13603,0,0,0.2619425,Medium
13604,1,0,0.34928614,Medium
13605,1,1,0.832277,Very High
13606,1,1,0.8873614,Very High
13607,0,0,0.33388716,Medium
13608,0,0,0.09864823,Low
13609,0,0,0.08523568,Low
13610,0,0,0.1654937,Low
13611,0,0,0.09802764,Low
13612,0,0,0.14228658,Low
13613,0,0,0.35794863,Medium
13614,1,0,0.21456203,Medium
13615,0,0,0.1294096,Low
13616,0,0,0.37808076,Medium
13617,0,0,0.29771742,Medium
13618,0,0,0.33037442,Medium
13619,0,0,0.28892606,Medium
13620,1,0,0.44077557,High
13621,0,0,0.31561917,Medium
13622,0,0,0.119334795,Low
13623,0,0,0.35968134,Medium
13624,1,1,0.7837228,Very High
13625,0,0,0.23468986,Medium
13626,0,0,0.14149728,Low
13627,0,0,0.39066342,Medium
13628,0,1,0.68825924,Very High
13629,0,0,0.35626766,Medium
13630,0,0,0.32192522,Medium
13631,0,0,0.16125901,Low
13632,0,0,0.3128042,Medium
13633,0,0,0.13341302,Low
13634,0,0,0.44552484,High
13635,1,0,0.29565978,Medium
13636,1,1,0.80707437,Very High
13637,1,0,0.42021343,High
13638,0,0,0.47271577,High
13639,0,0,0.18636519,Low
13640,1,1,0.86180943,Very High
13641,1,1,0.8323133,Very High
13642,0,0,0.3784461,Medium
13643,0,0,0.09454991,Low
13644,0,0,0.19917914,Low
13645,0,0,0.34527192,Medium
13646,0,0,0.11655732,Low
13647,0,0,0.16583826,Low
13648,1,1,0.5297095,High
13649,0,0,0.23747808,Medium
13650,0,0,0.084946916,Low
13651,0,1,0.5320848,High
13652,0,0,0.3369646,Medium
13653,0,0,0.107959844,Low
13654,0,1,0.8471859,Very High
13655,0,0,0.31736034,Medium
13656,1,1,0.87787664,Very High
13657,0,0,0.3765228,Medium
13658,0,0,0.2043952,Medium
13659,0,0,0.14484425,Low
13660,0,0,0.11195879,Low
13661,0,0,0.22624639,Medium
13662,0,0,0.07578414,Low
13663,0,0,0.18056661,Low
13664,1,0,0.27269322,Medium
13665,0,0,0.40731087,High
13666,0,0,0.39708516,Medium
13667,0,0,0.18205206,Low
13668,0,0,0.25995046,Medium
13669,0,0,0.29818678,Medium
13670,0,0,0.070848905,Low
13671,0,0,0.3907345,Medium
13672,0,0,0.2202719,Medium
13673,0,1,0.51398206,High
13674,1,0,0.3161437,Medium
13675,1,1,0.80532444,Very High
13676,0,0,0.24426332,Medium
13677,0,1,0.7950371,Very High
13678,0,0,0.3236054,Medium
13679,0,0,0.39177698,Medium
13680,1,1,0.61324006,Very High
13681,0,1,0.86581635,Very High
13682,0,0,0.22169583,Medium
13683,0,0,0.07954205,Low
13684,0,0,0.10182152,Low
13685,0,0,0.43846476,High
13686,0,0,0.28742337,Medium
13687,0,0,0.24332562,Medium
13688,0,0,0.18979588,Low
13689,0,0,0.20659198,Medium
13690,1,1,0.84300196,Very High
13691,0,0,0.31357625,Medium
13692,0,0,0.047502622,Low
13693,0,0,0.35769075,Medium
13694,0,0,0.29925665,Medium
13695,0,0,0.15159214,Low
13696,0,1,0.7656692,Very High
13697,0,1,0.8965067,Very High
13698,0,0,0.23831514,Medium
13699,0,0,0.11361426,Low
13700,0,0,0.2681855,Medium
13701,0,0,0.40867302,High
13702,0,0,0.11704924,Low
13703,0,0,0.32154047,Medium
13704,0,0,0.29027742,Medium
13705,0,0,0.058605824,Low
13706,0,0,0.33713806,Medium
13707,0,0,0.29419854,Medium
13708,0,0,0.15035592,Low
13709,0,0,0.16727942,Low
13710,0,0,0.21736673,Medium
13711,0,0,0.18281475,Low
13712,1,1,0.93398273,Very High
13713,1,1,0.77276355,Very High
13714,1,1,0.50477165,High
13715,0,1,0.67268187,Very High
13716,0,0,0.26113674,Medium
13717,0,1,0.6072036,Very High
13718,1,1,0.8737359,Very High
13719,0,1,0.58427584,High
13720,0,1,0.8636722,Very High
13721,1,0,0.4018967,High
13722,0,0,0.2929862,Medium
13723,0,0,0.43834352,High
13724,0,0,0.36744237,Medium
13725,0,0,0.25479478,Medium
13726,0,0,0.33086127,Medium
13727,0,0,0.31427103,Medium
13728,0,0,0.27904525,Medium
13729,0,0,0.19939427,Low
13730,0,0,0.28137386,Medium
13731,1,1,0.70893246,Very High
13732,0,0,0.2718203,Medium
13733,0,0,0.29110557,Medium
13734,0,0,0.17600176,Low
13735,0,0,0.23313543,Medium
13736,1,0,0.39777958,Medium
13737,0,1,0.8570549,Very High
13738,0,0,0.21444234,Medium
13739,0,1,0.875768,Very High
13740,1,1,0.9228483,Very High
13741,0,0,0.22110362,Medium
13742,1,0,0.27442384,Medium
13743,0,0,0.20415857,Medium
13744,1,1,0.9199148,Very High
13745,1,1,0.7479139,Very High
13746,0,1,0.5914793,High
13747,0,0,0.28680325,Medium
13748,0,0,0.2864337,Medium
13749,0,0,0.18001491,Low
13750,0,0,0.3493025,Medium
13751,0,0,0.17486085,Low
13752,0,0,0.2995653,Medium
13753,0,0,0.096925475,Low
13754,1,0,0.25193757,Medium
13755,0,0,0.3936532,Medium
13756,0,0,0.08697376,Low
13757,0,0,0.32413647,Medium
13758,1,0,0.45074052,High
13759,0,0,0.15634629,Low
13760,0,1,0.67134416,Very High
13761,0,0,0.1707361,Low
13762,0,0,0.25470534,Medium
13763,0,0,0.10435269,Low
13764,0,0,0.07988119,Low
13765,1,0,0.28290942,Medium
13766,0,0,0.21415965,Medium
13767,0,0,0.2419819,Medium
13768,0,0,0.30290815,Medium
13769,0,0,0.121359564,Low
13770,0,0,0.37829995,Medium
13771,0,0,0.28353783,Medium
13772,1,0,0.39397275,Medium
13773,1,1,0.79932994,Very High
13774,0,0,0.26983956,Medium
13775,0,0,0.36328313,Medium
13776,0,0,0.3010059,Medium
13777,1,1,0.56925166,High
13778,0,0,0.31175515,Medium
13779,1,1,0.88173765,Very High
13780,0,0,0.2003746,Medium
13781,1,1,0.7237309,Very High
13782,0,0,0.27201608,Medium
13783,1,1,0.86752605,Very High
13784,1,1,0.8209823,Very High
13785,0,0,0.21589069,Medium
13786,1,1,0.87985194,Very High
13787,0,0,0.15207537,Low
13788,0,0,0.3660464,Medium
13789,0,0,0.14761944,Low
13790,0,1,0.52490085,High
13791,0,0,0.20283677,Medium
13792,0,1,0.75621396,Very High
13793,0,0,0.35600752,Medium
13794,0,0,0.1458891,Low
13795,0,0,0.2366853,Medium
13796,0,0,0.24511248,Medium
13797,1,0,0.2271624,Medium
13798,0,1,0.7255488,Very High
13799,0,0,0.37123123,Medium
13800,0,1,0.57812524,High
13801,0,1,0.7521331,Very High
13802,0,1,0.5939609,High
13803,1,1,0.58874637,High
13804,1,1,0.85695595,Very High
13805,0,0,0.08382586,Low
13806,0,0,0.14072245,Low
13807,1,1,0.8503828,Very High
13808,0,1,0.6530048,Very High
13809,0,0,0.31721732,Medium
13810,0,1,0.5290862,High
13811,0,1,0.9311726,Very High
13812,0,0,0.3634861,Medium
13813,0,0,0.26931655,Medium
13814,0,0,0.46117353,High
13815,0,0,0.39646074,Medium
13816,0,0,0.26914677,Medium
13817,0,0,0.43553355,High
13818,0,0,0.18546672,Low
13819,0,0,0.11477784,Low
13820,1,0,0.45022672,High
13821,0,0,0.22634915,Medium
13822,0,0,0.29637757,Medium
13823,1,0,0.21964715,Medium
13824,0,0,0.34237236,Medium
13825,1,1,0.8443018,Very High
13826,0,0,0.3223481,Medium
13827,0,0,0.3041743,Medium
13828,0,0,0.19225182,Low
13829,0,0,0.16997148,Low
13830,1,1,0.5555797,High
13831,0,0,0.12450552,Low
13832,0,0,0.09965589,Low
13833,0,0,0.26111707,Medium
13834,0,0,0.3585151,Medium
13835,0,0,0.27401266,Medium
13836,0,0,0.21827178,Medium
13837,0,0,0.3404179,Medium
13838,0,0,0.12776673,Low
13839,1,0,0.47203544,High
13840,1,0,0.4727762,High
13841,1,1,0.62998575,Very High
13842,0,0,0.26260304,Medium
13843,1,1,0.84455264,Very High
13844,0,0,0.31432095,Medium
13845,0,1,0.5636584,High
13846,0,0,0.36596283,Medium
13847,0,0,0.29312545,Medium
13848,0,1,0.85638875,Very High
13849,0,1,0.5913918,High
13850,0,0,0.43225777,High
13851,0,0,0.13378896,Low
13852,1,1,0.57529736,High
13853,0,0,0.16418645,Low
13854,0,0,0.119195685,Low
13855,1,1,0.5951125,High
13856,0,0,0.2085977,Medium
13857,1,0,0.4644252,High
13858,0,1,0.69808537,Very High
13859,0,0,0.31724748,Medium
13860,0,0,0.25651506,Medium
13861,0,0,0.35501277,Medium
13862,1,0,0.1277383,Low
13863,0,0,0.31103235,Medium
13864,0,0,0.12512809,Low
13865,1,1,0.9046139,Very High
13866,0,0,0.12951753,Low
13867,0,0,0.4443142,High
13868,0,0,0.29079235,Medium
13869,0,0,0.35455552,Medium
13870,0,0,0.25378418,Medium
13871,0,0,0.112057015,Low
13872,0,0,0.20166317,Medium
13873,0,1,0.8054708,Very High
13874,0,0,0.0816911,Low
13875,0,0,0.14615294,Low
13876,1,0,0.34457156,Medium
13877,0,1,0.71976775,Very High
13878,0,0,0.3286914,Medium
13879,1,1,0.5835679,High
13880,0,0,0.20016034,Medium
13881,1,0,0.21323968,Medium
13882,1,1,0.574759,High
13883,0,0,0.24750927,Medium
13884,1,1,0.54955685,High
13885,1,1,0.5961941,High
13886,0,0,0.28062502,Medium
13887,0,0,0.19460481,Low
13888,0,0,0.10953432,Low
13889,0,0,0.08141728,Low
13890,0,0,0.2795566,Medium
13891,0,0,0.26185858,Medium
13892,0,0,0.23943439,Medium
13893,1,1,0.84295666,Very High
13894,0,0,0.17656353,Low
13895,0,0,0.09809713,Low
13896,1,1,0.7360582,Very High
13897,1,1,0.7140391,Very High
13898,0,1,0.7584497,Very High
13899,0,0,0.26880774,Medium
13900,0,0,0.26893908,Medium
13901,0,0,0.31338167,Medium
13902,0,1,0.5249629,High
13903,1,0,0.3437549,Medium
13904,0,1,0.668971,Very High
13905,1,1,0.86429965,Very High
13906,0,0,0.21373038,Medium
13907,0,0,0.3872015,Medium
13908,0,0,0.41776377,High
13909,0,1,0.8222863,Very High
13910,0,0,0.113478936,Low
13911,1,0,0.26999125,Medium
13912,0,0,0.088190176,Low
13913,0,1,0.56525,High
13914,0,0,0.20245355,Medium
13915,0,1,0.5052864,High
13916,0,0,0.37976962,Medium
13917,1,0,0.17434703,Low
13918,0,0,0.08391032,Low
13919,0,0,0.21113107,Medium
13920,0,0,0.21367024,Medium
13921,0,0,0.15136403,Low
13922,0,0,0.4638846,High
13923,1,0,0.4620173,High
13924,0,0,0.09910787,Low
13925,0,0,0.13538657,Low
13926,1,0,0.4058593,High
13927,0,0,0.30012628,Medium
13928,0,0,0.24129216,Medium
13929,0,0,0.3241799,Medium
13930,0,0,0.078911036,Low
13931,0,0,0.34607854,Medium
13932,0,0,0.30464247,Medium
13933,0,1,0.7750577,Very High
13934,0,0,0.09573015,Low
13935,0,0,0.25564185,Medium
13936,0,1,0.7762946,Very High
13937,0,0,0.13161981,Low
13938,0,1,0.79308236,Very High
13939,0,0,0.31278667,Medium
13940,0,0,0.40002307,High
13941,0,0,0.13492532,Low
13942,1,0,0.37369013,Medium
13943,0,0,0.24159162,Medium
13944,1,1,0.53237087,High
13945,0,1,0.8705399,Very High
13946,0,1,0.5599754,High
13947,0,0,0.4839064,High
13948,0,0,0.464405,High
13949,1,0,0.35675648,Medium
13950,0,1,0.69808894,Very High
13951,0,0,0.27940857,Medium
13952,1,1,0.64146125,Very High
13953,0,0,0.37048927,Medium
13954,0,0,0.05265618,Low
13955,0,0,0.36231223,Medium
13956,0,0,0.21724613,Medium
13957,1,1,0.61016154,Very High
13958,0,1,0.7809156,Very High
13959,0,0,0.13470025,Low
13960,0,0,0.1973841,Low
13961,0,1,0.7891958,Very High
13962,0,0,0.13191645,Low
13963,1,1,0.8350229,Very High
13964,0,0,0.4180725,High
13965,0,0,0.35094795,Medium
13966,0,0,0.19874221,Low
13967,1,1,0.93151766,Very High
13968,0,1,0.5766966,High
13969,1,1,0.7776629,Very High
13970,0,0,0.19422926,Low
13971,0,0,0.4277805,High
13972,0,0,0.19077557,Low
13973,1,0,0.39025718,Medium
13974,0,1,0.69239515,Very High
13975,0,1,0.5011872,High
13976,0,0,0.2904293,Medium
13977,0,0,0.2099749,Medium
13978,0,0,0.19330382,Low
13979,0,0,0.10211539,Low
13980,1,0,0.34623194,Medium
13981,0,0,0.34732386,Medium
13982,0,0,0.292116,Medium
13983,0,0,0.26678458,Medium
13984,0,0,0.10822772,Low
13985,0,0,0.27517042,Medium
13986,0,0,0.42472365,High
13987,0,0,0.14541508,Low
13988,0,1,0.8104856,Very High
13989,0,0,0.32577062,Medium
13990,0,0,0.08329238,Low
13991,0,0,0.28004333,Medium
13992,1,1,0.8642033,Very High
13993,1,1,0.6743848,Very High
13994,0,0,0.18711303,Low
13995,1,1,0.7173791,Very High
13996,0,0,0.26645193,Medium
13997,0,0,0.09057212,Low
13998,1,1,0.6985245,Very High
13999,0,0,0.15851994,Low
14000,0,0,0.2722041,Medium
14001,0,0,0.37757432,Medium
14002,0,0,0.42178565,High
14003,0,0,0.16235234,Low
14004,0,0,0.376674,Medium
14005,0,0,0.32646775,Medium
14006,0,0,0.23938107,Medium
14007,0,0,0.39505994,Medium
14008,1,0,0.3173369,Medium
14009,0,0,0.27436236,Medium
14010,0,0,0.2926631,Medium
14011,0,0,0.390927,Medium
14012,0,0,0.42228526,High
14013,0,0,0.28724945,Medium
14014,1,0,0.17271225,Low
14015,0,0,0.1520608,Low
14016,0,0,0.1724657,Low
14017,0,1,0.5289559,High
14018,1,1,0.91221035,Very High
14019,0,0,0.37218395,Medium
14020,0,0,0.06906941,Low
14021,1,0,0.21023726,Medium
14022,0,0,0.27375472,Medium
14023,0,1,0.8445055,Very High
14024,0,0,0.2797491,Medium
14025,0,1,0.5620291,High
14026,1,1,0.61527085,Very High
14027,0,0,0.105481416,Low
14028,0,1,0.6104116,Very High
14029,0,0,0.22209097,Medium
14030,0,1,0.5446374,High
14031,1,0,0.44529268,High
14032,0,0,0.37537926,Medium
14033,0,0,0.31283474,Medium
14034,0,0,0.3419361,Medium
14035,1,0,0.4263782,High
14036,0,0,0.16817257,Low
14037,1,1,0.7780655,Very High
14038,0,0,0.14122304,Low
14039,0,0,0.2694071,Medium
14040,0,1,0.50978804,High
14041,0,0,0.1454906,Low
14042,0,0,0.33980528,Medium
14043,1,0,0.24831764,Medium
14044,0,0,0.19653477,Low
14045,1,1,0.66756684,Very High
14046,0,1,0.56383705,High
14047,0,0,0.26132327,Medium
14048,0,0,0.22268265,Medium
14049,0,1,0.5567282,High
14050,1,0,0.45068458,High
14051,0,0,0.25235182,Medium
14052,0,0,0.19362487,Low
14053,0,0,0.46201935,High
14054,0,0,0.27815893,Medium
14055,0,0,0.36808187,Medium
14056,0,0,0.32301536,Medium
14057,0,0,0.09649488,Low
14058,0,0,0.16585925,Low
14059,0,0,0.36648065,Medium
14060,0,0,0.11073322,Low
14061,0,0,0.33982906,Medium
14062,0,0,0.092793316,Low
14063,1,1,0.88751256,Very High
14064,1,0,0.29776186,Medium
14065,1,0,0.27094188,Medium
14066,0,0,0.23936957,Medium
14067,0,1,0.6306196,Very High
14068,0,0,0.3106568,Medium
14069,0,0,0.21010171,Medium
14070,0,0,0.32125804,Medium
14071,0,0,0.20109545,Medium
14072,1,1,0.8072465,Very High
14073,1,0,0.1793333,Low
14074,0,0,0.32724488,Medium
14075,1,1,0.6334219,Very High
14076,0,0,0.24569045,Medium
14077,0,0,0.16568027,Low
14078,0,0,0.20895539,Medium
14079,0,0,0.14287917,Low
14080,0,0,0.34363204,Medium
14081,0,1,0.6416575,Very High
14082,1,1,0.8950827,Very High
14083,0,0,0.41514093,High
14084,1,0,0.17016844,Low
14085,1,1,0.8884824,Very High
14086,0,1,0.5327509,High
14087,0,1,0.6703866,Very High
14088,0,0,0.29827586,Medium
14089,0,0,0.37086043,Medium
14090,0,0,0.15400381,Low
14091,0,0,0.25653547,Medium
14092,0,1,0.5084462,High
14093,0,0,0.24858263,Medium
14094,0,0,0.09522029,Low
14095,0,1,0.6870673,Very High
14096,0,0,0.2816005,Medium
14097,1,1,0.85531396,Very High
14098,0,0,0.44344836,High
14099,1,1,0.8528927,Very High
14100,0,0,0.1790049,Low
14101,0,0,0.20376551,Medium
14102,0,0,0.38897878,Medium
14103,0,0,0.1155139,Low
14104,0,0,0.15755193,Low
14105,0,0,0.43235183,High
14106,0,0,0.2749672,Medium
14107,0,0,0.3392614,Medium
14108,0,0,0.16128491,Low
14109,0,0,0.4418157,High
14110,0,0,0.28035715,Medium
14111,0,1,0.5004417,High
14112,0,0,0.23701523,Medium
14113,0,0,0.13373877,Low
14114,1,1,0.8400027,Very High
14115,0,0,0.30440402,Medium
14116,1,0,0.4805981,High
14117,0,0,0.1658,Low
14118,0,1,0.53759485,High
14119,0,0,0.12761135,Low
14120,0,0,0.26309025,Medium
14121,0,0,0.18679118,Low
14122,0,0,0.34572992,Medium
14123,0,0,0.310432,Medium
14124,0,0,0.13858207,Low
14125,0,0,0.25609708,Medium
14126,0,0,0.10337056,Low
14127,0,0,0.07545502,Low
14128,1,0,0.2958196,Medium
14129,0,1,0.55902547,High
14130,0,0,0.20547377,Medium
14131,0,0,0.15597904,Low
14132,0,0,0.28092322,Medium
14133,1,1,0.8598307,Very High
14134,0,0,0.09812874,Low
14135,0,0,0.18423355,Low
14136,0,0,0.062775865,Low
14137,0,0,0.26688766,Medium
14138,0,0,0.09513247,Low
14139,0,0,0.39765197,Medium
14140,1,1,0.7908875,Very High
14141,0,0,0.43379167,High
14142,1,1,0.51222104,High
14143,0,0,0.28851798,Medium
14144,1,1,0.7916312,Very High
14145,1,1,0.73693705,Very High
14146,0,0,0.118901454,Low
14147,0,0,0.40153497,High
14148,0,0,0.22640218,Medium
14149,0,1,0.67190504,Very High
14150,0,0,0.09211348,Low
14151,1,1,0.60760033,Very High
14152,0,1,0.6909316,Very High
14153,0,0,0.11991079,Low
14154,0,0,0.36245614,Medium
14155,0,0,0.1145538,Low
14156,0,0,0.38284442,Medium
14157,0,0,0.1714006,Low
14158,0,0,0.37905478,Medium
14159,1,0,0.36899588,Medium
14160,1,0,0.14560413,Low
14161,1,0,0.3542647,Medium
14162,1,1,0.62642765,Very High
14163,0,1,0.55455655,High
14164,0,0,0.27574798,Medium
14165,0,0,0.114376515,Low
14166,0,0,0.223747,Medium
14167,0,0,0.4640571,High
14168,1,0,0.33482033,Medium
14169,0,0,0.3184829,Medium
14170,0,1,0.55220103,High
14171,0,0,0.13617462,Low
14172,1,0,0.32239783,Medium
14173,0,0,0.17213762,Low
14174,0,0,0.29140013,Medium
14175,1,1,0.8428688,Very High
14176,0,0,0.0755365,Low
14177,1,1,0.82079357,Very High
14178,0,0,0.32573223,Medium
14179,1,1,0.6110826,Very High
14180,1,0,0.43147057,High
14181,0,0,0.34017462,Medium
14182,1,0,0.33672258,Medium
14183,0,0,0.1922076,Low
14184,0,0,0.09891552,Low
14185,0,0,0.22137596,Medium
14186,0,0,0.17424242,Low
14187,1,0,0.46339163,High
14188,0,0,0.23742062,Medium
14189,0,0,0.3289948,Medium
14190,0,0,0.222236,Medium
14191,0,0,0.40692613,High
14192,1,1,0.7134016,Very High
14193,0,0,0.14517711,Low
14194,0,0,0.34592208,Medium
14195,1,1,0.5568868,High
14196,1,0,0.3324572,Medium
14197,0,0,0.14215718,Low
14198,0,0,0.24004117,Medium
14199,0,0,0.22197844,Medium
14200,0,0,0.13803257,Low
14201,0,1,0.5232009,High
14202,1,1,0.5455882,High
14203,0,0,0.1717075,Low
14204,1,0,0.20747505,Medium
14205,1,1,0.5383855,High
14206,0,0,0.22267786,Medium
14207,0,1,0.51358074,High
14208,0,0,0.29522368,Medium
14209,0,0,0.14936145,Low
14210,0,0,0.04712152,Low
14211,0,0,0.31730786,Medium
14212,1,0,0.27653876,Medium
14213,0,0,0.26443064,Medium
14214,0,0,0.2957016,Medium
14215,1,0,0.45114994,High
14216,0,0,0.3891488,Medium
14217,1,1,0.55884904,High
14218,0,0,0.11068942,Low
14219,0,0,0.24492435,Medium
14220,1,0,0.32109025,Medium
14221,1,1,0.9072883,Very High
14222,0,0,0.3916279,Medium
14223,0,1,0.50078017,High
14224,0,0,0.4119876,High
14225,0,0,0.14242448,Low
14226,1,1,0.86788094,Very High
14227,1,1,0.6703926,Very High
14228,0,0,0.16146612,Low
14229,0,0,0.35280684,Medium
14230,0,0,0.1726607,Low
14231,1,0,0.32977298,Medium
14232,0,0,0.3555916,Medium
14233,0,0,0.32133016,Medium
14234,0,1,0.58344984,High
14235,0,0,0.09643437,Low
14236,0,0,0.39310262,Medium
14237,0,0,0.07994853,Low
14238,1,0,0.33131388,Medium
14239,0,0,0.060219035,Low
14240,0,0,0.22213691,Medium
14241,0,0,0.11239046,Low
14242,0,0,0.26750487,Medium
14243,0,0,0.08531315,Low
14244,0,0,0.0823184,Low
14245,1,1,0.93619704,Very High
14246,0,0,0.15455809,Low
14247,0,0,0.38048658,Medium
14248,1,0,0.37749603,Medium
14249,0,0,0.18794754,Low
14250,0,0,0.16605794,Low
14251,0,0,0.10317801,Low
14252,1,1,0.8065467,Very High
14253,0,0,0.23417488,Medium
14254,0,0,0.31936705,Medium
14255,0,1,0.5692451,High
14256,0,0,0.11182417,Low
14257,0,0,0.15550499,Low
14258,0,0,0.2691078,Medium
14259,1,1,0.92248976,Very High
14260,0,0,0.39039442,Medium
14261,0,0,0.16859867,Low
14262,1,0,0.44647765,High
14263,0,0,0.40058696,High
14264,0,0,0.16971804,Low
14265,0,0,0.31278226,Medium
14266,0,0,0.14937152,Low
14267,0,0,0.1877489,Low
14268,0,0,0.375352,Medium
14269,0,1,0.53418666,High
14270,0,0,0.118284285,Low
14271,1,0,0.42829385,High
14272,0,0,0.12598129,Low
14273,1,0,0.49490663,High
14274,0,0,0.45541194,High
14275,0,0,0.27167252,Medium
14276,0,0,0.25374588,Medium
14277,1,0,0.4702966,High
14278,0,1,0.66042876,Very High
14279,1,1,0.68486917,Very High
14280,1,0,0.27661136,Medium
14281,1,1,0.8542613,Very High
14282,0,0,0.43431696,High
14283,0,0,0.2666188,Medium
14284,0,0,0.12549713,Low
14285,0,0,0.4009851,High
14286,0,0,0.07415668,Low
14287,0,0,0.20935488,Medium
14288,0,0,0.19266668,Low
14289,1,1,0.85447365,Very High
14290,0,0,0.113340564,Low
14291,0,0,0.31075093,Medium
14292,0,0,0.21239516,Medium
14293,1,0,0.381058,Medium
14294,1,1,0.58541244,High
14295,1,1,0.865535,Very High
14296,0,0,0.48789856,High
14297,0,0,0.325604,Medium
14298,0,0,0.4340936,High
14299,0,1,0.5841621,High
14300,0,0,0.4445889,High
14301,0,0,0.14849046,Low
14302,0,0,0.35274574,Medium
14303,0,0,0.2126306,Medium
14304,0,1,0.6527564,Very High
14305,0,0,0.3075678,Medium
14306,0,0,0.45461142,High
14307,0,0,0.13645598,Low
14308,0,0,0.08274912,Low
14309,0,0,0.21939343,Medium
14310,1,0,0.27915192,Medium
14311,0,0,0.15472469,Low
14312,1,0,0.43207052,High
14313,1,1,0.6804039,Very High
14314,1,0,0.30863145,Medium
14315,1,1,0.91479284,Very High
14316,0,0,0.4029442,High
14317,0,0,0.12325701,Low
14318,0,0,0.24440339,Medium
14319,0,0,0.15576698,Low
14320,0,0,0.18081635,Low
14321,0,1,0.5293381,High
14322,0,0,0.19398592,Low
14323,0,0,0.27341157,Medium
14324,0,0,0.20922633,Medium
14325,0,0,0.22304828,Medium
14326,0,0,0.1584128,Low
14327,0,0,0.18782924,Low
14328,0,1,0.7741322,Very High
14329,1,0,0.44057417,High
14330,0,1,0.7746466,Very High
14331,1,1,0.8731881,Very High
14332,0,0,0.08928826,Low
14333,0,0,0.094387375,Low
14334,1,1,0.74373436,Very High
14335,0,0,0.20953993,Medium
14336,0,0,0.16774897,Low
14337,0,0,0.09110887,Low
14338,0,0,0.1582628,Low
14339,0,0,0.15605907,Low
14340,1,0,0.4853231,High
14341,0,1,0.88988465,Very High
14342,0,0,0.34965813,Medium
14343,0,0,0.13794887,Low
14344,0,0,0.1444815,Low
14345,0,0,0.41096923,High
14346,1,1,0.7057968,Very High
14347,0,0,0.06668218,Low
14348,1,1,0.8326133,Very High
14349,0,0,0.19682664,Low
14350,1,1,0.58872205,High
14351,0,0,0.32779357,Medium
14352,1,1,0.6857133,Very High
14353,0,1,0.6205689,Very High
14354,0,0,0.3111582,Medium
14355,1,1,0.59639204,High
14356,0,1,0.6614918,Very High
14357,0,0,0.22406921,Medium
14358,0,0,0.16107959,Low
14359,0,0,0.109034166,Low
14360,0,0,0.11808703,Low
14361,0,0,0.40210667,High
14362,0,1,0.8854558,Very High
14363,1,0,0.35614687,Medium
14364,1,0,0.3982762,Medium
14365,0,0,0.32666454,Medium
14366,1,1,0.7990299,Very High
14367,1,1,0.51848865,High
14368,1,1,0.88863003,Very High
14369,0,0,0.3362909,Medium
14370,0,0,0.16421854,Low
14371,0,0,0.13688858,Low
14372,0,1,0.68025166,Very High
14373,0,0,0.45264333,High
14374,1,0,0.2629555,Medium
14375,0,1,0.51335293,High
14376,0,0,0.33533445,Medium
14377,0,1,0.9117298,Very High
14378,0,0,0.10828317,Low
14379,1,1,0.8591476,Very High
14380,0,0,0.13796155,Low
14381,0,0,0.25764555,Medium
14382,0,0,0.062165033,Low
14383,0,0,0.3624587,Medium
14384,0,0,0.3577408,Medium
14385,0,0,0.100785434,Low
14386,0,1,0.57001513,High
14387,0,0,0.20068394,Medium
14388,0,0,0.29746822,Medium
14389,0,0,0.31184086,Medium
14390,0,0,0.2058235,Medium
14391,0,0,0.12616993,Low
14392,0,0,0.14150064,Low
14393,1,1,0.8969942,Very High
14394,1,1,0.64770037,Very High
14395,0,0,0.09876563,Low
14396,0,0,0.12810755,Low
14397,0,0,0.18178435,Low
14398,1,1,0.87040937,Very High
14399,0,0,0.11505189,Low
14400,0,0,0.08758304,Low
14401,0,0,0.16509597,Low
14402,0,1,0.5655325,High
14403,1,0,0.3914916,Medium
14404,0,0,0.06836175,Low
14405,0,0,0.17432727,Low
14406,0,0,0.34240553,Medium
14407,0,0,0.36487964,Medium
14408,1,1,0.8383921,Very High
14409,0,0,0.23809077,Medium
14410,1,0,0.20922406,Medium
14411,1,1,0.78825563,Very High
14412,0,0,0.13787381,Low
14413,0,0,0.30569297,Medium
14414,0,0,0.44920492,High
14415,1,1,0.6781505,Very High
14416,0,0,0.15302344,Low
14417,0,1,0.5574268,High
14418,0,0,0.16461632,Low
14419,0,1,0.83653057,Very High
14420,1,1,0.62362856,Very High
14421,0,0,0.42447242,High
14422,0,0,0.33921847,Medium
14423,0,0,0.2589032,Medium
14424,0,0,0.3494825,Medium
14425,0,0,0.32848668,Medium
14426,0,0,0.22867262,Medium
14427,0,0,0.22990464,Medium
14428,0,0,0.48777556,High
14429,1,1,0.87102693,Very High
14430,0,0,0.19840157,Low
14431,0,0,0.42128497,High
14432,0,0,0.13045742,Low
14433,0,0,0.19638191,Low
14434,0,0,0.27865613,Medium
14435,1,1,0.6420554,Very High
14436,0,0,0.09306684,Low
14437,0,0,0.31210938,Medium
14438,1,0,0.2539108,Medium
14439,0,0,0.3073324,Medium
14440,1,1,0.8916072,Very High
14441,0,0,0.32286465,Medium
14442,0,0,0.3408656,Medium
14443,0,0,0.4363694,High
14444,0,0,0.21559455,Medium
14445,0,0,0.19675042,Low
14446,1,1,0.5673576,High
14447,1,1,0.86505723,Very High
14448,0,0,0.22566628,Medium
14449,0,0,0.09346386,Low
14450,0,0,0.10490478,Low
14451,0,0,0.3765817,Medium
14452,0,0,0.44155997,High
14453,1,0,0.4760411,High
14454,0,1,0.62448823,Very High
14455,1,0,0.19141558,Low
14456,0,0,0.15278657,Low
14457,0,0,0.1436322,Low
14458,1,0,0.4502388,High
14459,0,0,0.20443068,Medium
14460,0,0,0.22091925,Medium
14461,0,0,0.47345236,High
14462,0,0,0.3524158,Medium
14463,0,0,0.33428457,Medium
14464,0,0,0.19733772,Low
14465,0,0,0.10607333,Low
14466,0,1,0.80306876,Very High
14467,0,0,0.116375186,Low
14468,1,1,0.7524532,Very High
14469,0,0,0.3410327,Medium
14470,0,0,0.20968264,Medium
14471,1,1,0.89445883,Very High
14472,1,1,0.8803229,Very High
14473,0,0,0.27841073,Medium
14474,0,1,0.82694304,Very High
14475,0,0,0.23561695,Medium
14476,0,0,0.24494162,Medium
14477,0,0,0.2844982,Medium
14478,0,0,0.19383541,Low
14479,0,1,0.5643803,High
14480,0,1,0.6219806,Very High
14481,1,0,0.36489633,Medium
14482,0,0,0.28145155,Medium
14483,0,0,0.37260762,Medium
14484,1,1,0.60260385,Very High
14485,0,0,0.27318606,Medium
14486,0,1,0.6972877,Very High
14487,0,0,0.17220397,Low
14488,0,0,0.40935695,High
14489,0,0,0.13721465,Low
14490,0,1,0.66439503,Very High
14491,0,0,0.44104898,High
14492,0,0,0.26039976,Medium
14493,0,0,0.09556245,Low
14494,0,0,0.21336235,Medium
14495,0,0,0.24648684,Medium
14496,0,0,0.103654176,Low
14497,1,0,0.29729044,Medium
14498,0,0,0.115588754,Low
14499,0,0,0.2008536,Medium
14500,0,1,0.7319419,Very High
14501,1,1,0.524636,High
14502,0,0,0.41403228,High
14503,0,0,0.19272013,Low
14504,1,0,0.45838317,High
14505,0,0,0.15801784,Low
14506,0,1,0.87832534,Very High
14507,0,0,0.44440857,High
14508,0,0,0.127383,Low
14509,0,0,0.21754806,Medium
14510,0,1,0.64582866,Very High
14511,0,1,0.74406034,Very High
14512,0,0,0.11211374,Low
14513,0,0,0.48427367,High
14514,0,0,0.13374567,Low
14515,0,0,0.40610582,High
14516,0,0,0.048417125,Low
14517,0,0,0.2075032,Medium
14518,0,0,0.23033085,Medium
14519,1,1,0.8867038,Very High
14520,1,0,0.443463,High
14521,0,0,0.17315826,Low
14522,1,1,0.6276717,Very High
14523,0,0,0.42699993,High
14524,0,0,0.14982028,Low
14525,0,0,0.35898268,Medium
14526,0,0,0.1994217,Low
14527,0,0,0.28534153,Medium
14528,0,0,0.46506014,High
14529,0,0,0.14579281,Low
14530,0,0,0.36088887,Medium
14531,1,0,0.30576295,Medium
14532,0,0,0.24265955,Medium
14533,0,0,0.17317218,Low
14534,0,0,0.3446229,Medium
14535,1,0,0.37627998,Medium
14536,0,0,0.39722326,Medium
14537,0,0,0.21343443,Medium
14538,1,0,0.37489325,Medium
14539,0,0,0.29594997,Medium
14540,0,0,0.3814422,Medium
14541,0,0,0.15473218,Low
14542,1,1,0.81999564,Very High
14543,1,1,0.90533376,Very High
14544,0,0,0.25099713,Medium
14545,1,0,0.4126618,High
14546,0,0,0.32886425,Medium
14547,1,1,0.74614906,Very High
14548,0,0,0.31656048,Medium
14549,0,0,0.3313187,Medium
14550,1,0,0.35979545,Medium
14551,0,0,0.30407026,Medium
14552,0,1,0.8512835,Very High
14553,0,0,0.4914224,High
14554,1,0,0.38198072,Medium
14555,0,0,0.16969742,Low
14556,0,0,0.21509811,Medium
14557,0,0,0.27370474,Medium
14558,0,1,0.50694764,High
14559,0,0,0.18328361,Low
14560,0,0,0.17301282,Low
14561,1,0,0.26833206,Medium
14562,0,0,0.41087082,High
14563,1,1,0.8133764,Very High
14564,1,1,0.5659427,High
14565,0,0,0.24335903,Medium
14566,0,0,0.102589376,Low
14567,1,1,0.8725946,Very High
14568,0,0,0.11806529,Low
14569,1,0,0.45941705,High
14570,1,1,0.8800178,Very High
14571,0,0,0.05001116,Low
14572,0,0,0.4799804,High
14573,1,0,0.32203662,Medium
14574,0,0,0.21432409,Medium
14575,0,0,0.4764682,High
14576,0,0,0.3451463,Medium
14577,0,1,0.60903805,Very High
14578,0,0,0.14573383,Low
14579,0,0,0.3393275,Medium
14580,0,0,0.2068775,Medium
14581,0,0,0.1396607,Low
14582,1,1,0.89954686,Very High
14583,0,0,0.14359185,Low
14584,1,1,0.83025324,Very High
14585,0,0,0.23628466,Medium
14586,1,1,0.57348657,High
14587,1,1,0.56930137,High
14588,0,1,0.8268218,Very High
14589,0,1,0.89750665,Very High
14590,0,0,0.26504734,Medium
14591,0,0,0.2746019,Medium
14592,0,0,0.20642345,Medium
14593,0,0,0.21492763,Medium
14594,0,0,0.46419817,High
14595,0,0,0.32414007,Medium
14596,0,0,0.45812276,High
14597,0,0,0.4218592,High
14598,0,0,0.16918741,Low
14599,1,1,0.7817454,Very High
14600,0,0,0.26969615,Medium
14601,0,1,0.6376024,Very High
14602,0,0,0.32217,Medium
14603,0,0,0.3135068,Medium
14604,0,0,0.25624177,Medium
14605,0,0,0.22382511,Medium
14606,0,0,0.36871687,Medium
14607,0,0,0.11714262,Low
14608,0,0,0.2395578,Medium
14609,0,0,0.13196006,Low
14610,1,0,0.29141104,Medium
14611,0,0,0.22959873,Medium
14612,0,0,0.15666571,Low
14613,0,0,0.31884712,Medium
14614,0,0,0.116165936,Low
14615,1,1,0.81298023,Very High
14616,0,0,0.19148472,Low
14617,0,0,0.35157597,Medium
14618,0,0,0.0976114,Low
14619,0,0,0.21498218,Medium
14620,0,1,0.6615405,Very High
14621,0,0,0.10959335,Low
14622,0,0,0.055585712,Low
14623,0,0,0.11381643,Low
14624,1,1,0.7108111,Very High
14625,0,0,0.2342961,Medium
14626,0,0,0.42753676,High
14627,0,0,0.44203883,High
14628,0,0,0.24574265,Medium
14629,1,0,0.24794711,Medium
14630,0,0,0.12524565,Low
14631,1,1,0.8718512,Very High
14632,0,0,0.051997945,Low
14633,0,0,0.33317205,Medium
14634,0,1,0.66796,Very High
14635,0,0,0.095276795,Low
14636,0,0,0.25203878,Medium
14637,0,0,0.19077428,Low
14638,1,1,0.8670466,Very High
14639,0,1,0.611052,Very High
14640,0,0,0.2469641,Medium
14641,0,0,0.421168,High
14642,0,0,0.4661966,High
14643,0,1,0.6447254,Very High
14644,0,0,0.4450183,High
14645,0,1,0.58975494,High
14646,0,0,0.40171486,High
14647,0,1,0.8511829,Very High
14648,0,0,0.18786152,Low
14649,0,0,0.17150834,Low
14650,1,1,0.8528228,Very High
14651,0,1,0.6941361,Very High
14652,0,0,0.20509624,Medium
14653,1,1,0.9102491,Very High
14654,0,0,0.15048252,Low
14655,0,0,0.40742236,High
14656,0,1,0.6764912,Very High
14657,0,0,0.2500224,Medium
14658,0,0,0.41502032,High
14659,0,0,0.3939205,Medium
14660,0,0,0.31167075,Medium
14661,0,0,0.35387084,Medium
14662,0,0,0.21257946,Medium
14663,0,0,0.06627616,Low
14664,0,0,0.18004587,Low
14665,0,0,0.29094654,Medium
14666,1,0,0.31502432,Medium
14667,0,0,0.06841057,Low
14668,0,0,0.23575976,Medium
14669,0,0,0.28090608,Medium
14670,0,0,0.2085772,Medium
14671,0,0,0.08186725,Low
14672,1,1,0.54366744,High
14673,0,0,0.17258894,Low
14674,0,0,0.3371351,Medium
14675,0,0,0.38391757,Medium
14676,0,0,0.14419472,Low
14677,0,0,0.1873803,Low
14678,0,0,0.20275903,Medium
14679,0,0,0.21552628,Medium
14680,0,0,0.17466088,Low
14681,0,0,0.31640583,Medium
14682,0,0,0.07767367,Low
14683,0,1,0.6651319,Very High
14684,0,0,0.14147446,Low
14685,0,0,0.3656847,Medium
14686,0,0,0.22221597,Medium
14687,0,0,0.3208018,Medium
14688,0,0,0.33255672,Medium
14689,0,0,0.21987349,Medium
14690,0,0,0.15575315,Low
14691,1,0,0.34920144,Medium
14692,1,1,0.91609,Very High
14693,1,1,0.7048208,Very High
14694,0,0,0.28140253,Medium
14695,1,0,0.1288714,Low
14696,1,1,0.70693094,Very High
14697,0,0,0.2276808,Medium
14698,1,1,0.86386603,Very High
14699,0,0,0.21778369,Medium
14700,0,0,0.34553105,Medium
14701,0,0,0.15305063,Low
14702,0,0,0.1441753,Low
14703,0,0,0.39370397,Medium
14704,0,0,0.26408246,Medium
14705,0,0,0.20129062,Medium
14706,1,0,0.4288203,High
14707,1,1,0.9076098,Very High
14708,1,1,0.7076212,Very High
14709,0,1,0.9078335,Very High
14710,0,0,0.083872415,Low
14711,0,0,0.26764852,Medium
14712,0,1,0.6565628,Very High
14713,0,0,0.17515868,Low
14714,0,0,0.16234149,Low
14715,0,0,0.28011882,Medium
14716,0,0,0.2933103,Medium
14717,0,0,0.19709955,Low
14718,0,1,0.848628,Very High
14719,0,1,0.6607353,Very High
14720,0,0,0.09222243,Low
14721,1,0,0.33397755,Medium
14722,0,0,0.0575203,Low
14723,1,1,0.8971479,Very High
14724,0,0,0.1506008,Low
14725,0,0,0.28345522,Medium
14726,0,0,0.32125515,Medium
14727,0,0,0.2945642,Medium
14728,1,0,0.3179926,Medium
14729,1,1,0.71784425,Very High
14730,0,0,0.19098105,Low
14731,0,0,0.24446805,Medium
14732,0,0,0.15030248,Low
14733,0,0,0.2871627,Medium
14734,1,1,0.8479374,Very High
14735,0,0,0.38659632,Medium
14736,0,0,0.13164791,Low
14737,0,0,0.19379011,Low
14738,0,0,0.07780152,Low
14739,0,0,0.19897664,Low
14740,0,0,0.11156967,Low
14741,0,0,0.49029848,High
14742,1,0,0.40694973,High
14743,0,0,0.21016939,Medium
14744,0,0,0.0732897,Low
14745,0,0,0.12863064,Low
14746,0,0,0.33135137,Medium
14747,1,0,0.47686547,High
14748,0,0,0.28870142,Medium
14749,0,0,0.25602886,Medium
14750,0,0,0.25487328,Medium
14751,0,0,0.29418612,Medium
14752,0,1,0.80264515,Very High
14753,0,0,0.08443342,Low
14754,0,0,0.40272716,High
14755,0,0,0.1062618,Low
14756,1,0,0.2517522,Medium
14757,0,0,0.24282901,Medium
14758,0,1,0.81937075,Very High
14759,0,0,0.13083985,Low
14760,0,0,0.3738284,Medium
14761,1,1,0.8750262,Very High
14762,0,0,0.41815916,High
14763,0,0,0.17105909,Low
14764,1,1,0.8429136,Very High
14765,0,0,0.18166406,Low
14766,0,0,0.100782394,Low
14767,1,0,0.31651792,Medium
14768,0,0,0.17039339,Low
14769,0,0,0.20531815,Medium
14770,0,0,0.27522394,Medium
14771,1,0,0.35010043,Medium
14772,0,0,0.45166492,High
14773,0,0,0.33357987,Medium
14774,0,0,0.23699276,Medium
14775,0,0,0.0860792,Low
14776,0,1,0.58266836,High
14777,0,0,0.14308375,Low
14778,0,0,0.16659263,Low
14779,1,1,0.75725883,Very High
14780,1,0,0.337656,Medium
14781,0,0,0.33480707,Medium
14782,0,0,0.119392425,Low
14783,0,0,0.46665573,High
14784,1,0,0.11500581,Low
14785,0,0,0.24701524,Medium
14786,1,0,0.43036962,High
14787,1,0,0.28210402,Medium
14788,0,0,0.09422288,Low
14789,0,1,0.62237096,Very High
14790,0,0,0.3358391,Medium
14791,0,0,0.47811466,High
14792,1,1,0.7932063,Very High
14793,0,0,0.35592148,Medium
14794,1,1,0.90674686,Very High
14795,0,0,0.09925875,Low
14796,0,1,0.58112556,High
14797,1,1,0.8875405,Very High
14798,0,0,0.12008344,Low
14799,0,0,0.3757584,Medium
14800,0,0,0.31818432,Medium
14801,1,0,0.38390392,Medium
14802,0,0,0.49015495,High
14803,0,1,0.5214132,High
14804,0,0,0.40576085,High
14805,1,0,0.34403032,Medium
14806,0,1,0.8984665,Very High
14807,0,0,0.26083505,Medium
14808,0,1,0.67816854,Very High
14809,1,0,0.42006797,High
14810,1,1,0.89616174,Very High
14811,0,0,0.49361396,High
14812,0,0,0.28566867,Medium
14813,1,0,0.4767775,High
14814,0,0,0.40342778,High
14815,0,0,0.17260288,Low
14816,0,0,0.13543552,Low
14817,0,0,0.25236702,Medium
14818,0,0,0.33184618,Medium
14819,0,0,0.24563965,Medium
14820,0,1,0.5040727,High
14821,1,1,0.82914114,Very High
14822,0,0,0.42024383,High
14823,1,0,0.3680087,Medium
14824,0,0,0.12758818,Low
14825,1,1,0.8285398,Very High
14826,1,0,0.39198378,Medium
14827,0,0,0.39262393,Medium
14828,0,0,0.117601246,Low
14829,0,0,0.05789032,Low
14830,0,0,0.22404115,Medium
14831,0,1,0.5031909,High
14832,0,0,0.19376165,Low
14833,1,1,0.83122,Very High
14834,1,1,0.82815015,Very High
14835,0,0,0.07364741,Low
14836,0,0,0.25283787,Medium
14837,1,0,0.22372495,Medium
14838,0,0,0.17188251,Low
14839,0,0,0.3725503,Medium
14840,0,0,0.27385086,Medium
14841,0,0,0.48949713,High
14842,0,0,0.21810108,Medium
14843,1,1,0.72384226,Very High
14844,1,0,0.4769847,High
14845,0,0,0.08644352,Low
14846,0,0,0.3111547,Medium
14847,1,1,0.6427922,Very High
14848,0,0,0.077245176,Low
14849,0,0,0.22682877,Medium
14850,0,0,0.23645633,Medium
14851,0,0,0.18486328,Low
14852,0,0,0.27474225,Medium
14853,0,0,0.21281826,Medium
14854,0,0,0.18004361,Low
14855,0,0,0.27495837,Medium
14856,0,0,0.3079622,Medium
14857,0,0,0.27782258,Medium
14858,0,0,0.4651764,High
14859,0,1,0.60532796,Very High
14860,0,0,0.20199807,Medium
14861,0,1,0.82158905,Very High
14862,1,1,0.9085361,Very High
14863,0,0,0.20636742,Medium
14864,0,0,0.1716662,Low
14865,1,1,0.55686736,High
14866,1,0,0.4305394,High
14867,0,0,0.14122324,Low
14868,1,0,0.4603124,High
14869,0,0,0.1513699,Low
14870,0,0,0.33918273,Medium
14871,0,0,0.31568277,Medium
14872,0,0,0.13179737,Low
14873,1,0,0.49039295,High
14874,1,1,0.64679646,Very High
14875,0,0,0.3202027,Medium
14876,0,0,0.28523618,Medium
14877,0,0,0.13467607,Low
14878,0,0,0.25827295,Medium
14879,0,0,0.33537498,Medium
14880,0,0,0.13082372,Low
14881,0,1,0.65953094,Very High
14882,0,1,0.5537866,High
14883,0,0,0.43463975,High
14884,1,1,0.8942558,Very High
14885,1,0,0.47836053,High
14886,0,0,0.3523525,Medium
14887,0,0,0.4210606,High
14888,1,0,0.39826566,Medium
14889,0,1,0.6165926,Very High
14890,0,0,0.17699288,Low
14891,0,0,0.23651771,Medium
14892,1,1,0.9175575,Very High
14893,0,0,0.2400806,Medium
14894,0,1,0.701556,Very High
14895,0,0,0.3168433,Medium
14896,0,0,0.16498269,Low
14897,0,0,0.31250638,Medium
14898,1,1,0.6030012,Very High
14899,0,1,0.5452737,High
14900,0,0,0.09961731,Low
14901,0,1,0.52501243,High
14902,0,0,0.35631853,Medium
14903,0,0,0.1339313,Low
14904,0,0,0.13327911,Low
14905,0,0,0.11774767,Low
14906,0,0,0.20836745,Medium
14907,0,1,0.57179356,High
14908,0,0,0.13059773,Low
14909,0,1,0.56538886,High
14910,0,0,0.33115682,Medium
14911,0,0,0.09505728,Low
14912,0,0,0.15124603,Low
14913,1,0,0.43518776,High
14914,1,0,0.15848652,Low
14915,1,1,0.7579574,Very High
14916,0,0,0.13878448,Low
14917,0,0,0.10940532,Low
14918,0,1,0.57827306,High
14919,1,0,0.17636296,Low
14920,0,0,0.09635402,Low
14921,1,0,0.23982526,Medium
14922,0,0,0.17892428,Low
14923,0,1,0.8805794,Very High
14924,0,0,0.45696115,High
14925,0,0,0.13843882,Low
14926,0,0,0.09924006,Low
14927,0,0,0.09247244,Low
14928,1,1,0.6072396,Very High
14929,0,0,0.17902784,Low
14930,0,1,0.54349536,High
14931,0,0,0.2071111,Medium
14932,0,0,0.26819837,Medium
14933,0,1,0.80466634,Very High
14934,0,0,0.08591839,Low
14935,0,0,0.16295353,Low
14936,0,0,0.20459397,Medium
14937,1,0,0.27534035,Medium
14938,0,1,0.7950407,Very High
14939,0,0,0.10625161,Low
14940,0,0,0.21917142,Medium
14941,0,0,0.2535001,Medium
14942,1,1,0.8289904,Very High
14943,0,0,0.38783965,Medium
14944,0,0,0.31571603,Medium
14945,0,0,0.2540194,Medium
14946,1,0,0.45111293,High
14947,0,0,0.32026708,Medium
14948,0,0,0.42299882,High
14949,0,0,0.1520654,Low
14950,0,0,0.37515008,Medium
14951,1,1,0.9391253,Very High
14952,0,1,0.6656079,Very High
14953,0,1,0.58156914,High
14954,0,0,0.21669458,Medium
14955,0,1,0.79841197,Very High
14956,0,0,0.2826808,Medium
14957,0,0,0.30827758,Medium
14958,0,0,0.27411982,Medium
14959,0,0,0.11845997,Low
14960,0,0,0.36273286,Medium
14961,0,0,0.12522371,Low
14962,0,0,0.46684423,High
14963,0,0,0.21294472,Medium
14964,0,0,0.2635012,Medium
14965,0,0,0.2547937,Medium
14966,0,0,0.34641585,Medium
14967,0,0,0.18166551,Low
14968,0,0,0.37350106,Medium
14969,0,0,0.4864685,High
14970,1,0,0.31096977,Medium
14971,0,0,0.12680481,Low
14972,1,1,0.6342529,Very High
14973,0,1,0.6491047,Very High
14974,1,1,0.9315631,Very High
14975,0,0,0.104798816,Low
14976,1,0,0.41120878,High
14977,1,1,0.88454825,Very High
14978,0,0,0.18434186,Low
14979,1,0,0.23269066,Medium
14980,1,1,0.8262576,Very High
14981,1,1,0.8906173,Very High
14982,1,0,0.27135974,Medium
14983,0,0,0.20001948,Medium
14984,0,0,0.09504848,Low
14985,0,0,0.32068306,Medium
14986,0,0,0.39647198,Medium
14987,0,1,0.59163254,High
14988,0,0,0.17050086,Low
14989,1,0,0.36022782,Medium
14990,0,0,0.25018495,Medium
14991,1,1,0.567692,High
14992,0,0,0.3745931,Medium
14993,0,0,0.47473258,High
14994,0,0,0.1652104,Low
14995,0,0,0.3016499,Medium
14996,0,1,0.5430424,High
14997,0,0,0.23896134,Medium
14998,0,0,0.18133426,Low
14999,0,0,0.25727716,Medium
15000,0,0,0.3119738,Medium
15001,1,0,0.19992547,Low
15002,0,0,0.21173066,Medium
15003,0,0,0.19942254,Low
15004,0,0,0.4020921,High
15005,0,0,0.085481115,Low
15006,0,1,0.5714623,High
15007,0,0,0.35031185,Medium
15008,0,0,0.121506885,Low
15009,1,1,0.78784657,Very High
15010,0,1,0.5817858,High
15011,0,0,0.18462881,Low
15012,0,1,0.6081456,Very High
15013,0,0,0.25193048,Medium
15014,0,1,0.721496,Very High
15015,0,0,0.2749827,Medium
15016,0,0,0.3329441,Medium
15017,0,1,0.6919998,Very High
15018,0,1,0.5730325,High
15019,0,1,0.56302476,High
15020,0,0,0.16683815,Low
15021,0,1,0.7181343,Very High
15022,0,0,0.11268231,Low
15023,0,0,0.3243236,Medium
15024,0,0,0.19639176,Low
15025,0,1,0.6111883,Very High
15026,0,0,0.28645763,Medium
15027,0,0,0.37407073,Medium
15028,0,0,0.1009837,Low
15029,0,0,0.16630936,Low
15030,0,0,0.25242656,Medium
15031,1,1,0.90651244,Very High
15032,0,0,0.25761625,Medium
15033,1,1,0.69832236,Very High
15034,1,1,0.91153985,Very High
15035,1,0,0.30793533,Medium
15036,1,1,0.52667445,High
15037,0,0,0.21436447,Medium
15038,0,0,0.4508083,High
15039,0,0,0.22942396,Medium
15040,0,0,0.21956302,Medium
15041,0,0,0.15707336,Low
15042,0,0,0.27725172,Medium
15043,0,1,0.5066539,High
15044,0,0,0.40455288,High
15045,0,0,0.08422649,Low
15046,0,0,0.40591416,High
15047,0,0,0.23291664,Medium
15048,0,0,0.3138691,Medium
15049,0,0,0.24037512,Medium
15050,0,0,0.31699857,Medium
15051,0,0,0.20316067,Medium
15052,0,0,0.13885637,Low
15053,1,0,0.49895814,High
15054,0,0,0.3268665,Medium
15055,1,0,0.13702989,Low
15056,1,0,0.36337298,Medium
15057,0,1,0.7086438,Very High
15058,0,0,0.34585223,Medium
15059,1,0,0.18594499,Low
15060,0,0,0.2847932,Medium
15061,1,1,0.84329665,Very High
15062,0,0,0.38189688,Medium
15063,1,1,0.87898624,Very High
15064,0,0,0.25654775,Medium
15065,0,0,0.18105182,Low
15066,0,0,0.047241192,Low
15067,0,0,0.2424002,Medium
15068,0,0,0.2669155,Medium
15069,0,0,0.15126446,Low
15070,0,0,0.2158602,Medium
15071,0,0,0.4678721,High
15072,1,1,0.6408666,Very High
15073,0,0,0.35876694,Medium
15074,0,0,0.19239055,Low
15075,0,0,0.25702408,Medium
15076,0,0,0.11194618,Low
15077,1,1,0.76588976,Very High
15078,0,0,0.24632478,Medium
15079,0,0,0.14354761,Low
15080,0,0,0.37984672,Medium
15081,0,0,0.106943764,Low
15082,0,0,0.26231715,Medium
15083,0,0,0.22617382,Medium
15084,0,0,0.08346999,Low
15085,1,0,0.29956478,Medium
15086,0,0,0.13891666,Low
15087,1,1,0.89258885,Very High
15088,0,1,0.6590287,Very High
15089,0,1,0.84843856,Very High
15090,0,0,0.2386257,Medium
15091,0,1,0.5196151,High
15092,0,0,0.10490529,Low
15093,0,0,0.06739746,Low
15094,0,0,0.15792406,Low
15095,1,1,0.55542624,High
15096,1,0,0.40588552,High
15097,0,0,0.28375128,Medium
15098,0,0,0.12800427,Low
15099,0,1,0.51081467,High
15100,0,0,0.18551953,Low
15101,1,1,0.8511867,Very High
15102,0,0,0.23386687,Medium
15103,0,1,0.5682088,High
15104,0,0,0.08631879,Low
15105,0,0,0.290321,Medium
15106,0,0,0.35649142,Medium
15107,0,0,0.2466802,Medium
15108,0,0,0.1090456,Low
15109,0,0,0.3327937,Medium
15110,0,1,0.5929457,High
15111,0,1,0.7517823,Very High
15112,1,1,0.9226569,Very High
15113,0,0,0.39511362,Medium
15114,0,1,0.64932364,Very High
15115,0,0,0.3596784,Medium
15116,1,0,0.3483119,Medium
15117,0,0,0.37255242,Medium
15118,0,1,0.8731811,Very High
15119,0,0,0.34860653,Medium
15120,1,1,0.7561619,Very High
15121,0,0,0.22746682,Medium
15122,0,0,0.36608863,Medium
15123,0,0,0.28974137,Medium
15124,1,0,0.46626857,High
15125,0,0,0.14131114,Low
15126,0,0,0.10394023,Low
15127,1,1,0.7295986,Very High
15128,0,0,0.25433803,Medium
15129,0,1,0.6058854,Very High
15130,0,0,0.14812724,Low
15131,0,0,0.25704166,Medium
15132,0,1,0.50365955,High
15133,0,0,0.07451178,Low
15134,0,0,0.3325743,Medium
15135,0,0,0.3277468,Medium
15136,0,0,0.17300496,Low
15137,0,1,0.6317722,Very High
15138,0,0,0.2903029,Medium
15139,1,1,0.93419796,Very High
15140,1,0,0.33243328,Medium
15141,1,1,0.55364174,High
15142,0,0,0.21915495,Medium
15143,0,0,0.29414597,Medium
15144,0,0,0.14866236,Low
15145,0,0,0.13036838,Low
15146,0,0,0.179293,Low
15147,1,1,0.8201294,Very High
15148,0,0,0.14639157,Low
15149,1,1,0.5984954,High
15150,0,0,0.28710845,Medium
15151,0,0,0.33295682,Medium
15152,1,1,0.8281477,Very High
15153,0,1,0.5549824,High
15154,1,1,0.8180994,Very High
15155,1,1,0.8318441,Very High
15156,1,0,0.46587995,High
15157,0,0,0.22117211,Medium
15158,0,0,0.35359365,Medium
15159,0,0,0.20705986,Medium
15160,0,1,0.8208159,Very High
15161,1,1,0.79957545,Very High
15162,0,0,0.25597578,Medium
15163,0,0,0.1212566,Low
15164,0,0,0.16890657,Low
15165,0,0,0.30144775,Medium
15166,0,0,0.35922575,Medium
15167,0,0,0.190157,Low
15168,0,0,0.3098991,Medium
15169,0,0,0.34607232,Medium
15170,1,1,0.8759634,Very High
15171,0,0,0.105200395,Low
15172,0,0,0.17373064,Low
15173,1,0,0.4534721,High
15174,0,1,0.5021791,High
15175,0,0,0.35726243,Medium
15176,0,0,0.19242136,Low
15177,0,0,0.22722763,Medium
15178,0,0,0.47560075,High
15179,0,0,0.18062623,Low
15180,1,1,0.86070275,Very High
15181,1,1,0.81380844,Very High
15182,0,0,0.26195937,Medium
15183,0,0,0.3691137,Medium
15184,0,0,0.20018706,Medium
15185,0,1,0.9094923,Very High
15186,0,1,0.8876666,Very High
15187,0,0,0.23051716,Medium
15188,0,1,0.5849022,High
15189,0,0,0.12746908,Low
15190,1,1,0.54209954,High
15191,0,1,0.81259686,Very High
15192,0,0,0.29275802,Medium
15193,0,0,0.24025019,Medium
15194,1,1,0.8649512,Very High
15195,0,0,0.21157475,Medium
15196,0,0,0.38223904,Medium
15197,0,0,0.16462298,Low
15198,0,0,0.23442674,Medium
15199,0,0,0.13429976,Low
15200,0,0,0.28291664,Medium
15201,1,1,0.8362019,Very High
15202,1,1,0.85523635,Very High
15203,0,0,0.40379295,High
15204,0,0,0.31412077,Medium
15205,0,0,0.20104198,Medium
15206,0,1,0.5045192,High
15207,0,0,0.28458616,Medium
15208,1,1,0.50723416,High
15209,0,0,0.47091448,High
15210,0,1,0.6480977,Very High
15211,0,0,0.2270506,Medium
15212,0,0,0.39986446,Medium
15213,1,1,0.58676153,High
15214,0,0,0.19775541,Low
15215,0,0,0.2957127,Medium
15216,0,0,0.25743788,Medium
15217,0,0,0.31900936,Medium
15218,0,0,0.2964448,Medium
15219,0,1,0.5406347,High
15220,0,0,0.27254024,Medium
15221,0,0,0.4548095,High
15222,0,0,0.13961756,Low
15223,0,0,0.12638022,Low
15224,1,0,0.27704862,Medium
15225,0,0,0.29863107,Medium
15226,1,1,0.6673565,Very High
15227,1,1,0.64147466,Very High
15228,0,0,0.109141976,Low
15229,0,1,0.6777943,Very High
15230,0,0,0.22621559,Medium
15231,0,1,0.5542813,High
15232,1,1,0.84125173,Very High
15233,0,0,0.21918404,Medium
15234,0,1,0.5363044,High
15235,1,0,0.32782963,Medium
15236,0,0,0.28232795,Medium
15237,1,1,0.82740986,Very High
15238,0,0,0.11411142,Low
15239,0,0,0.08810764,Low
15240,0,0,0.38738742,Medium
15241,0,1,0.5597475,High
15242,0,0,0.29126287,Medium
15243,0,0,0.2670872,Medium
15244,0,0,0.11574178,Low
15245,0,0,0.4943096,High
15246,0,0,0.33568698,Medium
15247,0,0,0.13074562,Low
15248,0,0,0.46167922,High
15249,0,0,0.11401531,Low
15250,0,0,0.2531612,Medium
15251,0,1,0.83927894,Very High
15252,0,1,0.76921725,Very High
15253,1,0,0.33042952,Medium
15254,0,0,0.08863504,Low
15255,0,0,0.1932958,Low
15256,0,0,0.28796202,Medium
15257,0,0,0.2989803,Medium
15258,0,0,0.3026327,Medium
15259,0,1,0.5131266,High
15260,0,0,0.30717874,Medium
15261,0,0,0.11691969,Low
15262,0,0,0.15302299,Low
15263,0,0,0.27730396,Medium
15264,0,0,0.24371608,Medium
15265,1,0,0.25312668,Medium
15266,0,0,0.18131456,Low
15267,0,0,0.2051116,Medium
15268,0,1,0.6720419,Very High
15269,0,0,0.10856257,Low
15270,0,0,0.09695235,Low
15271,1,0,0.40822405,High
15272,0,0,0.33822528,Medium
15273,0,0,0.23375654,Medium
15274,0,0,0.17004326,Low
15275,1,0,0.14730479,Low
15276,0,0,0.44150326,High
15277,0,0,0.18094105,Low
15278,0,0,0.10830036,Low
15279,0,0,0.23245338,Medium
15280,1,1,0.7904637,Very High
15281,0,0,0.12914805,Low
15282,0,0,0.1319137,Low
15283,0,0,0.21598671,Medium
15284,0,0,0.23818,Medium
15285,0,0,0.10131943,Low
15286,0,0,0.33126003,Medium
15287,0,0,0.07162755,Low
15288,0,1,0.70966816,Very High
15289,0,0,0.12363743,Low
15290,1,1,0.59389144,High
15291,0,0,0.24671273,Medium
15292,0,0,0.27276847,Medium
15293,0,0,0.28891408,Medium
15294,0,0,0.30288714,Medium
15295,0,0,0.18332149,Low
15296,1,1,0.76256746,Very High
15297,0,0,0.26193345,Medium
15298,0,0,0.19096366,Low
15299,0,0,0.19532967,Low
15300,0,0,0.1134939,Low
15301,0,0,0.33835375,Medium
15302,0,0,0.22280206,Medium
15303,1,0,0.3466295,Medium
15304,1,0,0.19272481,Low
15305,0,0,0.22006392,Medium
15306,0,0,0.24306385,Medium
15307,1,1,0.72675294,Very High
15308,0,0,0.32237872,Medium
15309,0,1,0.731331,Very High
15310,0,0,0.33943787,Medium
15311,0,0,0.42340225,High
15312,0,0,0.40755388,High
15313,0,0,0.3276753,Medium
15314,0,0,0.19479653,Low
15315,0,0,0.14028826,Low
15316,0,0,0.26867002,Medium
15317,1,1,0.7917137,Very High
15318,0,0,0.35384327,Medium
15319,0,0,0.34916884,Medium
15320,0,0,0.16609533,Low
15321,1,0,0.34875068,Medium
15322,0,0,0.062005308,Low
15323,0,0,0.24770947,Medium
15324,0,0,0.14944571,Low
15325,1,0,0.18681759,Low
15326,0,0,0.15628542,Low
15327,0,0,0.150397,Low
15328,0,0,0.13798805,Low
15329,0,0,0.34486914,Medium
15330,0,0,0.22584423,Medium
15331,0,0,0.17663923,Low
15332,1,1,0.59636396,High
15333,0,0,0.09084669,Low
15334,0,0,0.34918484,Medium
15335,0,0,0.110131755,Low
15336,0,0,0.17372464,Low
15337,0,0,0.41585687,High
15338,0,0,0.12927116,Low
15339,0,0,0.27365035,Medium
15340,1,1,0.8479174,Very High
15341,0,0,0.27768195,Medium
15342,0,0,0.15354554,Low
15343,0,0,0.47760123,High
15344,0,0,0.28097868,Medium
15345,0,0,0.32868823,Medium
15346,0,0,0.13239205,Low
15347,0,0,0.17690024,Low
15348,0,0,0.35418767,Medium
15349,0,0,0.22189169,Medium
15350,0,0,0.20329703,Medium
15351,1,1,0.88858825,Very High
15352,0,1,0.58907896,High
15353,0,1,0.58541244,High
15354,0,1,0.5267902,High
15355,0,0,0.20539568,Medium
15356,0,0,0.1234526,Low
15357,0,0,0.41779795,High
15358,0,1,0.76796794,Very High
15359,0,0,0.13156906,Low
15360,0,0,0.36239368,Medium
15361,0,0,0.35908377,Medium
15362,0,0,0.3428458,Medium
15363,0,0,0.10288606,Low
15364,0,0,0.25630096,Medium
15365,0,0,0.25188282,Medium
15366,1,1,0.82120866,Very High
15367,0,0,0.18529828,Low
15368,0,1,0.7461483,Very High
15369,1,1,0.85481966,Very High
15370,0,0,0.36406657,Medium
15371,0,0,0.0825243,Low
15372,0,0,0.30918995,Medium
15373,0,0,0.07200928,Low
15374,0,0,0.19900368,Low
15375,0,0,0.081610024,Low
15376,0,0,0.1796462,Low
15377,0,0,0.12122624,Low
15378,0,1,0.52883357,High
15379,0,0,0.31398267,Medium
15380,0,0,0.10058827,Low
15381,0,0,0.07661636,Low
15382,0,0,0.10637386,Low
15383,0,0,0.48361948,High
15384,1,1,0.8424358,Very High
15385,0,0,0.14780256,Low
15386,1,1,0.5758578,High
15387,0,0,0.4252942,High
15388,0,0,0.24430303,Medium
15389,0,0,0.10815496,Low
15390,0,0,0.112331,Low
15391,0,0,0.2607548,Medium
15392,0,0,0.090110585,Low
15393,1,0,0.30956435,Medium
15394,0,0,0.27724433,Medium
15395,0,1,0.57982916,High
15396,0,0,0.21096303,Medium
15397,0,0,0.316751,Medium
15398,0,0,0.26246464,Medium
15399,1,0,0.32451886,Medium
15400,0,0,0.3746184,Medium
15401,0,1,0.8353132,Very High
15402,1,0,0.21395455,Medium
15403,0,0,0.15673685,Low
15404,0,0,0.17407835,Low
15405,0,0,0.19974375,Low
15406,0,0,0.47494867,High
15407,0,1,0.84825814,Very High
15408,0,0,0.09997526,Low
15409,0,0,0.24868734,Medium
15410,0,0,0.25238922,Medium
15411,0,0,0.28298515,Medium
15412,0,1,0.6585701,Very High
15413,0,0,0.24227,Medium
15414,0,0,0.2658828,Medium
15415,1,0,0.46108237,High
15416,0,0,0.31301096,Medium
15417,0,0,0.2218539,Medium
15418,0,1,0.7441715,Very High
15419,0,0,0.28843826,Medium
15420,0,1,0.5134732,High
15421,0,0,0.32521895,Medium
15422,1,1,0.81004155,Very High
15423,0,0,0.12677473,Low
15424,0,1,0.5331795,High
15425,1,1,0.8529963,Very High
15426,0,0,0.3011064,Medium
15427,1,0,0.31232607,Medium
15428,1,1,0.92803174,Very High
15429,0,0,0.3246904,Medium
15430,0,0,0.43272188,High
15431,0,0,0.3373311,Medium
15432,0,0,0.23501997,Medium
15433,0,0,0.3069864,Medium
15434,0,0,0.0977887,Low
15435,0,0,0.31367522,Medium
15436,0,1,0.52470595,High
15437,0,0,0.38190287,Medium
15438,0,0,0.3178486,Medium
15439,0,1,0.56155807,High
15440,1,1,0.55977416,High
15441,0,0,0.26946762,Medium
15442,1,0,0.27915403,Medium
15443,0,0,0.24144435,Medium
15444,1,1,0.6366366,Very High
15445,0,0,0.32047355,Medium
15446,0,1,0.5762765,High
15447,0,0,0.3584559,Medium
15448,1,1,0.6212679,Very High
15449,0,0,0.49553338,High
15450,0,0,0.07377618,Low
15451,0,0,0.27641663,Medium
15452,0,0,0.06701603,Low
15453,0,0,0.3829387,Medium
15454,0,0,0.28871834,Medium
15455,1,1,0.8889009,Very High
15456,0,1,0.56183726,High
15457,0,0,0.066431046,Low
15458,0,1,0.5882931,High
15459,0,0,0.4658758,High
15460,0,1,0.5167979,High
15461,0,0,0.2593283,Medium
15462,0,1,0.5952584,High
15463,0,0,0.41929975,High
15464,0,0,0.08138212,Low
15465,0,0,0.17732936,Low
15466,0,0,0.27363673,Medium
15467,0,1,0.7241523,Very High
15468,0,0,0.13397475,Low
15469,1,1,0.5751067,High
15470,1,1,0.9065937,Very High
15471,0,0,0.09856243,Low
15472,1,0,0.41831467,High
15473,0,0,0.1297981,Low
15474,0,0,0.31438276,Medium
15475,0,0,0.14283805,Low
15476,1,1,0.742641,Very High
15477,0,0,0.43588695,High
15478,0,0,0.19596273,Low
15479,0,0,0.23441932,Medium
15480,0,0,0.23871852,Medium
15481,1,1,0.85752463,Very High
15482,1,0,0.16272232,Low
15483,0,0,0.27462715,Medium
15484,0,0,0.42170236,High
15485,0,1,0.58570945,High
15486,0,0,0.15111874,Low
15487,0,0,0.1638456,Low
15488,1,1,0.5655637,High
15489,1,0,0.48329443,High
15490,0,0,0.4140836,High
15491,1,1,0.5674026,High
15492,0,0,0.21135856,Medium
15493,1,0,0.35704207,Medium
15494,0,0,0.32542875,Medium
15495,1,0,0.33432385,Medium
15496,0,1,0.7522833,Very High
15497,0,0,0.34817344,Medium
15498,1,1,0.69154125,Very High
15499,0,0,0.20362015,Medium
15500,0,1,0.60099554,Very High
15501,1,1,0.86570793,Very High
15502,0,0,0.2677993,Medium
15503,0,0,0.3767537,Medium
15504,1,0,0.2750233,Medium
15505,0,1,0.5425093,High
15506,0,1,0.7278824,Very High
15507,0,0,0.21726282,Medium
15508,0,0,0.12501359,Low
15509,0,0,0.30484334,Medium
15510,0,0,0.28458044,Medium
15511,0,0,0.16058914,Low
15512,0,0,0.34981224,Medium
15513,1,1,0.9169857,Very High
15514,1,0,0.12461791,Low
15515,0,0,0.09054265,Low
15516,1,0,0.250429,Medium
15517,1,0,0.36474225,Medium
15518,1,1,0.8778875,Very High
15519,0,0,0.20765232,Medium
15520,0,0,0.30528322,Medium
15521,0,0,0.101840936,Low
15522,0,1,0.5428678,High
15523,0,1,0.6104049,Very High
15524,0,0,0.0854796,Low
15525,0,0,0.47101063,High
15526,0,0,0.35416502,Medium
15527,1,1,0.54196775,High
15528,0,0,0.20304391,Medium
15529,0,0,0.33762407,Medium
15530,0,0,0.13730861,Low
15531,0,0,0.13971025,Low
15532,1,1,0.82892823,Very High
15533,1,1,0.60829747,Very High
15534,0,0,0.19046174,Low
15535,0,0,0.10296412,Low
15536,0,0,0.38736486,Medium
15537,1,1,0.918393,Very High
15538,0,0,0.29273984,Medium
15539,0,0,0.09880462,Low
15540,0,0,0.2526155,Medium
15541,0,0,0.1927602,Low
15542,0,0,0.3437331,Medium
15543,1,0,0.48679054,High
15544,0,1,0.54204834,High
15545,1,1,0.8879071,Very High
15546,1,1,0.794845,Very High
15547,0,0,0.22640654,Medium
15548,0,0,0.34119478,Medium
15549,1,0,0.10334224,Low
15550,0,0,0.090209804,Low
15551,0,1,0.8532659,Very High
15552,1,0,0.4055985,High
15553,0,0,0.09903407,Low
15554,0,0,0.12994823,Low
15555,0,0,0.14506973,Low
15556,1,1,0.88642794,Very High
15557,0,0,0.18953748,Low
15558,0,0,0.12040621,Low
15559,1,1,0.8730313,Very High
15560,0,0,0.36994052,Medium
15561,0,0,0.154261,Low
15562,0,0,0.1896503,Low
15563,0,0,0.10302044,Low
15564,1,1,0.8490997,Very High
15565,0,1,0.5093313,High
15566,0,0,0.4890467,High
15567,1,0,0.26367548,Medium
15568,0,0,0.15218519,Low
15569,0,0,0.22268197,Medium
15570,0,0,0.085864924,Low
15571,0,1,0.9019868,Very High
15572,0,0,0.20176369,Medium
15573,0,0,0.3625264,Medium
15574,0,0,0.455252,High
15575,1,0,0.3403046,Medium
15576,1,0,0.3003228,Medium
15577,0,0,0.15005781,Low
15578,0,0,0.356262,Medium
15579,0,0,0.3483115,Medium
15580,1,0,0.27010474,Medium
15581,1,1,0.86225337,Very High
15582,0,0,0.39205074,Medium
15583,0,0,0.20130903,Medium
15584,1,1,0.6626253,Very High
15585,0,0,0.17969984,Low
15586,1,1,0.85444564,Very High
15587,0,0,0.23848385,Medium
15588,0,0,0.22723876,Medium
15589,0,0,0.10979488,Low
15590,0,0,0.101306595,Low
15591,0,0,0.32167286,Medium
15592,0,0,0.2998134,Medium
15593,0,0,0.34898162,Medium
15594,1,1,0.8195858,Very High
15595,0,0,0.22416633,Medium
15596,0,0,0.15409072,Low
15597,0,0,0.38482264,Medium
15598,1,1,0.7354325,Very High
15599,0,1,0.8123646,Very High
15600,1,1,0.86896956,Very High
15601,0,0,0.3316815,Medium
15602,0,0,0.26018247,Medium
15603,1,1,0.70618105,Very High
15604,0,0,0.31608483,Medium
15605,0,0,0.32284737,Medium
15606,0,0,0.29891956,Medium
15607,1,0,0.17662492,Low
15608,0,0,0.08304602,Low
15609,0,0,0.3549594,Medium
15610,0,0,0.23177281,Medium
15611,0,0,0.37101582,Medium
15612,0,0,0.2211898,Medium
15613,0,0,0.36577225,Medium
15614,0,0,0.24187215,Medium
15615,0,1,0.7918371,Very High
15616,1,1,0.8290631,Very High
15617,0,0,0.2761121,Medium
15618,0,0,0.45226365,High
15619,1,0,0.24914694,Medium
15620,0,0,0.12770805,Low
15621,0,0,0.20158441,Medium
15622,0,0,0.08882417,Low
15623,0,0,0.15038736,Low
15624,0,1,0.5262101,High
15625,1,0,0.3846873,Medium
15626,0,0,0.26465297,Medium
15627,0,1,0.5219562,High
15628,0,0,0.20464347,Medium
15629,0,1,0.57328355,High
15630,0,1,0.5840682,High
15631,0,0,0.19358708,Low
15632,0,0,0.107980974,Low
15633,1,1,0.562463,High
15634,0,0,0.112687655,Low
15635,0,0,0.1919475,Low
15636,0,0,0.16736548,Low
15637,0,0,0.25100905,Medium
15638,0,0,0.25641686,Medium
15639,1,1,0.6781195,Very High
15640,0,1,0.84869033,Very High
15641,0,0,0.13473642,Low
15642,0,0,0.35898888,Medium
15643,0,0,0.2548075,Medium
15644,0,0,0.12554511,Low
15645,0,0,0.21569575,Medium
15646,0,1,0.53248984,High
15647,0,0,0.11552061,Low
15648,0,0,0.21633843,Medium
15649,0,0,0.27595732,Medium
15650,0,0,0.22852127,Medium
15651,0,0,0.17957546,Low
15652,0,1,0.67207026,Very High
15653,0,0,0.23906161,Medium
15654,0,0,0.3359841,Medium
15655,0,0,0.28302985,Medium
15656,1,0,0.38872558,Medium
15657,0,0,0.06828985,Low
15658,0,0,0.096631445,Low
15659,0,0,0.12722099,Low
15660,0,0,0.33243826,Medium
15661,0,0,0.37737736,Medium
15662,0,0,0.21966921,Medium
15663,0,0,0.19385238,Low
15664,1,1,0.6011756,Very High
15665,0,0,0.20788753,Medium
15666,0,0,0.2564623,Medium
15667,0,0,0.4651961,High
15668,0,0,0.15143457,Low
15669,0,0,0.06465618,Low
15670,0,0,0.3070685,Medium
15671,0,0,0.16510482,Low
15672,1,1,0.8264484,Very High
15673,1,1,0.7626083,Very High
15674,0,1,0.51887095,High
15675,0,1,0.5419022,High
15676,1,0,0.48075923,High
15677,0,0,0.31544536,Medium
15678,0,1,0.64636314,Very High
15679,0,0,0.22737136,Medium
15680,0,0,0.37100768,Medium
15681,0,0,0.14580025,Low
15682,1,1,0.60486746,Very High
15683,0,0,0.09416491,Low
15684,0,1,0.6384969,Very High
15685,0,0,0.14541288,Low
15686,0,1,0.59613794,High
15687,0,0,0.09249808,Low
15688,0,0,0.2946694,Medium
15689,1,0,0.054546677,Low
15690,1,0,0.38438684,Medium
15691,0,1,0.5133708,High
15692,1,0,0.41304547,High
15693,0,0,0.35305738,Medium
15694,0,0,0.078708865,Low
15695,0,0,0.32230136,Medium
15696,0,0,0.22425862,Medium
15697,1,0,0.30263904,Medium
15698,0,0,0.1833573,Low
15699,0,0,0.10926791,Low
15700,0,1,0.71569633,Very High
15701,1,1,0.8445492,Very High
15702,0,0,0.31891963,Medium
15703,0,0,0.2079065,Medium
15704,0,0,0.3836047,Medium
15705,0,0,0.14533994,Low
15706,0,0,0.3024284,Medium
15707,0,0,0.26855308,Medium
15708,0,1,0.63084865,Very High
15709,0,0,0.1109695,Low
15710,0,0,0.15298481,Low
15711,0,0,0.42420894,High
15712,0,0,0.24367137,Medium
15713,0,1,0.51536256,High
15714,0,0,0.36881208,Medium
15715,0,0,0.14468062,Low
15716,0,0,0.23879306,Medium
15717,0,0,0.21894152,Medium
15718,0,0,0.19524407,Low
15719,1,1,0.8285522,Very High
15720,0,0,0.17947839,Low
15721,0,0,0.33791798,Medium
15722,0,1,0.50277483,High
15723,0,0,0.35869175,Medium
15724,0,0,0.25195068,Medium
15725,0,0,0.36249048,Medium
15726,0,0,0.31290272,Medium
15727,1,1,0.8768932,Very High
15728,0,0,0.35952172,Medium
15729,0,0,0.16144851,Low
15730,1,0,0.32627693,Medium
15731,0,0,0.46960917,High
15732,0,0,0.2625161,Medium
15733,0,1,0.56937367,High
15734,0,0,0.33411962,Medium
15735,0,0,0.38237762,Medium
15736,1,1,0.5499006,High
15737,0,0,0.17655501,Low
15738,0,0,0.09937168,Low
15739,0,0,0.19724937,Low
15740,0,0,0.302609,Medium
15741,0,1,0.8405699,Very High
15742,0,0,0.22765876,Medium
15743,0,0,0.12355125,Low
15744,0,0,0.25192913,Medium
15745,1,1,0.620365,Very High
15746,0,0,0.13438332,Low
15747,0,1,0.56671727,High
15748,0,1,0.5842592,High
15749,0,1,0.68945515,Very High
15750,0,1,0.52122086,High
15751,0,0,0.33705914,Medium
15752,1,1,0.8128762,Very High
15753,0,1,0.6991805,Very High
15754,0,0,0.16363795,Low
15755,0,0,0.1628804,Low
15756,0,0,0.31044096,Medium
15757,0,1,0.53069025,High
15758,1,1,0.8505982,Very High
15759,1,1,0.8448769,Very High
15760,0,1,0.8637848,Very High
15761,1,1,0.9007644,Very High
15762,0,0,0.23269884,Medium
15763,1,1,0.8493738,Very High
15764,0,1,0.86409986,Very High
15765,0,0,0.29655072,Medium
15766,1,1,0.90910447,Very High
15767,0,1,0.74939704,Very High
15768,0,1,0.53950167,High
15769,1,0,0.26324114,Medium
15770,0,1,0.50436455,High
15771,1,0,0.325874,Medium
15772,0,0,0.32470065,Medium
15773,1,1,0.87483084,Very High
15774,0,0,0.101488195,Low
15775,1,1,0.8800129,Very High
15776,0,0,0.27719855,Medium
15777,0,0,0.25679842,Medium
15778,1,1,0.731243,Very High
15779,1,1,0.91301584,Very High
15780,0,0,0.21640462,Medium
15781,0,0,0.22235484,Medium
15782,0,0,0.12162393,Low
15783,0,0,0.26910946,Medium
15784,0,0,0.42742044,High
15785,1,1,0.8682861,Very High
15786,0,0,0.26115337,Medium
15787,0,0,0.24009164,Medium
15788,0,0,0.2542649,Medium
15789,1,1,0.88406426,Very High
15790,0,0,0.09350865,Low
15791,0,0,0.19458798,Low
15792,0,0,0.16322276,Low
15793,1,0,0.46488643,High
15794,0,0,0.28584293,Medium
15795,0,0,0.31532583,Medium
15796,1,1,0.53862303,High
15797,0,0,0.25068435,Medium
15798,0,0,0.30382428,Medium
15799,0,1,0.59154886,High
15800,0,1,0.53735834,High
15801,0,1,0.606321,Very High
15802,0,0,0.13704605,Low
15803,0,1,0.7741601,Very High
15804,0,0,0.25465533,Medium
15805,0,0,0.2833513,Medium
15806,0,0,0.48785487,High
15807,0,0,0.20863147,Medium
15808,0,0,0.1328272,Low
15809,0,1,0.6629169,Very High
15810,0,0,0.10967406,Low
15811,1,1,0.87190217,Very High
15812,0,0,0.33522207,Medium
15813,0,0,0.24371453,Medium
15814,1,0,0.36471334,Medium
15815,0,1,0.56878674,High
15816,0,1,0.54194576,High
15817,0,0,0.19115461,Low
15818,0,0,0.14200519,Low
15819,0,0,0.10944429,Low
15820,0,0,0.31216472,Medium
15821,0,1,0.8167963,Very High
15822,0,0,0.36842695,Medium
15823,1,1,0.5485684,High
15824,0,1,0.8491977,Very High
15825,0,1,0.7015381,Very High
15826,0,0,0.3455406,Medium
15827,1,1,0.853088,Very High
15828,0,0,0.2770879,Medium
15829,0,0,0.12393824,Low
15830,0,0,0.3066471,Medium
15831,0,0,0.20921727,Medium
15832,1,1,0.6724446,Very High
15833,0,0,0.25878978,Medium
15834,0,0,0.1046336,Low
15835,1,1,0.8445949,Very High
15836,0,1,0.58783656,High
15837,0,0,0.3207082,Medium
15838,0,0,0.13380426,Low
15839,0,0,0.09546272,Low
15840,0,0,0.46949837,High
15841,0,0,0.27094063,Medium
15842,0,0,0.16870245,Low
15843,1,1,0.82093215,Very High
15844,1,1,0.868516,Very High
15845,0,0,0.2949263,Medium
15846,0,0,0.29472306,Medium
15847,1,0,0.2531246,Medium
15848,0,0,0.22551653,Medium
15849,0,0,0.2649999,Medium
15850,0,0,0.4346674,High
15851,1,1,0.70569783,Very High
15852,0,1,0.5436174,High
15853,0,0,0.40309227,High
15854,1,1,0.87935305,Very High
15855,0,0,0.1743227,Low
15856,1,1,0.8856337,Very High
15857,0,1,0.53612804,High
15858,0,0,0.17604904,Low
15859,0,0,0.32833567,Medium
15860,0,0,0.25011405,Medium
15861,0,0,0.08280777,Low
15862,1,1,0.8796628,Very High
15863,1,0,0.4328951,High
15864,0,0,0.39424685,Medium
15865,0,0,0.4333007,High
15866,0,0,0.22092894,Medium
15867,0,0,0.47996798,High
15868,1,1,0.8612309,Very High
15869,0,0,0.1427924,Low
15870,0,0,0.061677754,Low
15871,0,0,0.139059,Low
15872,0,1,0.90007365,Very High
15873,0,0,0.23784003,Medium
15874,0,0,0.13425805,Low
15875,0,0,0.26071495,Medium
15876,1,1,0.5559143,High
15877,0,0,0.25919184,Medium
15878,1,1,0.51177424,High
15879,1,0,0.23394915,Medium
15880,0,0,0.20918976,Medium
15881,0,0,0.2661439,Medium
15882,0,0,0.36488378,Medium
15883,0,0,0.24975401,Medium
15884,0,0,0.43474367,High
15885,0,0,0.17945237,Low
15886,0,1,0.8251381,Very High
15887,0,1,0.5443348,High
15888,0,0,0.109536394,Low
15889,0,1,0.6964033,Very High
15890,0,0,0.35835132,Medium
15891,1,1,0.82228994,Very High
15892,0,0,0.21728344,Medium
15893,0,0,0.3180647,Medium
15894,0,0,0.41098303,High
15895,0,0,0.15145679,Low
15896,0,1,0.69670933,Very High
15897,1,0,0.37711698,Medium
15898,0,0,0.45562878,High
15899,1,1,0.7353195,Very High
15900,0,0,0.19608884,Low
15901,0,0,0.37016702,Medium
15902,0,0,0.17110617,Low
15903,1,1,0.6825539,Very High
15904,1,1,0.8067543,Very High
15905,0,0,0.15467218,Low
15906,0,0,0.26053628,Medium
15907,0,0,0.17182526,Low
15908,0,0,0.4142778,High
15909,0,0,0.33384812,Medium
15910,0,1,0.7534511,Very High
15911,0,0,0.11274498,Low
15912,0,0,0.1495356,Low
15913,0,0,0.29610273,Medium
15914,1,0,0.4065723,High
15915,1,0,0.48777556,High
15916,0,0,0.37016952,Medium
15917,1,0,0.38141972,Medium
15918,0,0,0.08233769,Low
15919,0,0,0.20802234,Medium
15920,0,1,0.85491496,Very High
15921,0,0,0.10695012,Low
15922,0,0,0.23273496,Medium
15923,1,1,0.8513033,Very High
15924,0,0,0.09292024,Low
15925,1,1,0.59473825,High
15926,0,1,0.5045813,High
15927,0,0,0.0891477,Low
15928,0,0,0.20190558,Medium
15929,0,0,0.19131394,Low
15930,1,1,0.8929616,Very High
15931,0,0,0.15626414,Low
15932,0,0,0.090961516,Low
15933,0,0,0.29724568,Medium
15934,0,0,0.33283743,Medium
15935,0,0,0.23560715,Medium
15936,1,1,0.8781553,Very High
15937,0,0,0.13785893,Low
15938,0,1,0.72942716,Very High
15939,0,0,0.10985646,Low
15940,1,1,0.69511074,Very High
15941,0,0,0.26003814,Medium
15942,0,1,0.7699362,Very High
15943,0,0,0.08604415,Low
15944,0,0,0.22663534,Medium
15945,0,0,0.31177852,Medium
15946,0,0,0.11042568,Low
15947,0,0,0.47021425,High
15948,1,1,0.92343897,Very High
15949,0,0,0.15843852,Low
15950,0,0,0.16809481,Low
15951,1,1,0.6734829,Very High
15952,0,0,0.3998519,Medium
15953,0,0,0.044381827,Low
15954,0,0,0.33619267,Medium
15955,1,1,0.8653461,Very High
15956,0,0,0.15543914,Low
15957,0,0,0.33794132,Medium
15958,1,1,0.8420303,Very High
15959,0,0,0.23469847,Medium
15960,1,1,0.8695047,Very High
15961,0,0,0.09203408,Low
15962,0,0,0.44986817,High
15963,0,0,0.24461196,Medium
15964,0,0,0.28528842,Medium
15965,1,1,0.8466927,Very High
15966,0,0,0.36810538,Medium
15967,0,0,0.4482334,High
15968,1,0,0.31742483,Medium
15969,0,0,0.32315114,Medium
15970,1,1,0.7491836,Very High
15971,1,0,0.4616877,High
15972,0,0,0.13519587,Low
15973,1,1,0.6393118,Very High
15974,1,1,0.57197815,High
15975,0,0,0.212061,Medium
15976,1,1,0.6266979,Very High
15977,1,1,0.56086105,High
15978,0,0,0.26986146,Medium
15979,1,0,0.44154286,High
15980,0,0,0.17017959,Low
15981,0,1,0.68077636,Very High
15982,0,1,0.5513944,High
15983,0,1,0.53522515,High
15984,1,1,0.83340925,Very High
15985,1,0,0.28608832,Medium
15986,0,1,0.50584316,High
15987,0,0,0.26017818,Medium
15988,1,1,0.9080731,Very High
15989,1,0,0.24674386,Medium
15990,0,0,0.25462067,Medium
15991,0,0,0.4207642,High
15992,0,0,0.49061942,High
15993,0,0,0.31751704,Medium
15994,0,0,0.13173747,Low
15995,0,0,0.25810575,Medium
15996,0,0,0.13262683,Low
15997,1,0,0.21030991,Medium
15998,0,0,0.37328172,Medium
15999,1,1,0.5748317,High
16000,0,0,0.2597035,Medium
16001,1,1,0.93056726,Very High
16002,0,0,0.3053593,Medium
16003,1,1,0.6817,Very High
16004,0,0,0.16959645,Low
16005,0,0,0.14498165,Low
16006,0,0,0.2758785,Medium
16007,0,0,0.2857526,Medium
16008,0,1,0.8464363,Very High
16009,0,0,0.25216162,Medium
16010,0,0,0.4069526,High
16011,0,0,0.16546136,Low
16012,0,0,0.35241833,Medium
16013,0,0,0.40534553,High
16014,0,0,0.27891383,Medium
16015,0,0,0.38729087,Medium
16016,0,0,0.31968158,Medium
16017,0,1,0.8488068,Very High
16018,0,0,0.30142266,Medium
16019,0,0,0.08308686,Low
16020,0,0,0.19848445,Low
16021,0,1,0.5003169,High
16022,0,1,0.52499926,High
16023,0,0,0.21644661,Medium
16024,0,0,0.36202794,Medium
16025,0,0,0.18822159,Low
16026,1,1,0.73683393,Very High
16027,1,1,0.816055,Very High
16028,0,1,0.56413954,High
16029,1,1,0.6146075,Very High
16030,1,1,0.70920473,Very High
16031,0,0,0.11651295,Low
16032,0,1,0.7136462,Very High
16033,0,0,0.19719896,Low
16034,1,0,0.47779867,High
16035,0,0,0.2588532,Medium
16036,0,0,0.48112574,High
16037,0,0,0.18740024,Low
16038,0,0,0.15633969,Low
16039,0,1,0.6673538,Very High
16040,1,1,0.9234959,Very High
16041,0,0,0.35524648,Medium
16042,0,0,0.23980324,Medium
16043,0,0,0.42444393,High
16044,1,0,0.38121763,Medium
16045,0,0,0.4771566,High
16046,0,0,0.30361047,Medium
16047,1,0,0.372703,Medium
16048,0,1,0.642676,Very High
16049,0,0,0.20486557,Medium
16050,0,1,0.818107,Very High
16051,0,0,0.1279972,Low
16052,0,0,0.14374141,Low
16053,1,1,0.85949945,Very High
16054,0,0,0.17206925,Low
16055,0,0,0.09713158,Low
16056,0,0,0.20879059,Medium
16057,0,0,0.34703678,Medium
16058,0,0,0.25958148,Medium
16059,0,0,0.4283265,High
16060,1,0,0.38942525,Medium
16061,0,1,0.548787,High
16062,0,0,0.31478313,Medium
16063,0,0,0.2054811,Medium
16064,0,1,0.5929579,High
16065,0,1,0.5518891,High
16066,0,0,0.18888474,Low
16067,1,1,0.84069645,Very High
16068,0,0,0.4481257,High
16069,0,0,0.28177273,Medium
16070,0,0,0.27021804,Medium
16071,0,0,0.24460523,Medium
16072,0,0,0.2588199,Medium
16073,0,0,0.14426874,Low
16074,0,0,0.22070047,Medium
16075,0,0,0.40340355,High
16076,1,1,0.84162444,Very High
16077,0,0,0.3113742,Medium
16078,0,0,0.4089632,High
16079,1,0,0.48968548,High
16080,0,0,0.21935263,Medium
16081,0,0,0.10539923,Low
16082,0,0,0.21799088,Medium
16083,0,1,0.8439818,Very High
16084,0,1,0.7185789,Very High
16085,0,0,0.16773906,Low
16086,1,0,0.33743846,Medium
16087,0,0,0.11742391,Low
16088,1,0,0.32974344,Medium
16089,1,0,0.22019105,Medium
16090,1,1,0.8073253,Very High
16091,0,1,0.7237346,Very High
16092,1,1,0.858768,Very High
16093,1,1,0.8867139,Very High
16094,0,0,0.14183472,Low
16095,1,1,0.69297117,Very High
16096,0,1,0.5987648,High
16097,0,0,0.1942591,Low
16098,1,1,0.80213034,Very High
16099,1,1,0.90509677,Very High
16100,1,0,0.3837625,Medium
16101,1,0,0.27609184,Medium
16102,0,0,0.08723038,Low
16103,0,0,0.052304517,Low
16104,0,1,0.7993884,Very High
16105,1,0,0.30743438,Medium
16106,1,0,0.33635736,Medium
16107,1,0,0.3378823,Medium
16108,1,1,0.7713089,Very High
16109,0,0,0.38267282,Medium
16110,0,0,0.22645463,Medium
16111,1,0,0.18101852,Low
16112,0,0,0.11546054,Low
16113,0,0,0.23152952,Medium
16114,0,0,0.13493614,Low
16115,0,0,0.11005908,Low
16116,1,1,0.6627227,Very High
16117,1,0,0.25877583,Medium
16118,0,0,0.10563841,Low
16119,0,0,0.4167811,High
16120,0,0,0.28190294,Medium
16121,0,0,0.30765042,Medium
16122,1,1,0.6990806,Very High
16123,0,0,0.07605175,Low
16124,0,0,0.24931185,Medium
16125,1,1,0.8180173,Very High
16126,1,1,0.8849035,Very High
16127,0,1,0.89580727,Very High
16128,0,0,0.34374288,Medium
16129,1,0,0.12836704,Low
16130,0,0,0.2714911,Medium
16131,0,0,0.27313775,Medium
16132,0,0,0.409835,High
16133,1,1,0.81309754,Very High
16134,1,0,0.2790732,Medium
16135,1,1,0.6011531,Very High
16136,1,0,0.37343454,Medium
16137,0,1,0.65694106,Very High
16138,1,1,0.60807323,Very High
16139,1,0,0.4939303,High
16140,0,0,0.15496624,Low
16141,0,1,0.61509204,Very High
16142,0,1,0.7291002,Very High
16143,0,0,0.23158011,Medium
16144,0,0,0.115782835,Low
16145,0,0,0.10651598,Low
16146,0,0,0.21236838,Medium
16147,0,0,0.13588001,Low
16148,0,0,0.16962071,Low
16149,1,0,0.4037509,High
16150,0,0,0.24202417,Medium
16151,0,0,0.3937207,Medium
16152,0,0,0.22086783,Medium
16153,0,0,0.3441418,Medium
16154,0,0,0.45542684,High
16155,1,1,0.84620553,Very High
16156,1,0,0.4951138,High
16157,1,0,0.26227918,Medium
16158,1,1,0.8672365,Very High
16159,0,0,0.24449553,Medium
16160,0,0,0.21731643,Medium
16161,0,0,0.10290917,Low
16162,0,0,0.19952439,Low
16163,1,1,0.83297056,Very High
16164,0,0,0.4651112,High
16165,0,0,0.19656771,Low
16166,0,0,0.23194094,Medium
16167,0,0,0.35659766,Medium
16168,0,0,0.19046086,Low
16169,0,0,0.22450882,Medium
16170,1,0,0.36543345,Medium
16171,0,0,0.42203045,High
16172,0,0,0.06837261,Low
16173,0,0,0.42091665,High
16174,0,0,0.3401971,Medium
16175,1,0,0.26145914,Medium
16176,0,0,0.25629744,Medium
16177,0,0,0.33135515,Medium
16178,1,1,0.9014014,Very High
16179,0,0,0.46487108,High
16180,1,0,0.2827442,Medium
16181,0,0,0.096216,Low
16182,1,0,0.17355028,Low
16183,0,0,0.113100134,Low
16184,1,0,0.4195177,High
16185,1,0,0.3979259,Medium
16186,0,0,0.15206756,Low
16187,0,0,0.16561191,Low
16188,0,1,0.8129761,Very High
16189,1,1,0.8380171,Very High
16190,0,0,0.11574232,Low
16191,1,1,0.6816581,Very High
16192,1,1,0.8453409,Very High
16193,0,0,0.07106659,Low
16194,0,0,0.11987959,Low
16195,0,0,0.3082769,Medium
16196,1,0,0.15910368,Low
16197,0,0,0.11954063,Low
16198,0,0,0.46953556,High
16199,0,0,0.23778312,Medium
16200,0,0,0.33610478,Medium
16201,0,1,0.56383705,High
16202,0,0,0.24898756,Medium
16203,0,0,0.2960827,Medium
16204,0,0,0.34114537,Medium
16205,0,0,0.41657817,High
16206,0,0,0.3282319,Medium
16207,0,0,0.123220935,Low
16208,0,0,0.26098135,Medium
16209,1,0,0.12438831,Low
16210,1,1,0.8994253,Very High
16211,0,0,0.35613054,Medium
16212,0,1,0.69327116,Very High
16213,0,0,0.22096413,Medium
16214,0,0,0.14985277,Low
16215,0,0,0.19042268,Low
16216,0,0,0.23013104,Medium
16217,0,0,0.15177561,Low
16218,0,0,0.3004547,Medium
16219,0,0,0.36033902,Medium
16220,1,0,0.47213385,High
16221,0,0,0.10857937,Low
16222,0,0,0.1920739,Low
16223,1,1,0.8818251,Very High
16224,1,1,0.8814338,Very High
16225,1,1,0.6555027,Very High
16226,1,0,0.25835133,Medium
16227,1,1,0.85946125,Very High
16228,0,1,0.6221539,Very High
16229,1,1,0.8613181,Very High
16230,0,0,0.13690041,Low
16231,0,0,0.33022097,Medium
16232,1,0,0.43490383,High
16233,0,0,0.11641425,Low
16234,0,0,0.12627776,Low
16235,0,0,0.31922325,Medium
16236,1,1,0.8985046,Very High
16237,0,1,0.8463418,Very High
16238,1,1,0.87243736,Very High
16239,0,0,0.2893735,Medium
16240,0,0,0.11753995,Low
16241,0,0,0.18428877,Low
16242,0,0,0.10848544,Low
16243,0,0,0.2938374,Medium
16244,1,0,0.4086049,High
16245,0,0,0.38490677,Medium
16246,0,0,0.28902227,Medium
16247,1,1,0.7226969,Very High
16248,1,1,0.8943746,Very High
16249,0,0,0.41209325,High
16250,0,0,0.3554232,Medium
16251,0,0,0.48733652,High
16252,0,1,0.7119478,Very High
16253,0,0,0.1503796,Low
16254,0,0,0.15136959,Low
16255,1,0,0.40770605,High
16256,0,1,0.53385234,High
16257,0,0,0.20503418,Medium
16258,1,0,0.41386947,High
16259,0,0,0.48466003,High
16260,1,1,0.8600257,Very High
16261,0,1,0.6949571,Very High
16262,0,0,0.2806945,Medium
16263,0,0,0.0995464,Low
16264,0,0,0.10980681,Low
16265,1,1,0.6372999,Very High
16266,0,0,0.18678765,Low
16267,0,0,0.115962945,Low
16268,0,0,0.28438947,Medium
16269,0,0,0.09944532,Low
16270,0,0,0.11320297,Low
16271,0,0,0.11592255,Low
16272,0,0,0.15566087,Low
16273,0,0,0.28497723,Medium
16274,0,0,0.33528796,Medium
16275,0,1,0.56126976,High
16276,0,0,0.19774744,Low
16277,1,0,0.08074911,Low
16278,0,0,0.18322457,Low
16279,0,0,0.15832339,Low
16280,0,0,0.21261756,Medium
16281,0,0,0.031648528,Low
16282,0,1,0.5487775,High
16283,0,0,0.11997368,Low
16284,0,0,0.14173004,Low
16285,0,1,0.8061433,Very High
16286,0,0,0.47464108,High
16287,0,1,0.81480324,Very High
16288,0,0,0.3081664,Medium
16289,1,0,0.34552193,Medium
16290,1,1,0.72142655,Very High
16291,1,1,0.56952155,High
16292,0,0,0.20744036,Medium
16293,1,0,0.34859297,Medium
16294,0,0,0.3188036,Medium
16295,1,1,0.6477507,Very High
16296,0,0,0.45423084,High
16297,0,0,0.4839997,High
16298,1,1,0.8432463,Very High
16299,0,0,0.33180174,Medium
16300,1,1,0.7723443,Very High
16301,0,0,0.12194146,Low
16302,0,0,0.3627413,Medium
16303,1,1,0.8373457,Very High
16304,0,0,0.06120681,Low
16305,1,1,0.8160342,Very High
16306,1,1,0.632921,Very High
16307,0,0,0.3484286,Medium
16308,1,1,0.8206378,Very High
16309,0,0,0.116761975,Low
16310,0,1,0.88056684,Very High
16311,0,0,0.2350692,Medium
16312,0,0,0.15616845,Low
16313,0,0,0.32990578,Medium
16314,0,0,0.31571478,Medium
16315,0,0,0.15318419,Low
16316,0,1,0.6105134,Very High
16317,0,0,0.32737988,Medium
16318,0,0,0.17378782,Low
16319,0,0,0.264185,Medium
16320,0,0,0.44770053,High
16321,0,0,0.28893408,Medium
16322,0,0,0.3234768,Medium
16323,1,0,0.4527147,High
16324,0,0,0.17873564,Low
16325,1,0,0.30118784,Medium
16326,0,1,0.72228944,Very High
16327,1,0,0.1769869,Low
16328,0,1,0.5213721,High
16329,0,0,0.37595183,Medium
16330,0,0,0.19790794,Low
16331,1,1,0.7748936,Very High
16332,0,0,0.2416197,Medium
16333,0,0,0.42815605,High
16334,1,0,0.31969538,Medium
16335,0,0,0.32856554,Medium
16336,0,1,0.5345825,High
16337,0,0,0.28531107,Medium
16338,1,0,0.29890007,Medium
16339,1,0,0.25709862,Medium
16340,1,1,0.92238307,Very High
16341,0,0,0.31101906,Medium
16342,0,0,0.22831473,Medium
16343,0,0,0.15774491,Low
16344,1,1,0.6048391,Very High
16345,0,1,0.5014712,High
16346,0,0,0.052906558,Low
16347,1,1,0.72046053,Very High
16348,0,1,0.8034649,Very High
16349,0,0,0.08743823,Low
16350,1,0,0.21292116,Medium
16351,0,1,0.853588,Very High
16352,0,0,0.08497745,Low
16353,1,0,0.307877,Medium
16354,1,1,0.5160961,High
16355,0,0,0.09613291,Low
16356,0,0,0.33886763,Medium
16357,0,0,0.28146768,Medium
16358,0,1,0.6744566,Very High
16359,0,0,0.35944772,Medium
16360,0,1,0.5285797,High
16361,0,0,0.48543108,High
16362,0,0,0.17580706,Low
16363,0,1,0.5385176,High
16364,0,0,0.2789473,Medium
16365,0,0,0.22896682,Medium
16366,0,0,0.23191099,Medium
16367,0,0,0.30999175,Medium
16368,1,0,0.3078403,Medium
16369,0,0,0.1610537,Low
16370,0,0,0.063120514,Low
16371,0,0,0.18265195,Low
16372,0,0,0.09181664,Low
16373,0,0,0.3421184,Medium
16374,0,0,0.10430388,Low
16375,1,1,0.89492077,Very High
16376,1,1,0.80236053,Very High
16377,1,1,0.92197204,Very High
16378,0,0,0.14773491,Low
16379,0,0,0.15899713,Low
16380,1,1,0.7543604,Very High
16381,1,0,0.45468557,High
16382,1,0,0.3384207,Medium
16383,1,1,0.61898005,Very High
16384,0,1,0.5901314,High
16385,0,0,0.41096973,High
16386,0,0,0.3462831,Medium
16387,1,0,0.4725809,High
16388,0,0,0.06717626,Low
16389,0,0,0.20410433,Medium
16390,0,1,0.671381,Very High
16391,1,0,0.32609457,Medium
16392,1,0,0.26997164,Medium
16393,0,0,0.12748578,Low
16394,0,0,0.23810528,Medium
16395,0,0,0.24563873,Medium
16396,0,0,0.105908744,Low
16397,0,1,0.8236608,Very High
16398,0,0,0.3379044,Medium
16399,0,0,0.38272497,Medium
16400,0,0,0.26351085,Medium
16401,1,1,0.8813719,Very High
16402,0,0,0.4635546,High
16403,0,0,0.2875821,Medium
16404,0,0,0.47792563,High
16405,0,0,0.4417766,High
16406,1,0,0.16232243,Low
16407,1,0,0.25312623,Medium
16408,0,1,0.5129837,High
16409,0,0,0.22342484,Medium
16410,0,0,0.12251025,Low
16411,0,0,0.36801618,Medium
16412,0,0,0.1736592,Low
16413,0,0,0.3774173,Medium
16414,0,0,0.44574553,High
16415,0,0,0.36858803,Medium
16416,0,1,0.71439844,Very High
16417,0,0,0.41095906,High
16418,0,0,0.24259211,Medium
16419,0,0,0.13201353,Low
16420,0,0,0.35532898,Medium
16421,0,0,0.053065177,Low
16422,0,0,0.3179854,Medium
16423,0,0,0.22626229,Medium
16424,1,0,0.4754528,High
16425,0,0,0.21736579,Medium
16426,0,0,0.24339096,Medium
16427,0,0,0.49858743,High
16428,0,0,0.35678264,Medium
16429,0,0,0.45507187,High
16430,0,0,0.41346076,High
16431,0,0,0.059026312,Low
16432,0,1,0.8307664,Very High
16433,1,1,0.7669005,Very High
16434,1,0,0.3080165,Medium
16435,1,1,0.50050473,High
16436,0,0,0.342835,Medium
16437,0,0,0.43741462,High
16438,0,0,0.11980631,Low
16439,1,0,0.24771644,Medium
16440,1,1,0.5955096,High
16441,1,1,0.58782876,High
16442,0,0,0.20610507,Medium
16443,0,0,0.3855642,Medium
16444,0,1,0.599137,High
16445,0,0,0.32214826,Medium
16446,0,0,0.19369355,Low
16447,1,1,0.6823028,Very High
16448,0,0,0.36385143,Medium
16449,1,0,0.2693964,Medium
16450,0,0,0.25034738,Medium
16451,0,0,0.36742178,Medium
16452,1,1,0.92444324,Very High
16453,0,0,0.122767285,Low
16454,0,0,0.47452223,High
16455,1,1,0.89375937,Very High
16456,0,1,0.84154755,Very High
16457,1,0,0.24893484,Medium
16458,0,0,0.10819121,Low
16459,0,1,0.7226566,Very High
16460,1,1,0.82450366,Very High
16461,0,0,0.24338903,Medium
16462,1,1,0.90321624,Very High
16463,0,0,0.35394177,Medium
16464,1,1,0.86961645,Very High
16465,0,0,0.2444351,Medium
16466,0,0,0.20985837,Medium
16467,0,0,0.23733453,Medium
16468,1,1,0.50611204,High
16469,0,0,0.3781014,Medium
16470,1,1,0.914288,Very High
16471,0,0,0.1410127,Low
16472,0,0,0.134343,Low
16473,0,0,0.13698907,Low
16474,0,0,0.4038144,High
16475,0,0,0.45642483,High
16476,1,1,0.7530416,Very High
16477,0,0,0.22584471,Medium
16478,1,1,0.9139625,Very High
16479,1,1,0.8249387,Very High
16480,1,1,0.7928738,Very High
16481,1,1,0.531733,High
16482,0,0,0.100907,Low
16483,1,0,0.47410348,High
16484,0,0,0.30930156,Medium
16485,1,0,0.3186906,Medium
16486,0,0,0.22013669,Medium
16487,0,0,0.18681224,Low
16488,1,1,0.85364306,Very High
16489,0,1,0.50770247,High
16490,1,1,0.88538337,Very High
16491,1,1,0.53060853,High
16492,0,1,0.5145339,High
16493,0,0,0.23071624,Medium
16494,0,0,0.3437123,Medium
16495,0,0,0.2281222,Medium
16496,1,1,0.5927952,High
16497,0,1,0.5177751,High
16498,0,1,0.73765427,Very High
16499,0,0,0.42960966,High
16500,0,0,0.21470496,Medium
16501,1,0,0.31853622,Medium
16502,0,0,0.42255077,High
16503,1,1,0.8944299,Very High
16504,0,0,0.42690533,High
16505,0,0,0.31039488,Medium
16506,1,1,0.7675954,Very High
16507,1,1,0.8125097,Very High
16508,1,1,0.8319802,Very High
16509,0,0,0.41005594,High
16510,1,1,0.75615764,Very High
16511,0,0,0.21498707,Medium
16512,1,1,0.8631684,Very High
16513,1,1,0.9125806,Very High
16514,0,0,0.2660581,Medium
16515,1,1,0.7156591,Very High
16516,1,1,0.70011324,Very High
16517,0,0,0.09775476,Low
16518,1,1,0.8007162,Very High
16519,0,0,0.325529,Medium
16520,1,1,0.69835883,Very High
16521,0,1,0.87504435,Very High
16522,1,1,0.8211531,Very High
16523,0,1,0.579737,High
16524,0,0,0.3505351,Medium
16525,0,1,0.7596987,Very High
16526,0,0,0.48214608,High
16527,0,1,0.8536994,Very High
16528,0,0,0.09484004,Low
16529,0,0,0.37283522,Medium
16530,0,0,0.24652344,Medium
16531,0,0,0.26790473,Medium
16532,0,0,0.3003621,Medium
16533,0,0,0.3652212,Medium
16534,0,0,0.23968077,Medium
16535,0,0,0.288898,Medium
16536,1,1,0.7315943,Very High
16537,0,0,0.067364454,Low
16538,0,0,0.27012917,Medium
16539,0,1,0.5651071,High
16540,0,0,0.36715913,Medium
16541,0,1,0.7421341,Very High
16542,1,1,0.83134323,Very High
16543,1,1,0.8830709,Very High
16544,1,1,0.77398807,Very High
16545,0,0,0.29956058,Medium
16546,0,0,0.42732677,High
16547,1,0,0.27910614,Medium
16548,0,0,0.056273863,Low
16549,0,1,0.73762476,Very High
16550,0,1,0.7848949,Very High
16551,0,0,0.09651423,Low
16552,0,0,0.29064864,Medium
16553,1,0,0.3583396,Medium
16554,0,0,0.47435978,High
16555,1,1,0.91847694,Very High
16556,0,0,0.4483215,High
16557,0,0,0.13925602,Low
16558,0,0,0.2440242,Medium
16559,1,1,0.8700592,Very High
16560,1,1,0.5723145,High
16561,0,0,0.10370767,Low
16562,1,0,0.46495208,High
16563,0,0,0.331688,Medium
16564,0,0,0.3181893,Medium
16565,0,0,0.11480009,Low
16566,0,0,0.28020665,Medium
16567,1,1,0.7947224,Very High
16568,0,1,0.6274868,Very High
16569,0,1,0.5205676,High
16570,0,0,0.28079796,Medium
16571,1,0,0.33414304,Medium
16572,0,1,0.8563164,Very High
16573,0,0,0.17271538,Low
16574,0,0,0.34572762,Medium
16575,0,1,0.66285783,Very High
16576,0,0,0.391849,Medium
16577,0,1,0.8510551,Very High
16578,0,0,0.16569793,Low
16579,1,1,0.7150187,Very High
16580,0,0,0.37511888,Medium
16581,0,0,0.1786998,Low
16582,0,1,0.82575786,Very High
16583,1,0,0.2974816,Medium
16584,0,0,0.29600972,Medium
16585,1,0,0.32176688,Medium
16586,0,0,0.08441153,Low
16587,0,0,0.13222641,Low
16588,0,0,0.11770889,Low
16589,0,0,0.09700406,Low
16590,0,0,0.32565457,Medium
16591,0,1,0.70344,Very High
16592,0,1,0.57859,High
16593,1,1,0.89668226,Very High
16594,0,1,0.7961813,Very High
16595,1,1,0.7413773,Very High
16596,1,0,0.303311,Medium
16597,0,1,0.5142788,High
16598,0,0,0.11701926,Low
16599,1,1,0.64219177,Very High
16600,0,0,0.40464172,High
16601,0,1,0.9030942,Very High
16602,0,0,0.26426768,Medium
16603,1,1,0.857219,Very High
16604,0,0,0.30680823,Medium
16605,0,0,0.32652727,Medium
16606,0,0,0.29345065,Medium
16607,0,0,0.37296984,Medium
16608,0,1,0.6629794,Very High
16609,1,1,0.56922513,High
16610,0,0,0.1757969,Low
16611,0,1,0.66510546,Very High
16612,0,1,0.58109033,High
16613,1,1,0.8734553,Very High
16614,0,0,0.25428486,Medium
16615,1,0,0.23457882,Medium
16616,0,1,0.5579354,High
16617,0,0,0.41120157,High
16618,0,0,0.1381093,Low
16619,0,0,0.112741016,Low
16620,0,0,0.39673996,Medium
16621,0,1,0.78833395,Very High
16622,0,0,0.3395899,Medium
16623,1,1,0.8851232,Very High
16624,0,0,0.20193592,Medium
16625,0,0,0.18740682,Low
16626,1,1,0.90553147,Very High
16627,1,1,0.83003724,Very High
16628,1,0,0.19825256,Low
16629,0,0,0.38288718,Medium
16630,0,0,0.2689936,Medium
16631,0,0,0.492737,High
16632,1,1,0.6581217,Very High
16633,0,0,0.3892757,Medium
16634,1,1,0.85523546,Very High
16635,1,1,0.8757207,Very High
16636,0,0,0.05504021,Low
16637,1,0,0.397874,Medium
16638,1,1,0.67775714,Very High
16639,0,0,0.2774491,Medium
16640,1,1,0.6952533,Very High
16641,1,1,0.87581265,Very High
16642,0,0,0.20248103,Medium
16643,0,1,0.73230946,Very High
16644,0,0,0.45138645,High
16645,1,0,0.43938577,High
16646,0,0,0.27682978,Medium
16647,0,0,0.18393007,Low
16648,0,0,0.23829935,Medium
16649,0,0,0.40029505,High
16650,1,1,0.80406076,Very High
16651,0,0,0.3868713,Medium
16652,1,1,0.7636143,Very High
16653,0,0,0.26939875,Medium
16654,0,0,0.2675817,Medium
16655,1,0,0.45123196,High
16656,0,0,0.23426466,Medium
16657,0,0,0.4217556,High
16658,0,0,0.123014316,Low
16659,0,0,0.32649022,Medium
16660,0,0,0.3050151,Medium
16661,0,0,0.26113647,Medium
16662,0,0,0.30209932,Medium
16663,1,1,0.8582203,Very High
16664,0,0,0.37450722,Medium
16665,0,0,0.20320022,Medium
16666,0,0,0.10482757,Low
16667,1,0,0.23334108,Medium
16668,1,1,0.74847883,Very High
16669,0,0,0.35985702,Medium
16670,0,0,0.19868946,Low
16671,0,0,0.44452658,High
16672,0,0,0.13865095,Low
16673,0,1,0.6041387,Very High
16674,0,0,0.2577012,Medium
16675,0,1,0.6564177,Very High
16676,0,0,0.3538569,Medium
16677,0,0,0.19167867,Low
16678,0,0,0.36879784,Medium
16679,0,1,0.6759363,Very High
16680,1,1,0.7510934,Very High
16681,0,0,0.27442366,Medium
16682,0,1,0.7348088,Very High
16683,0,0,0.18347695,Low
16684,1,1,0.91128665,Very High
16685,0,0,0.37395427,Medium
16686,0,1,0.51238745,High
16687,1,1,0.73518693,Very High
16688,0,0,0.17242493,Low
16689,1,1,0.66809773,Very High
16690,1,1,0.89764315,Very High
16691,1,1,0.8686058,Very High
16692,0,0,0.16338745,Low
16693,0,0,0.124383144,Low
16694,1,1,0.8623583,Very High
16695,0,0,0.1392171,Low
16696,0,0,0.30473092,Medium
16697,0,1,0.8684027,Very High
16698,0,1,0.6921654,Very High
16699,0,0,0.32267848,Medium
16700,1,1,0.9015364,Very High
16701,1,1,0.664589,Very High
16702,0,0,0.095408484,Low
16703,0,0,0.3420304,Medium
16704,0,0,0.34488514,Medium
16705,0,1,0.8546186,Very High
16706,0,0,0.16376399,Low
16707,0,0,0.24360763,Medium
16708,0,0,0.28842077,Medium
16709,0,0,0.30898649,Medium
16710,0,0,0.1695703,Low
16711,0,1,0.70316386,Very High
16712,1,1,0.6223685,Very High
16713,0,0,0.3874342,Medium
16714,1,1,0.8650547,Very High
16715,0,0,0.20815213,Medium
16716,0,0,0.417977,High
16717,0,0,0.24965516,Medium
16718,1,1,0.6370617,Very High
16719,0,0,0.337641,Medium
16720,0,0,0.14973648,Low
16721,1,0,0.2377193,Medium
16722,0,0,0.31813422,Medium
16723,1,1,0.8464564,Very High
16724,0,0,0.1419185,Low
16725,0,0,0.10802975,Low
16726,0,0,0.13927773,Low
16727,0,1,0.5825057,High
16728,1,1,0.8332403,Very High
16729,0,0,0.36908332,Medium
16730,1,1,0.72789484,Very High
16731,0,0,0.25087434,Medium
16732,1,0,0.3679123,Medium
16733,0,1,0.87367725,Very High
16734,1,0,0.35864466,Medium
16735,0,0,0.3156355,Medium
16736,0,0,0.28117582,Medium
16737,0,0,0.35777557,Medium
16738,0,0,0.2233589,Medium
16739,1,1,0.6244874,Very High
16740,0,0,0.17578961,Low
16741,1,1,0.559662,High
16742,0,0,0.34365547,Medium
16743,0,1,0.65921295,Very High
16744,0,1,0.7350071,Very High
16745,1,0,0.3041864,Medium
16746,0,0,0.1865562,Low
16747,0,0,0.13614298,Low
16748,0,0,0.20363145,Medium
16749,0,1,0.89836276,Very High
16750,0,0,0.30953628,Medium
16751,0,0,0.38754183,Medium
16752,0,1,0.72183955,Very High
16753,0,0,0.18288204,Low
16754,1,1,0.7676738,Very High
16755,0,0,0.43966377,High
16756,1,0,0.33440655,Medium
16757,0,0,0.33767274,Medium
16758,0,0,0.47965097,High
16759,0,0,0.27780774,Medium
16760,0,0,0.23421675,Medium
16761,0,0,0.17013,Low
16762,0,0,0.37155417,Medium
16763,1,1,0.87527835,Very High
16764,0,0,0.40280905,High
16765,0,1,0.89985204,Very High
16766,0,0,0.34332854,Medium
16767,0,0,0.36662573,Medium
16768,1,1,0.52707934,High
16769,0,1,0.699014,Very High
16770,0,0,0.31577018,Medium
16771,1,1,0.8244648,Very High
16772,1,1,0.89112693,Very High
16773,1,1,0.65937203,Very High
16774,0,0,0.3767171,Medium
16775,0,0,0.4500268,High
16776,0,0,0.23934321,Medium
16777,0,0,0.3879323,Medium
16778,0,0,0.16207418,Low
16779,0,0,0.49741113,High
16780,1,0,0.49137256,High
16781,1,0,0.24608712,Medium
16782,0,1,0.72947955,Very High
16783,1,1,0.58399814,High
16784,1,0,0.35792512,Medium
16785,1,0,0.3121724,Medium
16786,1,1,0.71220255,Very High
16787,0,0,0.2772829,Medium
16788,1,1,0.5159201,High
16789,1,1,0.9178393,Very High
16790,1,1,0.88733876,Very High
16791,0,0,0.11887047,Low
16792,0,0,0.26620844,Medium
16793,0,1,0.8708415,Very High
16794,0,0,0.16901812,Low
16795,0,0,0.27479607,Medium
16796,0,0,0.07526727,Low
16797,0,1,0.58818114,High
16798,0,0,0.21337897,Medium
16799,0,1,0.7565617,Very High
16800,1,1,0.74954724,Very High
16801,0,0,0.2681911,Medium
16802,1,1,0.7782277,Very High
16803,0,0,0.32177672,Medium
16804,0,0,0.114697926,Low
16805,0,1,0.5429832,High
16806,0,0,0.22476849,Medium
16807,1,1,0.6371914,Very High
16808,1,0,0.28107285,Medium
16809,0,0,0.19144271,Low
16810,0,0,0.081417635,Low
16811,0,0,0.27420992,Medium
16812,0,0,0.2545963,Medium
16813,1,1,0.8831759,Very High
16814,1,0,0.3163046,Medium
16815,1,0,0.3266405,Medium
16816,0,0,0.2976561,Medium
16817,0,0,0.17828465,Low
16818,0,0,0.19606578,Low
16819,0,0,0.28276697,Medium
16820,0,0,0.16724278,Low
16821,0,0,0.25755867,Medium
16822,0,0,0.18619125,Low
16823,0,1,0.8029778,Very High
16824,0,0,0.20675626,Medium
16825,1,0,0.36910525,Medium
16826,1,0,0.25763887,Medium
16827,1,1,0.54980624,High
16828,0,0,0.2653296,Medium
16829,0,0,0.12864472,Low
16830,1,0,0.1495932,Low
16831,0,0,0.34837693,Medium
16832,1,0,0.30637977,Medium
16833,1,1,0.88123655,Very High
16834,0,1,0.7868375,Very High
16835,1,1,0.87785465,Very High
16836,0,0,0.2246116,Medium
16837,0,0,0.13801031,Low
16838,0,0,0.25882092,Medium
16839,1,1,0.9117089,Very High
16840,1,1,0.5976091,High
16841,0,0,0.19178379,Low
16842,0,0,0.25073957,Medium
16843,0,0,0.2815357,Medium
16844,0,0,0.32783815,Medium
16845,1,1,0.594208,High
16846,1,1,0.61059594,Very High
16847,0,0,0.23622519,Medium
16848,1,1,0.8782782,Very High
16849,0,0,0.34382206,Medium
16850,1,1,0.8778704,Very High
16851,0,0,0.19913357,Low
16852,0,0,0.38578117,Medium
16853,0,0,0.11413956,Low
16854,1,1,0.8908607,Very High
16855,0,1,0.52105623,High
16856,0,0,0.44348258,High
16857,0,1,0.8798391,Very High
16858,0,0,0.3157893,Medium
16859,1,1,0.77301323,Very High
16860,0,0,0.23288125,Medium
16861,0,0,0.22727132,Medium
16862,0,0,0.1536815,Low
16863,1,0,0.29153755,Medium
16864,1,0,0.36956462,Medium
16865,0,1,0.5256687,High
16866,0,0,0.15258817,Low
16867,0,0,0.3527097,Medium
16868,0,1,0.5165803,High
16869,0,0,0.22290719,Medium
16870,1,1,0.79310185,Very High
16871,0,1,0.6706767,Very High
16872,1,1,0.6936609,Very High
16873,1,0,0.36405584,Medium
16874,0,1,0.51827914,High
16875,0,0,0.47745895,High
16876,0,0,0.24856243,Medium
16877,0,0,0.16836411,Low
16878,1,0,0.348637,Medium
16879,0,0,0.082549065,Low
16880,0,0,0.3876533,Medium
16881,0,1,0.7567379,Very High
16882,0,0,0.11643985,Low
16883,0,0,0.24447386,Medium
16884,0,0,0.30528978,Medium
16885,1,0,0.39579576,Medium
16886,0,0,0.35079205,Medium
16887,0,0,0.21764836,Medium
16888,0,0,0.27522022,Medium
16889,0,0,0.09721313,Low
16890,1,1,0.8842408,Very High
16891,0,0,0.076276265,Low
16892,0,0,0.45104542,High
16893,0,0,0.17783614,Low
16894,0,0,0.20468363,Medium
16895,1,0,0.27805227,Medium
16896,1,1,0.61742246,Very High
16897,0,0,0.16828501,Low
16898,0,0,0.08123913,Low
16899,0,0,0.21551661,Medium
16900,0,0,0.30296463,Medium
16901,0,1,0.5473335,High
16902,0,0,0.23629743,Medium
16903,0,0,0.29639792,Medium
16904,0,0,0.09664697,Low
16905,0,0,0.13935782,Low
16906,0,0,0.25309983,Medium
16907,0,0,0.21051009,Medium
16908,1,0,0.4881335,High
16909,1,1,0.79544723,Very High
16910,0,0,0.32888517,Medium
16911,0,0,0.18347684,Low
16912,0,0,0.2985269,Medium
16913,0,1,0.5236939,High
16914,0,0,0.32701543,Medium
16915,1,1,0.8299131,Very High
16916,0,0,0.13797386,Low
16917,0,0,0.30358776,Medium
16918,0,0,0.33705866,Medium
16919,0,0,0.3796994,Medium
16920,0,1,0.8967618,Very High
16921,0,0,0.45333958,High
16922,0,0,0.26072797,Medium
16923,1,1,0.6590826,Very High
16924,0,1,0.52943337,High
16925,0,0,0.33830744,Medium
16926,1,1,0.79886353,Very High
16927,0,0,0.22749399,Medium
16928,0,0,0.22712623,Medium
16929,0,0,0.27189377,Medium
16930,0,0,0.3565691,Medium
16931,0,0,0.31814525,Medium
16932,0,1,0.5102855,High
16933,1,1,0.9361109,Very High
16934,0,1,0.56010693,High
16935,0,0,0.3918964,Medium
16936,0,0,0.31548175,Medium
16937,0,0,0.26912507,Medium
16938,1,1,0.90038025,Very High
16939,0,0,0.22864679,Medium
16940,0,0,0.10974497,Low
16941,1,0,0.2475655,Medium
16942,1,1,0.844829,Very High
16943,1,1,0.8821226,Very High
16944,0,0,0.32060683,Medium
16945,0,0,0.0995568,Low
16946,0,1,0.8415007,Very High
16947,0,1,0.8046383,Very High
16948,0,0,0.13130434,Low
16949,0,0,0.23918624,Medium
16950,1,1,0.86786854,Very High
16951,0,1,0.6369492,Very High
16952,0,0,0.08921974,Low
16953,1,1,0.74393743,Very High
16954,0,1,0.8837159,Very High
16955,0,0,0.37298855,Medium
16956,0,0,0.33046412,Medium
16957,0,1,0.8460962,Very High
16958,0,0,0.16664557,Low
16959,0,0,0.09566978,Low
16960,1,0,0.42688134,High
16961,1,1,0.90431,Very High
16962,1,0,0.3035355,Medium
16963,0,0,0.15037133,Low
16964,1,1,0.9194541,Very High
16965,0,0,0.19882786,Low
16966,0,0,0.25407875,Medium
16967,0,0,0.14846006,Low
16968,0,1,0.64568603,Very High
16969,0,0,0.45513046,High
16970,1,0,0.19570962,Low
16971,1,1,0.8475027,Very High
16972,0,0,0.2517126,Medium
16973,1,1,0.68526053,Very High
16974,0,0,0.086809,Low
16975,1,1,0.86434245,Very High
16976,0,0,0.35169807,Medium
16977,0,0,0.18943714,Low
16978,0,1,0.74434066,Very High
16979,1,0,0.41720113,High
16980,0,1,0.57295495,High
16981,0,0,0.14251773,Low
16982,0,0,0.21566811,Medium
16983,0,0,0.2603762,Medium
16984,0,0,0.20977092,Medium
16985,0,0,0.14090097,Low
16986,0,0,0.25194597,Medium
16987,1,0,0.2394319,Medium
16988,1,1,0.80782396,Very High
16989,0,1,0.5584757,High
16990,0,0,0.15692434,Low
16991,0,0,0.38506722,Medium
16992,1,1,0.8814391,Very High
16993,1,0,0.33158627,Medium
16994,0,0,0.23704085,Medium
16995,1,1,0.8215409,Very High
16996,0,1,0.8141522,Very High
16997,0,0,0.28690428,Medium
16998,0,0,0.12684923,Low
16999,0,0,0.43074286,High
17000,0,0,0.27526492,Medium
17001,0,0,0.20864095,Medium
17002,1,1,0.5252057,High
17003,0,0,0.19125372,Low
17004,0,0,0.30192396,Medium
17005,0,1,0.89345473,Very High
17006,0,0,0.37558195,Medium
17007,1,1,0.583498,High
17008,1,0,0.24447004,Medium
17009,0,1,0.87599015,Very High
17010,0,0,0.12315927,Low
17011,0,0,0.38850412,Medium
17012,0,1,0.53986746,High
17013,0,0,0.30998823,Medium
17014,0,0,0.31397095,Medium
17015,0,0,0.45213026,High
17016,1,1,0.84466374,Very High
17017,0,0,0.24419698,Medium
17018,1,1,0.52260506,High
17019,0,0,0.19716433,Low
17020,1,1,0.56729156,High
17021,1,1,0.8734476,Very High
17022,0,1,0.5841707,High
17023,0,0,0.21349443,Medium
17024,1,0,0.2878181,Medium
17025,0,0,0.32533413,Medium
17026,1,1,0.83789337,Very High
17027,1,0,0.33829835,Medium
17028,1,0,0.33975902,Medium
17029,0,0,0.31841725,Medium
17030,0,0,0.32042903,Medium
17031,0,1,0.661437,Very High
17032,1,1,0.8788985,Very High
17033,0,1,0.55533326,High
17034,1,1,0.9202798,Very High
17035,1,0,0.4190448,High
17036,0,0,0.2890566,Medium
17037,0,0,0.14468972,Low
17038,0,0,0.37424606,Medium
17039,0,0,0.26202053,Medium
17040,1,1,0.883231,Very High
17041,0,1,0.7303731,Very High
17042,0,0,0.14347766,Low
17043,0,0,0.10282417,Low
17044,1,1,0.87730986,Very High
17045,0,1,0.52526623,High
17046,1,0,0.28910187,Medium
17047,1,0,0.24325535,Medium
17048,0,0,0.2883605,Medium
17049,1,1,0.8677996,Very High
17050,1,1,0.85725665,Very High
17051,1,1,0.8504624,Very High
17052,1,1,0.78226864,Very High
17053,1,1,0.81738305,Very High
17054,1,0,0.31690496,Medium
17055,0,0,0.4878548,High
17056,0,1,0.8696964,Very High
17057,0,0,0.25234044,Medium
17058,1,1,0.81266356,Very High
17059,1,0,0.32128942,Medium
17060,1,1,0.8158874,Very High
17061,1,0,0.35305652,Medium
17062,0,1,0.8196234,Very High
17063,0,0,0.3075672,Medium
17064,1,0,0.4819271,High
17065,0,1,0.50110996,High
17066,0,0,0.2243528,Medium
17067,0,0,0.22064011,Medium
17068,0,0,0.12971336,Low
17069,0,0,0.27713466,Medium
17070,1,1,0.8054989,Very High
17071,0,0,0.2155302,Medium
17072,1,0,0.34630075,Medium
17073,0,0,0.2014234,Medium
17074,0,0,0.46728382,High
17075,0,0,0.42278865,High
17076,0,0,0.309471,Medium
17077,1,1,0.86936736,Very High
17078,0,0,0.465661,High
17079,0,0,0.36364394,Medium
17080,0,0,0.20976394,Medium
17081,0,0,0.1405172,Low
17082,0,0,0.32444936,Medium
17083,0,0,0.21744914,Medium
17084,0,1,0.58885366,High
17085,0,0,0.24012098,Medium
17086,1,1,0.6524305,Very High
17087,0,1,0.7205771,Very High
17088,1,1,0.7409825,Very High
17089,0,0,0.42989615,High
17090,0,1,0.55393803,High
17091,0,0,0.22739725,Medium
17092,0,1,0.72725135,Very High
17093,1,0,0.2738428,Medium
17094,0,0,0.28752267,Medium
17095,0,0,0.14620943,Low
17096,0,0,0.22804292,Medium
17097,0,0,0.28413832,Medium
17098,0,0,0.1614929,Low
17099,0,0,0.22997549,Medium
17100,0,0,0.14185475,Low
17101,1,1,0.6974534,Very High
17102,1,1,0.56784046,High
17103,0,0,0.41136017,High
17104,0,0,0.43625993,High
17105,0,0,0.15676072,Low
17106,1,0,0.34209147,Medium
17107,1,0,0.3979594,Medium
17108,0,0,0.32887414,Medium
17109,0,0,0.073888406,Low
17110,1,0,0.24416131,Medium
17111,0,0,0.40050918,High
17112,0,1,0.6141451,Very High
17113,0,0,0.19300607,Low
17114,0,0,0.31261528,Medium
17115,0,0,0.3903537,Medium
17116,0,0,0.21424595,Medium
17117,0,0,0.2942572,Medium
17118,0,0,0.29330823,Medium
17119,0,0,0.19662069,Low
17120,0,0,0.07532687,Low
17121,0,0,0.38237023,Medium
17122,1,1,0.86922264,Very High
17123,0,0,0.29965985,Medium
17124,0,0,0.24502261,Medium
17125,0,0,0.15532146,Low
17126,0,0,0.3268615,Medium
17127,0,0,0.34121147,Medium
17128,0,0,0.10658469,Low
17129,0,0,0.4476344,High
17130,1,1,0.88439083,Very High
17131,0,0,0.23526667,Medium
17132,0,0,0.31832877,Medium
17133,1,0,0.34156457,Medium
17134,1,1,0.80388767,Very High
17135,0,0,0.19194359,Low
17136,0,0,0.21889886,Medium
17137,1,0,0.1489452,Low
17138,1,1,0.5420068,High
17139,1,1,0.661313,Very High
17140,1,1,0.5438458,High
17141,1,1,0.89921033,Very High
17142,0,0,0.22603746,Medium
17143,1,1,0.65960175,Very High
17144,0,0,0.14054188,Low
17145,0,0,0.109565414,Low
17146,0,0,0.14086254,Low
17147,1,0,0.34418458,Medium
17148,0,0,0.4333713,High
17149,0,1,0.71131027,Very High
17150,0,0,0.34226567,Medium
17151,0,0,0.2498958,Medium
17152,0,0,0.13945326,Low
17153,0,0,0.07709593,Low
17154,1,1,0.84380955,Very High
17155,1,1,0.8553012,Very High
17156,1,1,0.8995397,Very High
17157,0,0,0.044337954,Low
17158,0,0,0.40167624,High
17159,0,0,0.14191559,Low
17160,1,1,0.7918204,Very High
17161,0,0,0.0951059,Low
17162,0,0,0.20918955,Medium
17163,0,0,0.29175568,Medium
17164,0,0,0.3506522,Medium
17165,0,0,0.14471066,Low
17166,0,0,0.33098465,Medium
17167,0,0,0.29209197,Medium
17168,0,0,0.23604439,Medium
17169,0,0,0.28731364,Medium
17170,0,0,0.220571,Medium
17171,0,0,0.47662264,High
17172,0,1,0.6623482,Very High
17173,0,0,0.22514531,Medium
17174,0,0,0.27946702,Medium
17175,1,1,0.8940316,Very High
17176,0,0,0.14612687,Low
17177,0,0,0.14340721,Low
17178,0,0,0.33387554,Medium
17179,0,0,0.10577407,Low
17180,1,0,0.2782323,Medium
17181,1,1,0.8699691,Very High
17182,0,0,0.33769998,Medium
17183,0,0,0.0822577,Low
17184,0,0,0.097725466,Low
17185,0,0,0.106117964,Low
17186,0,0,0.15972523,Low
17187,0,0,0.16905591,Low
17188,0,0,0.45842123,High
17189,1,1,0.7866265,Very High
17190,1,1,0.84692204,Very High
17191,0,1,0.8413247,Very High
17192,0,1,0.8031134,Very High
17193,0,0,0.08906063,Low
17194,1,0,0.2846105,Medium
17195,0,0,0.22132647,Medium
17196,0,0,0.12701708,Low
17197,0,0,0.3403035,Medium
17198,0,0,0.3452083,Medium
17199,0,0,0.26314333,Medium
17200,0,0,0.124860056,Low
17201,0,0,0.34811276,Medium
17202,1,1,0.8669457,Very High
17203,0,0,0.18101038,Low
17204,1,1,0.8556248,Very High
17205,0,0,0.13574621,Low
17206,0,0,0.27622703,Medium
17207,0,0,0.29579666,Medium
17208,1,1,0.9019294,Very High
17209,0,1,0.652323,Very High
17210,0,0,0.261651,Medium
17211,0,0,0.1730643,Low
17212,0,0,0.36759263,Medium
17213,0,0,0.38959253,Medium
17214,1,1,0.7162992,Very High
17215,0,0,0.16874805,Low
17216,0,0,0.33204043,Medium
17217,0,0,0.35336882,Medium
17218,0,0,0.36714262,Medium
17219,0,1,0.5856311,High
17220,1,0,0.41028282,High
17221,0,0,0.35877028,Medium
17222,0,0,0.27220222,Medium
17223,0,0,0.17906205,Low
17224,0,1,0.5526108,High
17225,0,0,0.4851278,High
17226,0,0,0.14298199,Low
17227,0,0,0.2217237,Medium
17228,0,0,0.2298805,Medium
17229,0,0,0.1144989,Low
17230,0,0,0.3320946,Medium
17231,1,1,0.8753709,Very High
17232,0,1,0.5646803,High
17233,1,1,0.92605174,Very High
17234,0,0,0.30481184,Medium
17235,1,1,0.8549351,Very High
17236,1,1,0.90351534,Very High
17237,1,1,0.8553509,Very High
17238,0,0,0.1355211,Low
17239,0,0,0.3162457,Medium
17240,1,1,0.9307527,Very High
17241,0,1,0.5805387,High
17242,0,0,0.32456905,Medium
17243,0,0,0.37775305,Medium
17244,0,0,0.26648992,Medium
17245,1,1,0.8699615,Very High
17246,0,0,0.45960534,High
17247,0,1,0.5905126,High
17248,1,1,0.9184139,Very High
17249,1,1,0.8610799,Very High
17250,1,0,0.13525839,Low
17251,0,0,0.2710699,Medium
17252,1,1,0.710512,Very High
17253,0,1,0.8355089,Very High
17254,0,0,0.26470405,Medium
17255,1,1,0.8573661,Very High
17256,1,1,0.89293367,Very High
17257,1,1,0.82815623,Very High
17258,1,0,0.21648844,Medium
17259,0,1,0.5485016,High
17260,0,0,0.19092618,Low
17261,0,0,0.19017866,Low
17262,0,0,0.28185657,Medium
17263,0,0,0.2506313,Medium
17264,0,0,0.13059634,Low
17265,1,0,0.1958385,Low
17266,1,1,0.79631615,Very High
17267,0,0,0.32736942,Medium
17268,0,0,0.26494458,Medium
17269,0,1,0.65044254,Very High
17270,0,0,0.21946572,Medium
17271,0,0,0.112687655,Low
17272,0,0,0.18839416,Low
17273,0,0,0.10817701,Low
17274,0,1,0.5330892,High
17275,1,0,0.3490497,Medium
17276,0,0,0.16277795,Low
17277,0,0,0.35166362,Medium
17278,0,0,0.2802508,Medium
17279,0,1,0.8829123,Very High
17280,0,0,0.30744693,Medium
17281,0,0,0.35326147,Medium
17282,1,1,0.64324397,Very High
17283,1,0,0.49859646,High
17284,0,0,0.27511486,Medium
17285,1,1,0.5481681,High
17286,0,0,0.3825284,Medium
17287,0,0,0.22401884,Medium
17288,0,0,0.11288247,Low
17289,0,0,0.2966972,Medium
17290,1,1,0.6154014,Very High
17291,0,0,0.25970381,Medium
17292,1,0,0.27964142,Medium
17293,0,0,0.12925835,Low
17294,0,0,0.36722082,Medium
17295,0,1,0.82575214,Very High
17296,0,0,0.27004254,Medium
17297,1,0,0.39969704,Medium
17298,0,0,0.22027193,Medium
17299,0,0,0.11368553,Low
17300,0,0,0.11320028,Low
17301,0,0,0.25559917,Medium
17302,0,0,0.30756792,Medium
17303,0,0,0.15301546,Low
17304,1,1,0.8610992,Very High
17305,1,1,0.7327786,Very High
17306,0,0,0.33491796,Medium
17307,0,0,0.43732777,High
17308,1,0,0.30115685,Medium
17309,0,0,0.14322522,Low
17310,1,1,0.8239875,Very High
17311,0,0,0.16705538,Low
17312,1,0,0.43156302,High
17313,1,0,0.19834565,Low
17314,0,0,0.18445896,Low
17315,0,1,0.586447,High
17316,1,1,0.5651008,High
17317,1,1,0.8546785,Very High
17318,0,0,0.27669817,Medium
17319,0,1,0.8339925,Very High
17320,1,1,0.70707095,Very High
17321,0,1,0.53126734,High
17322,0,0,0.03981157,Low
17323,0,0,0.22560473,Medium
17324,1,1,0.8383175,Very High
17325,0,1,0.7802724,Very High
17326,0,0,0.34315225,Medium
17327,0,0,0.30325198,Medium
17328,0,0,0.08991469,Low
17329,0,0,0.37421805,Medium
17330,0,0,0.13859485,Low
17331,0,0,0.3663074,Medium
17332,1,0,0.4940497,High
17333,0,0,0.22051622,Medium
17334,0,0,0.16395758,Low
17335,0,0,0.40239,High
17336,0,0,0.1497412,Low
17337,0,0,0.14811942,Low
17338,0,0,0.09815726,Low
17339,0,1,0.53531986,High
17340,0,1,0.52523214,High
17341,0,0,0.32221395,Medium
17342,0,0,0.19182192,Low
17343,0,0,0.25757244,Medium
17344,0,0,0.21214305,Medium
17345,0,0,0.12923819,Low
17346,0,0,0.22729848,Medium
17347,0,0,0.09672771,Low
17348,0,0,0.123993285,Low
17349,0,0,0.15061021,Low
17350,1,1,0.72671634,Very High
17351,0,0,0.16043016,Low
17352,1,1,0.81833005,Very High
17353,0,0,0.2787342,Medium
17354,0,0,0.21880811,Medium
17355,0,0,0.35137385,Medium
17356,1,0,0.29081604,Medium
17357,0,0,0.09753139,Low
17358,0,0,0.2572271,Medium
17359,1,1,0.88405967,Very High
17360,0,0,0.106933475,Low
17361,1,1,0.64284253,Very High
17362,0,1,0.6937351,Very High
17363,0,1,0.510514,High
17364,1,1,0.8876279,Very High
17365,1,0,0.4529576,High
17366,0,0,0.13079047,Low
17367,0,1,0.59986395,High
17368,0,0,0.100975804,Low
17369,0,1,0.5120933,High
17370,0,0,0.3478756,Medium
17371,0,0,0.18012333,Low
17372,0,0,0.17805006,Low
17373,0,0,0.25039032,Medium
17374,0,0,0.4826759,High
17375,1,1,0.84528077,Very High
17376,0,1,0.6251574,Very High
17377,0,0,0.21168916,Medium
17378,0,0,0.4116019,High
17379,0,0,0.16241583,Low
17380,0,1,0.5535653,High
17381,0,0,0.10343706,Low
17382,0,0,0.1665978,Low
17383,0,0,0.22387907,Medium
17384,0,0,0.15805778,Low
17385,1,1,0.6301133,Very High
17386,0,0,0.06526527,Low
17387,1,1,0.7695755,Very High
17388,0,0,0.15506649,Low
17389,1,1,0.85999423,Very High
17390,0,0,0.1695923,Low
17391,0,1,0.62047905,Very High
17392,0,0,0.134202,Low
17393,0,0,0.22792038,Medium
17394,1,1,0.9004763,Very High
17395,0,0,0.36650553,Medium
17396,0,1,0.8837404,Very High
17397,0,0,0.15363201,Low
17398,0,0,0.45478758,High
17399,0,0,0.13781032,Low
17400,0,0,0.28671488,Medium
17401,0,0,0.31331354,Medium
17402,0,0,0.28319234,Medium
17403,1,1,0.75348604,Very High
17404,0,0,0.4103297,High
17405,0,0,0.15208639,Low
17406,0,1,0.5284438,High
17407,0,0,0.12038811,Low
17408,0,0,0.24596001,Medium
17409,0,0,0.28977382,Medium
17410,0,0,0.3418422,Medium
17411,0,0,0.27601397,Medium
17412,0,0,0.39500573,Medium
17413,0,0,0.19705948,Low
17414,1,1,0.9188443,Very High
17415,0,0,0.13322647,Low
17416,1,1,0.85469574,Very High
17417,0,1,0.52154624,High
17418,0,0,0.40478972,High
17419,0,0,0.23551756,Medium
17420,0,0,0.1531986,Low
17421,0,1,0.6545995,Very High
17422,0,1,0.5521677,High
17423,0,0,0.13974243,Low
17424,1,1,0.536741,High
17425,0,0,0.22790235,Medium
17426,0,0,0.31338382,Medium
17427,0,0,0.46311304,High
17428,0,0,0.15864566,Low
17429,0,0,0.19721979,Low
17430,1,0,0.25191954,Medium
17431,0,1,0.62047905,Very High
17432,1,1,0.8827681,Very High
17433,0,0,0.31565967,Medium
17434,0,1,0.5699279,High
17435,0,0,0.35411412,Medium
17436,0,0,0.3218052,Medium
17437,0,0,0.29233685,Medium
17438,0,0,0.21761595,Medium
17439,0,0,0.3034335,Medium
17440,0,0,0.1833327,Low
17441,1,0,0.2308783,Medium
17442,1,1,0.57077307,High
17443,0,0,0.28919253,Medium
17444,0,0,0.44599947,High
17445,0,1,0.5799,High
17446,1,1,0.8438699,Very High
17447,1,1,0.893205,Very High
17448,0,0,0.11624107,Low
17449,1,0,0.18198916,Low
17450,0,0,0.38399187,Medium
17451,1,0,0.23278725,Medium
17452,1,0,0.3604858,Medium
17453,1,1,0.6925567,Very High
17454,0,0,0.3898582,Medium
17455,0,0,0.29541937,Medium
17456,0,0,0.210945,Medium
17457,0,0,0.43308344,High
17458,0,0,0.18324052,Low
17459,0,0,0.33016434,Medium
17460,0,0,0.19989593,Low
17461,1,1,0.6852401,Very High
17462,1,0,0.30102974,Medium
17463,0,0,0.14102572,Low
17464,1,0,0.3603272,Medium
17465,0,0,0.34096345,Medium
17466,0,0,0.15479942,Low
17467,0,0,0.21948479,Medium
17468,0,0,0.15447839,Low
17469,0,0,0.1910836,Low
17470,0,0,0.26880154,Medium
17471,0,0,0.4854609,High
17472,0,0,0.113772966,Low
17473,0,0,0.1990515,Low
17474,1,1,0.7300205,Very High
17475,0,0,0.09158403,Low
17476,0,0,0.10910939,Low
17477,0,0,0.18051195,Low
17478,1,1,0.7359382,Very High
17479,0,0,0.41227442,High
17480,0,0,0.21021184,Medium
17481,0,0,0.11086332,Low
17482,0,0,0.3270127,Medium
17483,1,1,0.8667676,Very High
17484,0,1,0.7276853,Very High
17485,1,1,0.88633823,Very High
17486,1,1,0.8902781,Very High
17487,0,0,0.31426817,Medium
17488,0,0,0.13036999,Low
17489,1,0,0.33944914,Medium
17490,0,0,0.47054315,High
17491,0,0,0.22244257,Medium
17492,0,0,0.21801272,Medium
17493,0,0,0.17031124,Low
17494,0,0,0.17826602,Low
17495,0,0,0.3108438,Medium
17496,0,0,0.26914653,Medium
17497,1,1,0.835838,Very High
17498,0,0,0.42168456,High
17499,0,1,0.8631963,Very High
17500,0,0,0.19403732,Low
17501,0,1,0.5441306,High
17502,0,0,0.13392293,Low
17503,0,0,0.17395276,Low
17504,0,0,0.19905435,Low
17505,0,0,0.18301794,Low
17506,0,0,0.06876026,Low
17507,0,0,0.36941734,Medium
17508,1,0,0.21545377,Medium
17509,1,0,0.15367757,Low
17510,0,0,0.22650771,Medium
17511,1,1,0.54895145,High
17512,0,0,0.43289384,High
17513,1,1,0.76335186,Very High
17514,0,0,0.22737002,Medium
17515,0,0,0.14326103,Low
17516,0,0,0.15823074,Low
17517,1,1,0.85393715,Very High
17518,0,0,0.10373016,Low
17519,0,0,0.20082992,Medium
17520,0,1,0.7523276,Very High
17521,0,0,0.21867166,Medium
17522,0,0,0.076160036,Low
17523,0,0,0.1823494,Low
17524,0,1,0.56880933,High
17525,1,0,0.40194184,High
17526,1,1,0.889385,Very High
17527,0,0,0.39405167,Medium
17528,0,0,0.13530514,Low
17529,0,0,0.20645048,Medium
17530,0,0,0.23425137,Medium
17531,0,0,0.27123123,Medium
17532,0,0,0.38245595,Medium
17533,0,0,0.1491537,Low
17534,1,0,0.4636583,High
17535,0,0,0.17420268,Low
17536,0,0,0.12690419,Low
17537,0,0,0.19003966,Low
17538,0,0,0.18567419,Low
17539,0,0,0.29530632,Medium
17540,0,1,0.692787,Very High
17541,1,1,0.7091774,Very High
17542,1,1,0.7004718,Very High
17543,0,0,0.32624128,Medium
17544,0,0,0.32747102,Medium
17545,1,1,0.91044825,Very High
17546,0,0,0.31794035,Medium
17547,1,1,0.87554127,Very High
17548,1,1,0.8503527,Very High
17549,1,0,0.311328,Medium
17550,0,1,0.56623465,High
17551,1,1,0.87070674,Very High
17552,0,1,0.5718216,High
17553,0,0,0.19292593,Low
17554,0,0,0.22989814,Medium
17555,0,0,0.33467263,Medium
17556,0,0,0.36787784,Medium
17557,0,0,0.33935952,Medium
17558,0,0,0.16245793,Low
17559,0,1,0.7610652,Very High
17560,0,0,0.3584186,Medium
17561,1,0,0.39757922,Medium
17562,1,1,0.578984,High
17563,1,0,0.31964704,Medium
17564,1,0,0.26699516,Medium
17565,0,0,0.35632703,Medium
17566,0,0,0.29026923,Medium
17567,0,0,0.2780495,Medium
17568,0,0,0.11457545,Low
17569,0,0,0.37894917,Medium
17570,1,1,0.82406586,Very High
17571,0,0,0.09074026,Low
17572,0,0,0.1790613,Low
17573,0,0,0.104374416,Low
17574,0,0,0.29731917,Medium
17575,0,0,0.19217235,Low
17576,1,1,0.63548994,Very High
17577,0,0,0.18860006,Low
17578,0,0,0.17150769,Low
17579,0,0,0.13821998,Low
17580,0,0,0.24364716,Medium
17581,1,1,0.8454827,Very High
17582,1,1,0.83228576,Very High
17583,1,1,0.82923394,Very High
17584,1,0,0.13285089,Low
17585,0,0,0.30481815,Medium
17586,1,1,0.8852719,Very High
17587,1,0,0.46211684,High
17588,0,1,0.70251495,Very High
17589,0,0,0.36971003,Medium
17590,0,0,0.40416804,High
17591,0,0,0.25821933,Medium
17592,0,1,0.8414933,Very High
17593,0,0,0.25374365,Medium
17594,0,0,0.31488898,Medium
17595,0,1,0.5002359,High
17596,1,0,0.27495888,Medium
17597,0,0,0.13277812,Low
17598,0,0,0.25783676,Medium
17599,1,0,0.4721194,High
17600,0,0,0.16876417,Low
17601,0,0,0.42139697,High
17602,0,0,0.18219475,Low
17603,0,0,0.35867572,Medium
17604,0,0,0.13295256,Low
17605,0,0,0.34682655,Medium
17606,0,0,0.46428147,High
17607,0,0,0.14854613,Low
17608,0,0,0.18172322,Low
17609,0,1,0.5407113,High
17610,0,0,0.29506013,Medium
17611,0,0,0.37862435,Medium
17612,0,0,0.19802614,Low
17613,0,1,0.63563544,Very High
17614,0,0,0.22075689,Medium
17615,1,1,0.8956043,Very High
17616,0,0,0.07032827,Low
17617,0,0,0.27024433,Medium
17618,0,0,0.14461912,Low
17619,1,1,0.6664383,Very High
17620,1,1,0.8599758,Very High
17621,0,0,0.19640738,Low
17622,0,0,0.34394637,Medium
17623,1,1,0.8350288,Very High
17624,0,0,0.30150732,Medium
17625,1,0,0.4544118,High
17626,0,1,0.7828492,Very High
17627,0,0,0.31359366,Medium
17628,0,0,0.42193496,High
17629,1,1,0.5966507,High
17630,0,0,0.23570505,Medium
17631,0,0,0.1115625,Low
17632,0,0,0.12198919,Low
17633,0,0,0.19701748,Low
17634,0,1,0.55665606,High
17635,1,1,0.8894959,Very High
17636,0,0,0.12557323,Low
17637,0,0,0.25651386,Medium
17638,0,0,0.1848659,Low
17639,0,0,0.42192054,High
17640,0,0,0.110692464,Low
17641,1,0,0.48543108,High
17642,0,0,0.23482825,Medium
17643,0,0,0.21657299,Medium
17644,0,0,0.13524868,Low
17645,1,0,0.22044556,Medium
17646,0,0,0.27329442,Medium
17647,0,0,0.21290873,Medium
17648,1,1,0.5452737,High
17649,0,0,0.25761384,Medium
17650,1,1,0.9048603,Very High
17651,1,0,0.4334724,High
17652,0,0,0.123392425,Low
17653,0,0,0.12388641,Low
17654,1,1,0.80103374,Very High
17655,0,0,0.21742184,Medium
17656,0,0,0.29225478,Medium
17657,0,1,0.6325456,Very High
17658,0,0,0.2085455,Medium
17659,0,0,0.19376823,Low
17660,0,1,0.7258854,Very High
17661,0,0,0.32275525,Medium
17662,0,0,0.38704756,Medium
17663,0,0,0.15088713,Low
17664,0,1,0.63571715,Very High
17665,0,0,0.19842479,Low
17666,0,0,0.23040289,Medium
17667,0,0,0.27904707,Medium
17668,1,1,0.8467245,Very High
17669,0,0,0.4961442,High
17670,0,0,0.117404334,Low
17671,0,0,0.12272981,Low
17672,0,0,0.17738084,Low
17673,0,0,0.15000139,Low
17674,0,0,0.09406349,Low
17675,0,0,0.31016055,Medium
17676,0,0,0.31581932,Medium
17677,0,0,0.43440962,High
17678,0,0,0.2554707,Medium
17679,0,0,0.10400772,Low
17680,0,0,0.13474761,Low
17681,0,0,0.25434515,Medium
17682,1,0,0.369957,Medium
17683,0,0,0.35898182,Medium
17684,0,0,0.29918116,Medium
17685,0,0,0.32298127,Medium
17686,1,1,0.7573759,Very High
17687,0,0,0.2864882,Medium
17688,1,1,0.8950223,Very High
17689,0,0,0.17861447,Low
17690,0,0,0.10022045,Low
17691,0,0,0.10059594,Low
17692,0,0,0.34834412,Medium
17693,1,1,0.51293486,High
17694,0,1,0.7768035,Very High
17695,0,0,0.24942258,Medium
17696,0,0,0.22354475,Medium
17697,0,0,0.20439576,Medium
17698,1,1,0.84418166,Very High
17699,0,0,0.20904763,Medium
17700,0,0,0.11738129,Low
17701,0,0,0.14520913,Low
17702,0,0,0.30457953,Medium
17703,0,1,0.91034025,Very High
17704,0,0,0.30106825,Medium
17705,0,0,0.142745,Low
17706,0,0,0.41090778,High
17707,0,0,0.3094544,Medium
17708,0,0,0.4921433,High
17709,0,0,0.30816752,Medium
17710,0,1,0.56045854,High
17711,0,1,0.8098815,Very High
17712,0,0,0.32607612,Medium
17713,1,1,0.9146695,Very High
17714,0,0,0.19239475,Low
17715,1,1,0.9079536,Very High
17716,0,0,0.162028,Low
17717,0,0,0.15660866,Low
17718,0,0,0.32767528,Medium
17719,1,0,0.48539904,High
17720,0,0,0.47158793,High
17721,0,0,0.42155227,High
17722,0,0,0.13811512,Low
17723,0,0,0.40247205,High
17724,0,0,0.33200088,Medium
17725,1,1,0.8626537,Very High
17726,0,0,0.24383087,Medium
17727,0,0,0.20373522,Medium
17728,0,0,0.13156088,Low
17729,0,1,0.7183381,Very High
17730,0,0,0.21144123,Medium
17731,0,0,0.3883625,Medium
17732,0,0,0.39773464,Medium
17733,1,1,0.79102886,Very High
17734,0,0,0.33982062,Medium
17735,0,1,0.55983305,High
17736,1,0,0.19815424,Low
17737,0,1,0.5430793,High
17738,1,1,0.60983247,Very High
17739,1,0,0.43512163,High
17740,0,1,0.61067384,Very High
17741,0,0,0.4627728,High
17742,1,1,0.6725522,Very High
17743,0,0,0.16382085,Low
17744,1,1,0.6788934,Very High
17745,0,0,0.351462,Medium
17746,1,0,0.2096555,Medium
17747,1,1,0.79948956,Very High
17748,0,1,0.8997445,Very High
17749,0,0,0.08877266,Low
17750,0,1,0.7327814,Very High
17751,0,0,0.17672284,Low
17752,0,0,0.4629892,High
17753,0,0,0.18736634,Low
17754,0,0,0.07392703,Low
17755,0,0,0.08441837,Low
17756,0,0,0.2063367,Medium
17757,1,1,0.9363611,Very High
17758,0,0,0.26607928,Medium
17759,1,1,0.7550427,Very High
17760,0,0,0.1979917,Low
17761,0,0,0.18069062,Low
17762,1,1,0.8197383,Very High
17763,0,1,0.5313737,High
17764,0,1,0.76866776,Very High
17765,0,0,0.35716715,Medium
17766,0,0,0.35498542,Medium
17767,0,0,0.11361096,Low
17768,0,0,0.17436293,Low
17769,0,1,0.6291344,Very High
17770,0,0,0.2336082,Medium
17771,0,0,0.34316185,Medium
17772,0,0,0.25929826,Medium
17773,0,0,0.27929443,Medium
17774,0,0,0.24947087,Medium
17775,1,1,0.8498786,Very High
17776,1,1,0.8437034,Very High
17777,0,1,0.70713747,Very High
17778,0,0,0.3440902,Medium
17779,0,1,0.8378194,Very High
17780,0,0,0.25281566,Medium
17781,0,1,0.5408888,High
17782,1,1,0.680846,Very High
17783,0,0,0.19758733,Low
17784,0,0,0.30217022,Medium
17785,1,0,0.41298836,High
17786,0,1,0.8615675,Very High
17787,0,0,0.36341015,Medium
17788,0,1,0.8543548,Very High
17789,0,1,0.7939275,Very High
17790,0,1,0.6060216,Very High
17791,0,0,0.37311977,Medium
17792,0,0,0.18276316,Low
17793,0,0,0.2695108,Medium
17794,1,1,0.83788556,Very High
17795,0,1,0.6836973,Very High
17796,0,1,0.5352716,High
17797,0,0,0.23831123,Medium
17798,1,1,0.52828175,High
17799,1,1,0.8216914,Very High
17800,0,0,0.19188145,Low
17801,0,0,0.26427984,Medium
17802,1,1,0.8774467,Very High
17803,0,0,0.17653611,Low
17804,0,0,0.1857293,Low
17805,0,0,0.21125802,Medium
17806,0,0,0.07028816,Low
17807,1,1,0.88142353,Very High
17808,0,0,0.37604704,Medium
17809,1,1,0.8961753,Very High
17810,1,0,0.24564481,Medium
17811,0,1,0.72245806,Very High
17812,0,0,0.48130825,High
17813,1,1,0.8028118,Very High
17814,0,0,0.31331098,Medium
17815,0,0,0.42238924,High
17816,0,0,0.31850535,Medium
17817,0,0,0.32860646,Medium
17818,1,0,0.22182938,Medium
17819,0,0,0.3245026,Medium
17820,0,0,0.37794593,Medium
17821,0,0,0.24501626,Medium
17822,1,1,0.57717866,High
17823,0,0,0.17752627,Low
17824,1,1,0.84747744,Very High
17825,1,0,0.34489116,Medium
17826,1,1,0.66429794,Very High
17827,0,0,0.30714506,Medium
17828,0,0,0.100595064,Low
17829,0,0,0.3289402,Medium
17830,0,0,0.34105083,Medium
17831,0,0,0.20425215,Medium
17832,1,1,0.8645753,Very High
17833,0,1,0.8213881,Very High
17834,0,0,0.34271103,Medium
17835,0,0,0.17009659,Low
17836,1,0,0.2830767,Medium
17837,1,1,0.86632323,Very High
17838,0,0,0.31114218,Medium
17839,1,0,0.4006591,High
17840,0,0,0.106536545,Low
17841,1,0,0.29354376,Medium
17842,0,0,0.42679793,High
17843,0,1,0.89660734,Very High
17844,0,0,0.10244296,Low
17845,1,1,0.8196805,Very High
17846,0,0,0.13471991,Low
17847,1,1,0.8926231,Very High
17848,0,0,0.13216,Low
17849,0,0,0.31670514,Medium
17850,0,0,0.1633561,Low
17851,0,0,0.16830367,Low
17852,0,1,0.72353446,Very High
17853,0,0,0.13556106,Low
17854,0,0,0.26481116,Medium
17855,0,0,0.08489126,Low
17856,0,0,0.15560246,Low
17857,0,0,0.45647568,High
17858,0,0,0.17005418,Low
17859,0,0,0.2117665,Medium
17860,1,0,0.29178578,Medium
17861,0,1,0.8244233,Very High
17862,0,0,0.27551103,Medium
17863,1,1,0.9297591,Very High
17864,1,1,0.7946224,Very High
17865,0,0,0.12755989,Low
17866,0,0,0.15344875,Low
17867,1,0,0.3975949,Medium
17868,0,0,0.25214234,Medium
17869,1,0,0.20534775,Medium
17870,0,0,0.13749222,Low
17871,0,0,0.43249333,High
17872,1,1,0.7061219,Very High
17873,0,0,0.16002537,Low
17874,0,0,0.28483322,Medium
17875,1,1,0.9324254,Very High
17876,0,0,0.13958351,Low
17877,0,0,0.10095962,Low
17878,0,0,0.38215438,Medium
17879,0,0,0.47781664,High
17880,1,1,0.5706526,High
17881,0,0,0.39887652,Medium
17882,0,0,0.38527378,Medium
17883,0,0,0.098108225,Low
17884,0,0,0.41537228,High
17885,0,1,0.8122436,Very High
17886,0,0,0.28900704,Medium
17887,0,0,0.13167663,Low
17888,0,0,0.28570527,Medium
17889,0,1,0.6302507,Very High
17890,0,0,0.11065873,Low
17891,0,0,0.12220036,Low
17892,1,1,0.83445203,Very High
17893,0,1,0.51871514,High
17894,0,0,0.16276012,Low
17895,1,1,0.8155009,Very High
17896,0,1,0.5394854,High
17897,1,1,0.69031465,Very High
17898,0,0,0.16803189,Low
17899,0,0,0.43516093,High
17900,0,0,0.20597062,Medium
17901,0,1,0.6321164,Very High
17902,0,0,0.31511474,Medium
17903,0,0,0.461607,High
17904,0,1,0.8433712,Very High
17905,1,1,0.6388108,Very High
17906,0,0,0.25160214,Medium
17907,1,1,0.8751234,Very High
17908,1,0,0.49188,High
17909,1,1,0.87945753,Very High
17910,1,1,0.6553853,Very High
17911,1,1,0.8410443,Very High
17912,1,0,0.32960686,Medium
17913,0,0,0.2115427,Medium
17914,0,0,0.29942095,Medium
17915,0,0,0.18072149,Low
17916,1,1,0.8868999,Very High
17917,1,0,0.32491878,Medium
17918,0,0,0.22327334,Medium
17919,1,1,0.8899728,Very High
17920,0,0,0.20828825,Medium
17921,1,0,0.3142572,Medium
17922,1,1,0.89911366,Very High
17923,0,0,0.23793803,Medium
17924,1,1,0.8354553,Very High
17925,1,1,0.92447066,Very High
17926,0,0,0.35926163,Medium
17927,1,1,0.9142694,Very High
17928,0,1,0.65867436,Very High
17929,0,0,0.11512548,Low
17930,0,0,0.15405026,Low
17931,0,0,0.48658124,High
17932,1,1,0.8503804,Very High
17933,0,0,0.22615124,Medium
17934,0,0,0.07398176,Low
17935,0,0,0.22138521,Medium
17936,0,0,0.38711125,Medium
17937,0,0,0.3254189,Medium
17938,0,0,0.124446556,Low
17939,0,0,0.26563457,Medium
17940,0,0,0.24125205,Medium
17941,1,1,0.90893734,Very High
17942,0,0,0.11761896,Low
17943,0,0,0.08680599,Low
17944,0,0,0.31179255,Medium
17945,1,1,0.606301,Very High
17946,0,0,0.49929023,High
17947,0,0,0.48002693,High
17948,0,0,0.46130398,High
17949,0,0,0.2793268,Medium
17950,0,0,0.27863878,Medium
17951,1,1,0.9309166,Very High
17952,0,1,0.6415484,Very High
17953,0,0,0.32138607,Medium
17954,0,1,0.54930836,High
17955,0,0,0.37337708,Medium
17956,0,0,0.3008649,Medium
17957,0,0,0.24943325,Medium
17958,0,0,0.20927386,Medium
17959,0,0,0.110271074,Low
17960,1,1,0.88363487,Very High
17961,0,0,0.35279846,Medium
17962,1,0,0.19757493,Low
17963,0,0,0.28677717,Medium
17964,1,0,0.35606334,Medium
17965,0,0,0.35190025,Medium
17966,0,0,0.4410585,High
17967,1,1,0.80612284,Very High
17968,0,0,0.100111656,Low
17969,0,0,0.28249687,Medium
17970,0,0,0.33606318,Medium
17971,0,0,0.28830662,Medium
17972,1,1,0.6136228,Very High
17973,0,0,0.24767882,Medium
17974,1,1,0.8578168,Very High
17975,0,1,0.7448676,Very High
17976,0,0,0.31047302,Medium
17977,0,0,0.20645785,Medium
17978,0,0,0.15960655,Low
17979,0,0,0.22258906,Medium
17980,0,0,0.31768945,Medium
17981,0,0,0.15149188,Low
17982,0,0,0.21154836,Medium
17983,0,0,0.36683962,Medium
17984,0,0,0.24773821,Medium
17985,0,0,0.14846702,Low
17986,1,0,0.26381245,Medium
17987,0,1,0.6533648,Very High
17988,0,0,0.11217266,Low
17989,1,1,0.8607361,Very High
17990,0,0,0.32890436,Medium
17991,0,0,0.2804053,Medium
17992,0,0,0.36595523,Medium
17993,0,0,0.07556897,Low
17994,0,0,0.091680154,Low
17995,0,0,0.17029363,Low
17996,0,0,0.20069842,Medium
17997,0,0,0.084165074,Low
17998,0,0,0.15135214,Low
17999,0,0,0.47912136,High
18000,1,1,0.72707856,Very High
18001,1,1,0.6495918,Very High
18002,1,1,0.86142534,Very High
18003,0,0,0.16174288,Low
18004,0,1,0.7037958,Very High
18005,0,0,0.14388351,Low
18006,1,1,0.9021356,Very High
18007,0,0,0.15810348,Low
18008,0,0,0.07422108,Low
18009,1,1,0.711848,Very High
18010,1,0,0.28873467,Medium
18011,1,1,0.652649,Very High
18012,0,0,0.32077175,Medium
18013,1,1,0.8823873,Very High
18014,0,0,0.22934121,Medium
18015,0,0,0.48815966,High
18016,0,0,0.36921912,Medium
18017,0,1,0.5876653,High
18018,0,0,0.31053942,Medium
18019,0,1,0.58674324,High
18020,1,1,0.8878991,Very High
18021,0,0,0.46525866,High
18022,0,0,0.4538796,High
18023,1,0,0.27871513,Medium
18024,0,0,0.41079527,High
18025,1,1,0.74576116,Very High
18026,0,0,0.45928463,High
18027,1,1,0.846427,Very High
18028,0,0,0.46001503,High
18029,0,0,0.17609622,Low
18030,0,0,0.26428163,Medium
18031,0,0,0.25253165,Medium
18032,0,0,0.16320577,Low
18033,0,0,0.09785506,Low
18034,1,1,0.862764,Very High
18035,0,0,0.23831685,Medium
18036,1,1,0.8359638,Very High
18037,0,0,0.11698623,Low
18038,0,0,0.38943836,Medium
18039,0,1,0.8663634,Very High
18040,0,1,0.84120286,Very High
18041,0,0,0.24698053,Medium
18042,0,1,0.58305043,High
18043,0,1,0.7401773,Very High
18044,0,0,0.32377404,Medium
18045,0,0,0.2365249,Medium
18046,0,0,0.34771004,Medium
18047,0,0,0.33240005,Medium
18048,1,1,0.60173315,Very High
18049,1,1,0.6078417,Very High
18050,0,0,0.43818635,High
18051,0,0,0.106759444,Low
18052,0,0,0.19609226,Low
18053,0,0,0.21599469,Medium
18054,0,0,0.3486355,Medium
18055,0,0,0.24611722,Medium
18056,0,0,0.3287382,Medium
18057,0,0,0.09279508,Low
18058,1,1,0.5978596,High
18059,0,1,0.7793656,Very High
18060,0,0,0.24414127,Medium
18061,0,0,0.3066585,Medium
18062,0,0,0.1694968,Low
18063,1,1,0.87841576,Very High
18064,0,0,0.27797973,Medium
18065,1,0,0.49518287,High
18066,0,0,0.1637532,Low
18067,1,1,0.88196963,Very High
18068,0,1,0.8296641,Very High
18069,0,0,0.13992782,Low
18070,0,0,0.4687815,High
18071,0,0,0.37010187,Medium
18072,1,1,0.8881912,Very High
18073,0,1,0.7424995,Very High
18074,1,1,0.85712326,Very High
18075,1,1,0.5303601,High
18076,1,1,0.8358861,Very High
18077,0,0,0.2677333,Medium
18078,1,0,0.18204348,Low
18079,0,0,0.088644244,Low
18080,0,0,0.3194103,Medium
18081,0,0,0.16467184,Low
18082,0,1,0.6291212,Very High
18083,0,0,0.15817854,Low
18084,0,1,0.5714292,High
18085,0,1,0.56525,High
18086,0,1,0.81934977,Very High
18087,1,0,0.3464001,Medium
18088,0,0,0.15380448,Low
18089,0,1,0.53956574,High
18090,0,0,0.31712607,Medium
18091,0,0,0.30258286,Medium
18092,0,0,0.2027519,Medium
18093,1,1,0.8653487,Very High
18094,0,0,0.46103218,High
18095,1,1,0.90721285,Very High
18096,0,0,0.14807624,Low
18097,1,1,0.7723925,Very High
18098,1,0,0.31981367,Medium
18099,0,1,0.5910025,High
18100,1,1,0.85980636,Very High
18101,1,1,0.85873115,Very High
18102,1,1,0.78540164,Very High
18103,0,0,0.35734493,Medium
18104,0,0,0.3017326,Medium
18105,0,1,0.61316323,Very High
18106,0,0,0.302275,Medium
18107,0,0,0.16243152,Low
18108,0,0,0.13699318,Low
18109,0,0,0.14299427,Low
18110,1,1,0.8909494,Very High
18111,1,1,0.8886443,Very High
18112,0,0,0.4989363,High
18113,0,0,0.22068205,Medium
18114,1,1,0.52413183,High
18115,0,0,0.054539915,Low
18116,0,0,0.25473902,Medium
18117,1,1,0.89677006,Very High
18118,0,0,0.416577,High
18119,0,0,0.23718743,Medium
18120,0,0,0.24234541,Medium
18121,0,0,0.09709904,Low
18122,0,0,0.29154456,Medium
18123,0,1,0.5199836,High
18124,0,0,0.42325237,High
18125,0,0,0.20138747,Medium
18126,0,0,0.38375452,Medium
18127,0,0,0.12631214,Low
18128,0,0,0.15460958,Low
18129,0,0,0.42055914,High
18130,1,0,0.11831287,Low
18131,0,0,0.4341004,High
18132,0,0,0.13477375,Low
18133,0,0,0.111693785,Low
18134,1,0,0.29351607,Medium
18135,0,1,0.5409487,High
18136,1,1,0.90672135,Very High
18137,0,0,0.48992112,High
18138,0,0,0.40315154,High
18139,1,0,0.23516905,Medium
18140,0,0,0.14174184,Low
18141,0,0,0.43394274,High
18142,0,0,0.15145224,Low
18143,1,0,0.3012845,Medium
18144,0,0,0.114977986,Low
18145,0,0,0.1713009,Low
18146,0,0,0.29066476,Medium
18147,0,0,0.10486952,Low
18148,0,0,0.05521177,Low
18149,0,0,0.11641919,Low
18150,0,1,0.57575047,High
18151,0,0,0.24771053,Medium
18152,1,1,0.8190593,Very High
18153,0,0,0.13827494,Low
18154,0,0,0.30623007,Medium
18155,0,0,0.34078777,Medium
18156,0,0,0.34284207,Medium
18157,0,0,0.22277129,Medium
18158,1,1,0.8710487,Very High
18159,1,1,0.90307164,Very High
18160,0,0,0.12928127,Low
18161,0,0,0.2785899,Medium
18162,0,0,0.35713384,Medium
18163,0,0,0.43898803,High
18164,0,0,0.15222201,Low
18165,1,0,0.19058785,Low
18166,0,0,0.317411,Medium
18167,0,0,0.35580474,Medium
18168,0,0,0.16917302,Low
18169,0,0,0.24617867,Medium
18170,1,1,0.88369304,Very High
18171,0,1,0.5635504,High
18172,0,0,0.12795313,Low
18173,0,0,0.14735821,Low
18174,0,0,0.4058218,High
18175,0,0,0.11838181,Low
18176,0,0,0.36565155,Medium
18177,0,1,0.8159183,Very High
18178,0,1,0.50522584,High
18179,0,0,0.12009276,Low
18180,0,1,0.52862936,High
18181,0,0,0.17866749,Low
18182,0,0,0.14418949,Low
18183,0,0,0.11855199,Low
18184,0,0,0.29048297,Medium
18185,0,0,0.41512454,High
18186,1,1,0.6807714,Very High
18187,1,0,0.25947067,Medium
18188,0,0,0.3508038,Medium
18189,1,0,0.4595992,High
18190,0,0,0.30062014,Medium
18191,0,0,0.48306894,High
18192,0,0,0.33647728,Medium
18193,1,1,0.9057741,Very High
18194,0,1,0.8496837,Very High
18195,0,0,0.14507522,Low
18196,0,0,0.38337457,Medium
18197,0,0,0.23467909,Medium
18198,0,0,0.12076028,Low
18199,1,1,0.78789145,Very High
18200,0,0,0.16098359,Low
18201,0,0,0.2225815,Medium
18202,0,0,0.16790202,Low
18203,0,0,0.30958894,Medium
18204,0,0,0.15026776,Low
18205,0,0,0.25601265,Medium
18206,0,0,0.20031391,Medium
18207,0,0,0.2725546,Medium
18208,0,0,0.34154084,Medium
18209,0,0,0.2589735,Medium
18210,0,0,0.18523869,Low
18211,0,0,0.29073846,Medium
18212,0,0,0.17088538,Low
18213,1,0,0.3996208,Medium
18214,1,0,0.3078498,Medium
18215,0,0,0.4764784,High
18216,0,1,0.61102337,Very High
18217,1,1,0.84967476,Very High
18218,0,0,0.36542574,Medium
18219,0,0,0.14754555,Low
18220,1,1,0.6551104,Very High
18221,0,1,0.7564891,Very High
18222,1,1,0.881518,Very High
18223,0,0,0.12832493,Low
18224,0,1,0.518073,High
18225,0,0,0.26969498,Medium
18226,1,1,0.8972077,Very High
18227,0,0,0.2319552,Medium
18228,0,1,0.7335793,Very High
18229,0,1,0.88198763,Very High
18230,1,1,0.91748065,Very High
18231,0,0,0.1513817,Low
18232,0,0,0.41488203,High
18233,0,0,0.2553486,Medium
18234,0,0,0.08278315,Low
18235,0,1,0.81734157,Very High
18236,0,0,0.2331626,Medium
18237,0,0,0.36566263,Medium
18238,0,0,0.10859478,Low
18239,0,0,0.49042746,High
18240,0,0,0.23536077,Medium
18241,0,1,0.53768563,High
18242,1,1,0.7607444,Very High
18243,0,1,0.5810599,High
18244,0,1,0.8611162,Very High
18245,0,0,0.3496947,Medium
18246,0,0,0.24676624,Medium
18247,0,1,0.58729714,High
18248,0,0,0.27965295,Medium
18249,0,0,0.34980604,Medium
18250,1,1,0.86021566,Very High
18251,1,1,0.814573,Very High
18252,0,0,0.36042106,Medium
18253,1,1,0.67069626,Very High
18254,0,0,0.13376048,Low
18255,0,0,0.31139636,Medium
18256,0,0,0.19442552,Low
18257,1,1,0.8494796,Very High
18258,1,1,0.60964465,Very High
18259,0,0,0.46241802,High
18260,1,1,0.8601916,Very High
18261,0,0,0.2417035,Medium
18262,0,0,0.3375852,Medium
18263,0,0,0.36384064,Medium
18264,1,0,0.18965597,Low
18265,0,0,0.12434896,Low
18266,0,0,0.34682387,Medium
18267,1,0,0.49539694,High
18268,0,0,0.22553426,Medium
18269,0,0,0.34410498,Medium
18270,0,0,0.16072057,Low
18271,0,0,0.4749295,High
18272,0,1,0.8434552,Very High
18273,0,0,0.4348537,High
18274,1,0,0.4029405,High
18275,0,0,0.27019405,Medium
18276,0,0,0.28413838,Medium
18277,0,0,0.39571482,Medium
18278,1,1,0.89002675,Very High
18279,1,1,0.89308184,Very High
18280,0,0,0.26212597,Medium
18281,0,1,0.5234868,High
18282,1,1,0.5590074,High
18283,0,0,0.1288762,Low
18284,0,0,0.37535998,Medium
18285,0,1,0.58537626,High
18286,0,0,0.18830028,Low
18287,0,0,0.21557625,Medium
18288,0,0,0.2847589,Medium
18289,0,0,0.10876373,Low
18290,0,0,0.25854442,Medium
18291,0,0,0.45475578,High
18292,1,1,0.56950754,High
18293,1,1,0.57573485,High
18294,0,0,0.44189316,High
18295,0,0,0.3964421,Medium
18296,1,1,0.606571,Very High
18297,1,1,0.6171961,Very High
18298,0,0,0.22677615,Medium
18299,0,0,0.24364111,Medium
18300,0,0,0.2692768,Medium
18301,0,0,0.2820102,Medium
18302,0,1,0.558248,High
18303,0,1,0.78032476,Very High
18304,1,0,0.45896187,High
18305,0,0,0.28782606,Medium
18306,0,0,0.33307055,Medium
18307,0,1,0.53024346,High
18308,0,0,0.13119741,Low
18309,0,0,0.18445377,Low
18310,0,0,0.36454648,Medium
18311,0,0,0.2046062,Medium
18312,1,0,0.3980627,Medium
18313,0,0,0.30208707,Medium
18314,1,0,0.32168755,Medium
18315,0,1,0.8609737,Very High
18316,0,0,0.19379616,Low
18317,1,0,0.42501423,High
18318,1,0,0.47563624,High
18319,0,0,0.28988025,Medium
18320,0,0,0.26357543,Medium
18321,0,0,0.26690978,Medium
18322,0,0,0.121103644,Low
18323,0,0,0.31829998,Medium
18324,0,0,0.3618977,Medium
18325,0,0,0.35142353,Medium
18326,0,1,0.58676153,High
18327,1,0,0.19030066,Low
18328,0,0,0.33807442,Medium
18329,0,0,0.26428238,Medium
18330,1,0,0.26803336,Medium
18331,0,0,0.23414929,Medium
18332,0,0,0.4223578,High
18333,0,0,0.121984296,Low
18334,0,0,0.26847818,Medium
18335,0,0,0.31246686,Medium
18336,1,1,0.90033406,Very High
18337,1,0,0.45813617,High
18338,0,0,0.21648759,Medium
18339,0,0,0.27769554,Medium
18340,1,0,0.23693773,Medium
18341,0,0,0.346746,Medium
18342,0,0,0.4668067,High
18343,0,1,0.651082,Very High
18344,0,0,0.30161622,Medium
18345,0,0,0.3583322,Medium
18346,0,0,0.22103828,Medium
18347,0,1,0.730232,Very High
18348,0,1,0.5722337,High
18349,0,0,0.19261499,Low
18350,1,0,0.18985425,Low
18351,1,1,0.5395036,High
18352,1,1,0.85815364,Very High
18353,0,0,0.3808947,Medium
18354,0,0,0.21670346,Medium
18355,0,0,0.46273413,High
18356,0,0,0.23647735,Medium
18357,0,0,0.14709036,Low
18358,0,1,0.7010046,Very High
18359,1,1,0.6721685,Very High
18360,1,1,0.53908396,High
18361,0,0,0.44463992,High
18362,0,0,0.18937057,Low
18363,1,0,0.28761417,Medium
18364,0,0,0.18400599,Low
18365,0,0,0.14574154,Low
18366,0,0,0.23974496,Medium
18367,0,0,0.2876776,Medium
18368,0,0,0.1312977,Low
18369,1,1,0.58808655,High
18370,0,1,0.62434405,Very High
18371,1,1,0.89366525,Very High
18372,0,0,0.12208756,Low
18373,1,0,0.27624243,Medium
18374,0,0,0.33632362,Medium
18375,1,0,0.3079417,Medium
18376,1,1,0.8905523,Very High
18377,0,0,0.1593331,Low
18378,0,0,0.14166725,Low
18379,0,0,0.35838604,Medium
18380,0,0,0.11591212,Low
18381,0,1,0.81675434,Very High
18382,1,1,0.8609626,Very High
18383,1,1,0.796376,Very High
18384,1,1,0.83304894,Very High
18385,0,0,0.45947665,High
18386,1,0,0.31371403,Medium
18387,0,0,0.31851992,Medium
18388,0,0,0.29704928,Medium
18389,0,0,0.3019963,Medium
18390,0,0,0.115774535,Low
18391,1,0,0.46509212,High
18392,0,0,0.1275483,Low
18393,1,0,0.28069043,Medium
18394,1,1,0.8746468,Very High
18395,1,0,0.46112525,High
18396,0,0,0.4340913,High
18397,1,1,0.6930311,Very High
18398,0,0,0.26370335,Medium
18399,0,0,0.09344667,Low
18400,0,0,0.08707372,Low
18401,0,0,0.20611504,Medium
18402,0,0,0.24825965,Medium
18403,0,0,0.3840046,Medium
18404,0,0,0.3401071,Medium
18405,0,0,0.10753516,Low
18406,0,0,0.15702842,Low
18407,0,0,0.18197618,Low
18408,0,0,0.18478347,Low
18409,0,0,0.23869748,Medium
18410,1,1,0.8327441,Very High
18411,0,0,0.3749863,Medium
18412,0,0,0.28854963,Medium
18413,0,0,0.30373326,Medium
18414,0,0,0.10736096,Low
18415,0,0,0.47697398,High
18416,0,0,0.26936156,Medium
18417,0,0,0.35561746,Medium
18418,0,0,0.20898762,Medium
18419,0,0,0.1447451,Low
18420,1,1,0.8146633,Very High
18421,1,1,0.82085204,Very High
18422,1,0,0.33017328,Medium
18423,1,1,0.8356581,Very High
18424,1,0,0.14735518,Low
18425,0,0,0.3303278,Medium
18426,0,1,0.81499654,Very High
18427,0,0,0.19955935,Low
18428,0,0,0.4395955,High
18429,0,0,0.43049154,High
18430,1,1,0.8542973,Very High
18431,0,0,0.32193586,Medium
18432,0,0,0.32807994,Medium
18433,0,1,0.8295559,Very High
18434,0,0,0.3745714,Medium
18435,0,0,0.16050132,Low
18436,0,0,0.1253613,Low
18437,0,0,0.12431208,Low
18438,1,1,0.75078857,Very High
18439,0,0,0.22862847,Medium
18440,0,0,0.37244624,Medium
18441,0,0,0.40453908,High
18442,1,0,0.15585525,Low
18443,1,1,0.5844915,High
18444,1,1,0.8486662,Very High
18445,1,1,0.71733975,Very High
18446,0,0,0.14307827,Low
18447,0,0,0.28323138,Medium
18448,1,0,0.20484887,Medium
18449,1,1,0.64230466,Very High
18450,0,1,0.61205935,Very High
18451,0,1,0.72073346,Very High
18452,0,0,0.10337226,Low
18453,0,0,0.19702901,Low
18454,1,0,0.4056236,High
18455,1,1,0.84054416,Very High
18456,0,0,0.12930575,Low
18457,0,0,0.26663086,Medium
18458,0,0,0.13895623,Low
18459,0,0,0.37487337,Medium
18460,0,0,0.4271139,High
18461,0,0,0.31008425,Medium
18462,0,0,0.14614256,Low
18463,0,0,0.4223007,High
18464,0,0,0.24057217,Medium
18465,0,0,0.17163786,Low
18466,1,0,0.31722862,Medium
18467,0,0,0.4287852,High
18468,0,1,0.86297286,Very High
18469,0,0,0.18739085,Low
18470,0,0,0.26525143,Medium
18471,0,0,0.25792685,Medium
18472,0,0,0.2939136,Medium
18473,0,0,0.14823058,Low
18474,0,0,0.123154014,Low
18475,1,0,0.26229584,Medium
18476,0,0,0.33939236,Medium
18477,0,0,0.12123777,Low
18478,0,0,0.22150989,Medium
18479,0,1,0.6403199,Very High
18480,0,1,0.5977976,High
18481,0,0,0.14635012,Low
18482,1,0,0.33910367,Medium
18483,0,0,0.14774045,Low
18484,0,0,0.3001073,Medium
18485,0,0,0.25453186,Medium
18486,0,0,0.49484977,High
18487,0,0,0.14947733,Low
18488,0,0,0.37044302,Medium
18489,0,0,0.23367572,Medium
18490,1,1,0.8049032,Very High
18491,1,0,0.3404997,Medium
18492,0,0,0.19627711,Low
18493,0,0,0.4135468,High
18494,0,0,0.28997868,Medium
18495,0,0,0.18647546,Low
18496,0,0,0.4113564,High
18497,0,0,0.13419002,Low
18498,0,0,0.16906416,Low
18499,0,0,0.2509353,Medium
18500,0,0,0.30495447,Medium
18501,0,0,0.1548835,Low
18502,0,0,0.25619328,Medium
18503,0,0,0.13733885,Low
18504,0,0,0.2425577,Medium
18505,0,0,0.1971966,Low
18506,0,0,0.09405411,Low
18507,0,0,0.2258621,Medium
18508,1,1,0.5986569,High
18509,1,1,0.5041528,High
18510,0,0,0.43831497,High
18511,0,0,0.30177948,Medium
18512,1,0,0.25560758,Medium
18513,0,1,0.6219136,Very High
18514,1,1,0.8423625,Very High
18515,0,1,0.8480639,Very High
18516,1,1,0.8780916,Very High
18517,0,0,0.05991915,Low
18518,0,0,0.19772692,Low
18519,1,1,0.89035285,Very High
18520,0,0,0.16430497,Low
18521,0,0,0.17371535,Low
18522,0,0,0.13198814,Low
18523,1,0,0.350839,Medium
18524,1,0,0.25729412,Medium
18525,0,0,0.10397046,Low
18526,0,0,0.30744663,Medium
18527,0,0,0.3128421,Medium
18528,0,0,0.4781125,High
18529,0,0,0.22683875,Medium
18530,0,1,0.5333197,High
18531,0,0,0.18748848,Low
18532,0,0,0.14923288,Low
18533,0,1,0.7336176,Very High
18534,0,0,0.30327758,Medium
18535,0,0,0.18961506,Low
18536,0,0,0.08000979,Low
18537,0,1,0.84375536,Very High
18538,0,0,0.15818134,Low
18539,0,0,0.27968147,Medium
18540,1,1,0.88058716,Very High
18541,0,0,0.20537847,Medium
18542,0,0,0.07954535,Low
18543,0,0,0.15426366,Low
18544,0,0,0.19668533,Low
18545,0,0,0.16382203,Low
18546,0,0,0.276538,Medium
18547,0,0,0.13216862,Low
18548,0,0,0.2225663,Medium
18549,0,0,0.30325806,Medium
18550,0,0,0.14603679,Low
18551,1,0,0.34797722,Medium
18552,0,0,0.29441866,Medium
18553,1,0,0.20577821,Medium
18554,1,0,0.48149076,High
18555,1,1,0.60760546,Very High
18556,0,0,0.175346,Low
18557,0,0,0.2790711,Medium
18558,0,0,0.46264076,High
18559,0,0,0.1528291,Low
18560,0,0,0.22552428,Medium
18561,0,0,0.08012475,Low
18562,0,0,0.21688247,Medium
18563,0,0,0.17431247,Low
18564,0,0,0.177436,Low
18565,0,0,0.06062779,Low
18566,0,0,0.2805311,Medium
18567,0,0,0.28642952,Medium
18568,0,0,0.30508873,Medium
18569,0,0,0.16763876,Low
18570,0,0,0.39884374,Medium
18571,0,0,0.20631947,Medium
18572,0,0,0.34192267,Medium
18573,0,0,0.1888397,Low
18574,1,0,0.17931734,Low
18575,0,0,0.38973022,Medium
18576,0,1,0.539132,High
18577,0,0,0.30742916,Medium
18578,0,0,0.1323984,Low
18579,0,0,0.2317274,Medium
18580,0,1,0.69113064,Very High
18581,0,1,0.6826539,Very High
18582,0,0,0.21919625,Medium
18583,0,1,0.6338728,Very High
18584,0,0,0.111073084,Low
18585,0,0,0.2011433,Medium
18586,0,0,0.08431984,Low
18587,0,0,0.45511624,High
18588,0,0,0.17944938,Low
18589,0,0,0.15388691,Low
18590,0,0,0.24011119,Medium
18591,0,0,0.14162995,Low
18592,1,1,0.54938376,High
18593,0,0,0.2569974,Medium
18594,0,0,0.40831918,High
18595,0,0,0.11513155,Low
18596,0,0,0.2857292,Medium
18597,0,0,0.35929534,Medium
18598,0,0,0.07909977,Low
18599,0,0,0.18907665,Low
18600,0,0,0.07850898,Low
18601,0,0,0.29133165,Medium
18602,0,0,0.2454733,Medium
18603,0,0,0.07587542,Low
18604,0,0,0.3224483,Medium
18605,0,0,0.23907709,Medium
18606,0,0,0.2113661,Medium
18607,1,1,0.5184133,High
18608,0,0,0.2454194,Medium
18609,0,0,0.27047664,Medium
18610,1,1,0.8949266,Very High
18611,1,0,0.2627,Medium
18612,0,0,0.19286458,Low
18613,0,0,0.0920253,Low
18614,0,0,0.2217668,Medium
18615,1,1,0.8038233,Very High
18616,0,0,0.22119074,Medium
18617,0,0,0.18729232,Low
18618,0,0,0.124326125,Low
18619,1,1,0.8228635,Very High
18620,0,0,0.23487195,Medium
18621,0,0,0.3808148,Medium
18622,0,0,0.39852905,Medium
18623,1,1,0.88826025,Very High
18624,0,0,0.14299855,Low
18625,0,0,0.18215235,Low
18626,1,1,0.722484,Very High
18627,0,0,0.18609774,Low
18628,0,0,0.4062063,High
18629,0,1,0.65406865,Very High
18630,0,0,0.19766212,Low
18631,0,0,0.23362806,Medium
18632,1,0,0.31166485,Medium
18633,0,0,0.24415429,Medium
18634,0,0,0.08198174,Low
18635,1,1,0.5948197,High
18636,0,0,0.30323115,Medium
18637,0,0,0.31402975,Medium
18638,0,0,0.3372017,Medium
18639,0,0,0.4131829,High
18640,1,1,0.72614574,Very High
18641,0,0,0.119351804,Low
18642,0,0,0.22297747,Medium
18643,0,0,0.39183453,Medium
18644,0,1,0.5834598,High
18645,0,0,0.412664,High
18646,0,0,0.38184217,Medium
18647,0,0,0.21227466,Medium
18648,0,0,0.2887858,Medium
18649,0,0,0.15333933,Low
18650,0,0,0.11905003,Low
18651,0,0,0.3388687,Medium
18652,0,0,0.23834799,Medium
18653,0,0,0.21036004,Medium
18654,0,0,0.20964502,Medium
18655,1,1,0.57860243,High
18656,0,1,0.72053176,Very High
18657,0,1,0.7016859,Very High
18658,0,1,0.6616354,Very High
18659,0,1,0.8970845,Very High
18660,0,0,0.4508803,High
18661,0,0,0.29363963,Medium
18662,0,0,0.28914124,Medium
18663,0,0,0.41277272,High
18664,0,0,0.14513893,Low
18665,0,0,0.26972905,Medium
18666,0,0,0.31891304,Medium
18667,0,0,0.3805243,Medium
18668,0,0,0.16159873,Low
18669,1,0,0.3073822,Medium
18670,0,0,0.05667878,Low
18671,1,0,0.378958,Medium
18672,0,1,0.50831425,High
18673,1,0,0.3050799,Medium
18674,0,0,0.2647269,Medium
18675,0,0,0.16168939,Low
18676,0,0,0.25917602,Medium
18677,0,0,0.046767518,Low
18678,0,0,0.106236145,Low
18679,0,0,0.25851256,Medium
18680,0,1,0.7301299,Very High
18681,0,0,0.19724531,Low
18682,1,0,0.43809757,High
18683,1,0,0.24050112,Medium
18684,0,0,0.3969555,Medium
18685,0,0,0.43843856,High
18686,0,0,0.13253802,Low
18687,0,1,0.6574783,Very High
18688,0,1,0.8697158,Very High
18689,1,0,0.3025092,Medium
18690,0,0,0.17546037,Low
18691,0,0,0.326283,Medium
18692,0,1,0.7604585,Very High
18693,1,1,0.54921657,High
18694,0,0,0.38774306,Medium
18695,1,1,0.8569801,Very High
18696,1,0,0.48923248,High
18697,0,0,0.088847056,Low
18698,0,0,0.2022276,Medium
18699,0,0,0.35790014,Medium
18700,0,0,0.17153667,Low
18701,1,1,0.5038315,High
18702,0,0,0.34073415,Medium
18703,0,0,0.13786812,Low
18704,0,1,0.6730375,Very High
18705,0,0,0.16287178,Low
18706,1,1,0.827824,Very High
18707,0,1,0.87660843,Very High
18708,0,1,0.55828685,High
18709,0,0,0.21556148,Medium
18710,1,0,0.28971392,Medium
18711,0,0,0.4633962,High
18712,0,0,0.18082038,Low
18713,0,0,0.094396934,Low
18714,0,0,0.11477587,Low
18715,0,0,0.084224895,Low
18716,0,0,0.21320719,Medium
18717,0,0,0.08617903,Low
18718,0,0,0.12084977,Low
18719,1,1,0.8843403,Very High
18720,1,1,0.8303145,Very High
18721,0,1,0.865806,Very High
18722,0,0,0.060870405,Low
18723,0,0,0.11577653,Low
18724,0,0,0.12978537,Low
18725,0,0,0.20829362,Medium
18726,1,1,0.8949255,Very High
18727,0,0,0.22548075,Medium
18728,0,0,0.10567777,Low
18729,0,0,0.18682213,Low
18730,0,0,0.11168395,Low
18731,1,0,0.3085532,Medium
18732,1,1,0.6427331,Very High
18733,0,0,0.27197915,Medium
18734,0,0,0.2956552,Medium
18735,0,0,0.49577606,High
18736,0,1,0.7155382,Very High
18737,1,1,0.6095569,Very High
18738,1,0,0.43113542,High
18739,1,1,0.5452237,High
18740,0,0,0.47246507,High
18741,0,0,0.25791523,Medium
18742,0,0,0.09692098,Low
18743,0,0,0.29186714,Medium
18744,0,0,0.26312202,Medium
18745,0,0,0.29702726,Medium
18746,0,0,0.15696639,Low
18747,0,0,0.35016632,Medium
18748,0,1,0.7016587,Very High
18749,1,1,0.8592537,Very High
18750,0,0,0.106237985,Low
18751,0,0,0.10669846,Low
18752,0,0,0.22687508,Medium
18753,0,0,0.28296238,Medium
18754,0,0,0.09501971,Low
18755,0,0,0.19825253,Low
18756,0,0,0.04513596,Low
18757,0,0,0.31180075,Medium
18758,0,1,0.57663953,High
18759,0,0,0.4409182,High
18760,1,1,0.8251383,Very High
18761,0,0,0.2648592,Medium
18762,0,0,0.097296394,Low
18763,0,0,0.108098164,Low
18764,0,0,0.3756617,Medium
18765,0,0,0.115369596,Low
18766,0,0,0.25139725,Medium
18767,0,1,0.51222533,High
18768,0,0,0.24006163,Medium
18769,0,0,0.22601387,Medium
18770,0,0,0.1734407,Low
18771,1,1,0.57508767,High
18772,1,0,0.4712162,High
18773,1,0,0.292973,Medium
18774,1,1,0.8584444,Very High
18775,0,0,0.075303204,Low
18776,0,0,0.11652979,Low
18777,0,0,0.09504972,Low
18778,0,1,0.55713,High
18779,0,0,0.20929201,Medium
18780,0,0,0.23016989,Medium
18781,0,0,0.32382062,Medium
18782,0,0,0.48179522,High
18783,0,0,0.26865736,Medium
18784,0,0,0.0735477,Low
18785,0,0,0.07760165,Low
18786,0,0,0.18686226,Low
18787,0,0,0.21874173,Medium
18788,0,0,0.22815183,Medium
18789,0,0,0.08991722,Low
18790,0,0,0.16529511,Low
18791,0,0,0.30884516,Medium
18792,1,1,0.8306746,Very High
18793,0,0,0.30293077,Medium
18794,0,1,0.5531611,High
18795,0,0,0.13025126,Low
18796,1,0,0.463867,High
18797,0,0,0.30378768,Medium
18798,0,0,0.31582284,Medium
18799,0,0,0.23905167,Medium
18800,0,1,0.5219159,High
18801,0,0,0.33355403,Medium
18802,0,0,0.14397915,Low
18803,0,0,0.13965122,Low
18804,0,0,0.09799436,Low
18805,0,0,0.11880341,Low
18806,0,0,0.34660387,Medium
18807,0,0,0.40215614,High
18808,0,0,0.34920198,Medium
18809,0,0,0.13295265,Low
18810,0,0,0.23552357,Medium
18811,0,0,0.48073816,High
18812,0,0,0.40756688,High
18813,1,0,0.3159666,Medium
18814,0,0,0.31049547,Medium
18815,0,0,0.2541707,Medium
18816,1,0,0.44500157,High
18817,0,0,0.07243278,Low
18818,0,0,0.16096963,Low
18819,1,0,0.32290146,Medium
18820,0,0,0.12378202,Low
18821,0,0,0.3117312,Medium
18822,1,1,0.8023953,Very High
18823,0,0,0.309109,Medium
18824,1,0,0.23541543,Medium
18825,0,0,0.21988681,Medium
18826,1,1,0.80229354,Very High
18827,0,1,0.7604204,Very High
18828,0,0,0.094584554,Low
18829,0,0,0.11121043,Low
18830,0,0,0.095831245,Low
18831,0,0,0.20724295,Medium
18832,0,0,0.2774169,Medium
18833,0,0,0.26896232,Medium
18834,0,0,0.20097288,Medium
18835,0,0,0.38246813,Medium
18836,0,0,0.20382899,Medium
18837,1,1,0.8353575,Very High
18838,0,0,0.047167126,Low
18839,0,0,0.37479883,Medium
18840,0,0,0.31413323,Medium
18841,1,1,0.86614853,Very High
18842,0,1,0.55809456,High
18843,0,0,0.23736472,Medium
18844,0,0,0.32719842,Medium
18845,1,0,0.13853562,Low
18846,1,0,0.36925584,Medium
18847,0,0,0.18833925,Low
18848,0,0,0.11067578,Low
18849,0,0,0.43092716,High
18850,0,0,0.08870767,Low
18851,0,0,0.11794983,Low
18852,1,1,0.70327806,Very High
18853,0,0,0.11376284,Low
18854,0,0,0.3636077,Medium
18855,0,0,0.121773556,Low
18856,0,0,0.28798053,Medium
18857,1,0,0.19444789,Low
18858,0,0,0.43861058,High
18859,0,0,0.21363764,Medium
18860,0,0,0.1856576,Low
18861,0,0,0.21582441,Medium
18862,0,0,0.38372257,Medium
18863,1,0,0.3263421,Medium
18864,0,0,0.113332935,Low
18865,0,1,0.82936287,Very High
18866,0,1,0.845377,Very High
18867,0,0,0.18682358,Low
18868,1,1,0.8680286,Very High
18869,1,1,0.5376824,High
18870,0,1,0.7015843,Very High
18871,0,0,0.24162486,Medium
18872,0,0,0.11173753,Low
18873,0,0,0.3932021,Medium
18874,0,0,0.23773018,Medium
18875,0,1,0.6673272,Very High
18876,0,0,0.10017826,Low
18877,1,0,0.42083457,High
18878,0,0,0.11349316,Low
18879,0,0,0.23863435,Medium
18880,0,1,0.5651829,High
18881,0,0,0.1681558,Low
18882,0,0,0.311534,Medium
18883,0,0,0.19309801,Low
18884,0,1,0.57348657,High
18885,0,0,0.12372346,Low
18886,0,0,0.13073942,Low
18887,0,0,0.09089392,Low
18888,0,0,0.23131064,Medium
18889,0,0,0.14606151,Low
18890,0,0,0.29212093,Medium
18891,1,1,0.5821491,High
18892,0,0,0.09475551,Low
18893,1,1,0.7290991,Very High
18894,0,0,0.45478758,High
18895,0,0,0.25357717,Medium
18896,0,0,0.43995592,High
18897,0,0,0.29053912,Medium
18898,0,0,0.1038906,Low
18899,1,0,0.05962149,Low
18900,1,1,0.7262352,Very High
18901,0,0,0.25129902,Medium
18902,0,0,0.20691022,Medium
18903,0,1,0.5276728,High
18904,0,0,0.09426001,Low
18905,0,0,0.049643975,Low
18906,0,0,0.43290168,High
18907,0,0,0.10567881,Low
18908,0,0,0.1640129,Low
18909,0,0,0.19037956,Low
18910,0,0,0.36444074,Medium
18911,1,1,0.84807503,Very High
18912,0,0,0.2821354,Medium
18913,0,0,0.21146166,Medium
18914,1,1,0.7478873,Very High
18915,1,1,0.6079898,Very High
18916,0,0,0.37793186,Medium
18917,0,0,0.17245042,Low
18918,1,1,0.8334513,Very High
18919,1,1,0.86246574,Very High
18920,1,1,0.7989828,Very High
18921,0,0,0.34304175,Medium
18922,0,0,0.1255746,Low
18923,0,0,0.17895882,Low
18924,0,0,0.118309245,Low
18925,0,0,0.14827308,Low
18926,0,1,0.8769317,Very High
18927,0,0,0.14405261,Low
18928,1,1,0.85151196,Very High
18929,1,1,0.87826633,Very High
18930,0,0,0.15453617,Low
18931,0,0,0.40939775,High
18932,0,0,0.21115185,Medium
18933,0,0,0.26918826,Medium
18934,0,0,0.13651152,Low
18935,0,1,0.64115226,Very High
18936,0,0,0.3916916,Medium
18937,0,1,0.70739776,Very High
18938,0,0,0.07761471,Low
18939,0,1,0.5073659,High
18940,1,0,0.09883904,Low
18941,0,0,0.320031,Medium
18942,0,0,0.13460167,Low
18943,0,0,0.2650336,Medium
18944,0,0,0.09922333,Low
18945,0,0,0.17803217,Low
18946,0,0,0.27126268,Medium
18947,1,0,0.47399715,High
18948,0,0,0.49771866,High
18949,0,1,0.54768026,High
18950,0,0,0.10373961,Low
18951,1,1,0.5908157,High
18952,1,1,0.86444616,Very High
18953,0,0,0.2410714,Medium
18954,0,0,0.24160604,Medium
18955,0,0,0.36872068,Medium
18956,1,0,0.32815674,Medium
18957,0,0,0.14982142,Low
18958,1,1,0.8891448,Very High
18959,0,0,0.13373084,Low
18960,0,0,0.31563377,Medium
18961,1,0,0.20658602,Medium
18962,0,1,0.670536,Very High
18963,0,0,0.22382084,Medium
18964,1,0,0.43909883,High
18965,0,0,0.12062747,Low
18966,0,0,0.15532254,Low
18967,0,0,0.34619498,Medium
18968,1,0,0.46970436,High
18969,0,0,0.13829514,Low
18970,0,0,0.2749178,Medium
18971,0,0,0.06316104,Low
18972,0,0,0.0694164,Low
18973,0,1,0.85439193,Very High
18974,0,0,0.28656912,Medium
18975,0,0,0.111925304,Low
18976,0,0,0.17602776,Low
18977,0,0,0.11393838,Low
18978,0,0,0.13517629,Low
18979,0,0,0.1669971,Low
18980,0,0,0.35653704,Medium
18981,0,0,0.2691837,Medium
18982,0,0,0.15660839,Low
18983,1,1,0.5057581,High
18984,0,0,0.230814,Medium
18985,0,0,0.2806052,Medium
18986,0,0,0.0743178,Low
18987,0,0,0.32134712,Medium
18988,0,0,0.49132776,High
18989,0,1,0.8288078,Very High
18990,0,0,0.31326285,Medium
18991,0,0,0.35259017,Medium
18992,0,1,0.81727284,Very High
18993,0,0,0.3986075,Medium
18994,0,0,0.2670164,Medium
18995,0,0,0.21443596,Medium
18996,0,0,0.33829904,Medium
18997,0,0,0.32776618,Medium
18998,0,0,0.40295482,High
18999,1,0,0.21427283,Medium
19000,1,1,0.68176776,Very High
19001,0,0,0.33583304,Medium
19002,0,0,0.35700968,Medium
19003,0,0,0.22926404,Medium
19004,0,0,0.0888669,Low
19005,0,0,0.11403081,Low
19006,0,0,0.17223153,Low
19007,0,0,0.24334358,Medium
19008,0,0,0.2929764,Medium
19009,0,0,0.081003524,Low
19010,0,0,0.11167405,Low
19011,0,0,0.22886696,Medium
19012,1,1,0.8178522,Very High
19013,0,0,0.24962577,Medium
19014,1,0,0.4016285,High
19015,0,0,0.29069903,Medium
19016,0,0,0.30363742,Medium
19017,0,0,0.27260223,Medium
19018,0,0,0.25393748,Medium
19019,0,0,0.28005296,Medium
19020,0,0,0.083938,Low
19021,0,0,0.27976632,Medium
19022,1,1,0.8689255,Very High
19023,0,0,0.2527561,Medium
19024,1,1,0.82986176,Very High
19025,0,0,0.22957253,Medium
19026,1,1,0.5606155,High
19027,1,0,0.25407654,Medium
19028,0,0,0.35676947,Medium
19029,0,0,0.24421598,Medium
19030,1,1,0.82527095,Very High
19031,0,0,0.46081844,High
19032,0,0,0.2762643,Medium
19033,0,1,0.70260537,Very High
19034,1,0,0.39117315,Medium
19035,0,0,0.28325805,Medium
19036,1,1,0.71588343,Very High
19037,0,0,0.3179148,Medium
19038,0,0,0.3805243,Medium
19039,0,0,0.16400208,Low
19040,1,1,0.7305881,Very High
19041,0,0,0.16818362,Low
19042,0,0,0.17772132,Low
19043,1,1,0.8773097,Very High
19044,0,0,0.26065308,Medium
19045,0,0,0.16448733,Low
19046,0,0,0.38511896,Medium
19047,0,0,0.10151619,Low
19048,0,0,0.11250306,Low
19049,0,0,0.12165347,Low
19050,1,1,0.88807553,Very High
19051,1,1,0.79607916,Very High
19052,0,0,0.17425047,Low
19053,1,1,0.7673536,Very High
19054,1,0,0.27546233,Medium
19055,0,0,0.24375936,Medium
19056,1,1,0.891773,Very High
19057,0,1,0.53344935,High
19058,1,1,0.54396546,High
19059,0,0,0.42614833,High
19060,1,1,0.8547529,Very High
19061,1,0,0.33501422,Medium
19062,0,0,0.28293118,Medium
19063,0,0,0.21484083,Medium
19064,0,0,0.23279865,Medium
19065,0,1,0.62475437,Very High
19066,1,1,0.8505128,Very High
19067,0,0,0.32654423,Medium
19068,0,0,0.18025473,Low
19069,0,0,0.31931478,Medium
19070,1,1,0.8855877,Very High
19071,0,0,0.20051832,Medium
19072,0,0,0.116127536,Low
19073,0,0,0.17230867,Low
19074,0,0,0.1829267,Low
19075,0,0,0.12225748,Low
19076,0,1,0.63879925,Very High
19077,0,0,0.23938449,Medium
19078,0,1,0.7054913,Very High
19079,0,0,0.33212915,Medium
19080,0,0,0.23061663,Medium
19081,0,0,0.24107768,Medium
19082,0,1,0.5175177,High
19083,1,0,0.37073734,Medium
19084,1,1,0.84314007,Very High
19085,0,0,0.28390503,Medium
19086,0,0,0.27765757,Medium
19087,0,0,0.1459467,Low
19088,1,1,0.8497608,Very High
19089,0,0,0.4690489,High
19090,0,0,0.21755998,Medium
19091,0,0,0.13333376,Low
19092,1,1,0.8735047,Very High
19093,0,0,0.22341914,Medium
19094,0,0,0.14279522,Low
19095,0,0,0.35002443,Medium
19096,0,0,0.3018467,Medium
19097,0,0,0.30065238,Medium
19098,0,0,0.40309924,High
19099,1,1,0.8331353,Very High
19100,0,0,0.21612361,Medium
19101,1,1,0.76506454,Very High
19102,1,1,0.8668283,Very High
19103,0,0,0.23000848,Medium
19104,1,1,0.67600095,Very High
19105,1,1,0.8863679,Very High
19106,1,1,0.78786784,Very High
19107,1,0,0.45478758,High
19108,0,0,0.19532251,Low
19109,1,0,0.28185558,Medium
19110,0,0,0.070748806,Low
19111,0,0,0.17919376,Low
19112,0,0,0.20929147,Medium
19113,0,0,0.24858241,Medium
19114,0,0,0.12549207,Low
19115,0,0,0.48494783,High
19116,0,1,0.62556505,Very High
19117,0,0,0.2115347,Medium
19118,0,1,0.6310583,Very High
19119,0,0,0.21791151,Medium
19120,0,0,0.16213398,Low
19121,0,0,0.13283701,Low
19122,0,0,0.23599613,Medium
19123,0,0,0.18872538,Low
19124,0,0,0.19345136,Low
19125,0,0,0.12159309,Low
19126,0,0,0.47348502,High
19127,1,1,0.81941766,Very High
19128,0,0,0.11956912,Low
19129,0,0,0.30924803,Medium
19130,0,1,0.56989986,High
19131,1,1,0.90094775,Very High
19132,0,0,0.083342634,Low
19133,0,0,0.27103826,Medium
19134,0,1,0.8443581,Very High
19135,0,0,0.05802214,Low
19136,0,0,0.33675826,Medium
19137,0,1,0.5813005,High
19138,0,0,0.11223193,Low
19139,0,0,0.32970953,Medium
19140,0,1,0.5226761,High
19141,0,0,0.1549933,Low
19142,0,0,0.05859905,Low
19143,0,0,0.11993074,Low
19144,0,0,0.20893283,Medium
19145,0,0,0.19709955,Low
19146,1,1,0.9070651,Very High
19147,0,0,0.15627263,Low
19148,0,0,0.19698106,Low
19149,0,0,0.19997711,Low
19150,1,1,0.6879495,Very High
19151,0,0,0.30778393,Medium
19152,0,0,0.26190403,Medium
19153,0,0,0.1566546,Low
19154,0,0,0.3150504,Medium
19155,0,0,0.17490526,Low
19156,0,0,0.20511812,Medium
19157,0,0,0.30641302,Medium
19158,0,0,0.17029588,Low
19159,0,0,0.35621333,Medium
19160,0,1,0.5481681,High
19161,0,0,0.24595428,Medium
19162,0,0,0.25253764,Medium
19163,0,0,0.25420517,Medium
19164,0,0,0.3975004,Medium
19165,0,0,0.22219929,Medium
19166,0,0,0.100420296,Low
19167,1,0,0.37702414,Medium
19168,1,1,0.6440307,Very High
19169,0,0,0.19183989,Low
19170,0,0,0.41224262,High
19171,0,0,0.27984604,Medium
19172,0,0,0.29974553,Medium
19173,0,0,0.24353313,Medium
19174,0,1,0.52725077,High
19175,0,0,0.14923517,Low
19176,0,1,0.57707083,High
19177,0,0,0.34289858,Medium
19178,0,0,0.15582992,Low
19179,1,1,0.84992015,Very High
19180,0,0,0.122988775,Low
19181,0,0,0.18503748,Low
19182,0,0,0.17035206,Low
19183,0,0,0.14769703,Low
19184,1,0,0.4285327,High
19185,0,0,0.30623367,Medium
19186,0,0,0.15457535,Low
19187,0,0,0.07272849,Low
19188,0,0,0.3758479,Medium
19189,0,0,0.14284506,Low
19190,1,1,0.5513832,High
19191,0,0,0.25862372,Medium
19192,0,0,0.20810096,Medium
19193,0,0,0.23875709,Medium
19194,0,0,0.116081186,Low
19195,0,1,0.5857183,High
19196,0,0,0.17748167,Low
19197,0,0,0.28179488,Medium
19198,0,0,0.06617133,Low
19199,0,0,0.36521614,Medium
19200,1,0,0.13886237,Low
19201,1,1,0.9237668,Very High
19202,0,0,0.35830823,Medium
19203,0,0,0.115389705,Low
19204,0,0,0.2703136,Medium
19205,0,0,0.47144258,High
19206,0,0,0.24531382,Medium
19207,1,1,0.8909048,Very High
19208,0,0,0.14999233,Low
19209,0,0,0.096411474,Low
19210,0,0,0.46604848,High
19211,0,0,0.14799136,Low
19212,0,0,0.3447013,Medium
19213,1,1,0.8352614,Very High
19214,0,0,0.25975132,Medium
19215,0,1,0.81303805,Very High
19216,0,0,0.23272681,Medium
19217,0,0,0.21788298,Medium
19218,0,0,0.11536556,Low
19219,0,0,0.13845207,Low
19220,0,0,0.22394446,Medium
19221,1,1,0.8415391,Very High
19222,0,0,0.02485419,Low
19223,0,0,0.13343386,Low
19224,1,1,0.54112214,High
19225,0,0,0.1092672,Low
19226,0,0,0.36591178,Medium
19227,0,0,0.34463066,Medium
19228,0,0,0.13726974,Low
19229,0,0,0.26311064,Medium
19230,0,1,0.570886,High
19231,0,0,0.34491777,Medium
19232,0,0,0.30521917,Medium
19233,1,0,0.32578272,Medium
19234,1,1,0.6746741,Very High
19235,0,0,0.33801252,Medium
19236,0,0,0.08139818,Low
19237,0,0,0.49619222,High
19238,0,0,0.25083938,Medium
19239,0,0,0.16905819,Low
19240,0,0,0.16619103,Low
19241,0,0,0.1525111,Low
19242,1,1,0.86730754,Very High
19243,0,0,0.13308826,Low
19244,1,0,0.47498375,High
19245,0,1,0.6043731,Very High
19246,0,0,0.3259088,Medium
19247,0,1,0.86346394,Very High
19248,0,0,0.3731741,Medium
19249,1,1,0.7602757,Very High
19250,0,1,0.7063517,Very High
19251,1,0,0.17856908,Low
19252,1,0,0.28355762,Medium
19253,0,0,0.0745844,Low
19254,0,0,0.16344282,Low
19255,1,0,0.28584048,Medium
19256,0,0,0.24726501,Medium
19257,0,0,0.3496727,Medium
19258,0,0,0.06899139,Low
19259,1,1,0.8437723,Very High
19260,0,0,0.35227993,Medium
19261,1,1,0.87809104,Very High
19262,0,0,0.25557998,Medium
19263,0,0,0.42483652,High
19264,0,0,0.3533464,Medium
19265,0,1,0.74214625,Very High
19266,1,0,0.1498341,Low
19267,0,0,0.38017833,Medium
19268,0,0,0.18918677,Low
19269,0,0,0.31219476,Medium
19270,1,0,0.23138039,Medium
19271,1,1,0.7658766,Very High
19272,0,0,0.23595652,Medium
19273,0,0,0.14586264,Low
19274,0,0,0.14600071,Low
19275,0,0,0.34417045,Medium
19276,0,0,0.26809442,Medium
19277,0,0,0.21557508,Medium
19278,0,0,0.27458355,Medium
19279,0,1,0.6680193,Very High
19280,0,0,0.314071,Medium
19281,0,1,0.5065761,High
19282,0,0,0.3531984,Medium
19283,0,0,0.20366867,Medium
19284,1,0,0.3028747,Medium
19285,1,1,0.8343775,Very High
19286,1,0,0.31367445,Medium
19287,0,0,0.2469955,Medium
19288,0,0,0.23999476,Medium
19289,0,0,0.23500903,Medium
19290,0,0,0.3080224,Medium
19291,0,0,0.23697785,Medium
19292,1,0,0.39961043,Medium
19293,0,0,0.2953077,Medium
19294,0,1,0.5452737,High
19295,0,0,0.24930783,Medium
19296,0,0,0.23518714,Medium
19297,0,0,0.10689784,Low
19298,1,1,0.51328903,High
19299,0,0,0.2658579,Medium
19300,0,0,0.18686141,Low
19301,0,0,0.4054405,High
19302,0,0,0.24735157,Medium
19303,0,1,0.82993376,Very High
19304,0,0,0.37898594,Medium
19305,0,0,0.330764,Medium
19306,0,0,0.10395059,Low
19307,0,0,0.14374442,Low
19308,0,0,0.1262772,Low
19309,0,0,0.33835116,Medium
19310,0,0,0.13676341,Low
19311,1,1,0.5368886,High
19312,0,0,0.13173029,Low
19313,1,1,0.60050285,Very High
19314,0,0,0.12941465,Low
19315,0,0,0.30632946,Medium
19316,0,1,0.78915656,Very High
19317,0,0,0.34554744,Medium
19318,1,1,0.8985607,Very High
19319,0,0,0.06807059,Low
19320,1,0,0.2453263,Medium
19321,0,0,0.22692677,Medium
19322,0,0,0.39291102,Medium
19323,0,1,0.70835525,Very High
19324,0,0,0.34765086,Medium
19325,0,0,0.33410138,Medium
19326,0,0,0.21447645,Medium
19327,0,0,0.36563486,Medium
19328,0,0,0.38605908,Medium
19329,1,1,0.8519034,Very High
19330,0,0,0.41417608,High
19331,0,0,0.11735846,Low
19332,0,0,0.35317254,Medium
19333,0,0,0.25322926,Medium
19334,0,0,0.3105649,Medium
19335,0,0,0.19381341,Low
19336,0,0,0.07516914,Low
19337,0,0,0.11461831,Low
19338,1,0,0.12675111,Low
19339,0,0,0.14568743,Low
19340,0,0,0.20482072,Medium
19341,0,0,0.31534526,Medium
19342,0,0,0.32638386,Medium
19343,0,1,0.5464317,High
19344,0,1,0.8050203,Very High
19345,1,1,0.91683716,Very High
19346,0,0,0.18080513,Low
19347,1,1,0.6169585,Very High
19348,0,1,0.62047905,Very High
19349,0,0,0.37991002,Medium
19350,0,0,0.28596404,Medium
19351,1,1,0.80531794,Very High
19352,1,1,0.72768897,Very High
19353,0,0,0.10584289,Low
19354,0,0,0.28110918,Medium
19355,1,0,0.42555517,High
19356,0,0,0.09585406,Low
19357,0,0,0.27351683,Medium
19358,0,1,0.7048227,Very High
19359,0,1,0.8135306,Very High
19360,0,0,0.3838772,Medium
19361,1,1,0.6023432,Very High
19362,0,0,0.19808672,Low
19363,0,0,0.13654031,Low
19364,0,0,0.1694543,Low
19365,0,0,0.10632032,Low
19366,0,0,0.17442997,Low
19367,0,0,0.11003547,Low
19368,0,0,0.23602027,Medium
19369,0,1,0.61753535,Very High
19370,0,0,0.15495132,Low
19371,0,0,0.33729973,Medium
19372,0,0,0.31356728,Medium
19373,0,0,0.056019336,Low
19374,0,0,0.10600664,Low
19375,0,0,0.115106575,Low
19376,0,0,0.22747396,Medium
19377,0,0,0.046237428,Low
19378,1,0,0.31450498,Medium
19379,0,0,0.2275609,Medium
19380,0,0,0.093822435,Low
19381,0,0,0.08210375,Low
19382,0,1,0.6926307,Very High
19383,0,0,0.3758953,Medium
19384,0,1,0.71483994,Very High
19385,0,0,0.06888324,Low
19386,0,1,0.65244293,Very High
19387,0,1,0.5032608,High
19388,1,0,0.25214118,Medium
19389,0,1,0.61262035,Very High
19390,1,0,0.4415647,High
19391,0,0,0.17903298,Low
19392,0,0,0.21374807,Medium
19393,0,0,0.2793872,Medium
19394,0,0,0.25149515,Medium
19395,0,0,0.13678397,Low
19396,0,0,0.19356538,Low
19397,0,0,0.23316026,Medium
19398,0,0,0.12643512,Low
19399,0,0,0.40575817,High
19400,0,0,0.1275864,Low
19401,0,1,0.572634,High
19402,0,0,0.38344795,Medium
19403,0,0,0.2800407,Medium
19404,0,0,0.39392546,Medium
19405,0,0,0.13974953,Low
19406,0,0,0.41539213,High
19407,0,0,0.16944136,Low
19408,0,0,0.1197735,Low
19409,1,1,0.5495825,High
19410,0,0,0.31713527,Medium
19411,0,0,0.076889,Low
19412,0,1,0.5862953,High
19413,0,1,0.5176638,High
19414,0,0,0.2893876,Medium
19415,0,0,0.145002,Low
19416,1,0,0.3505834,Medium
19417,1,1,0.51367587,High
19418,0,0,0.17951126,Low
19419,0,0,0.29805872,Medium
19420,0,0,0.24253257,Medium
19421,0,0,0.18511532,Low
19422,1,0,0.28408918,Medium
19423,0,0,0.38131604,Medium
19424,0,0,0.13796528,Low
19425,0,0,0.18875846,Low
19426,0,0,0.35160643,Medium
19427,0,0,0.22599493,Medium
19428,0,0,0.08893447,Low
19429,0,1,0.54591084,High
19430,0,0,0.31215167,Medium
19431,0,0,0.21556224,Medium
19432,0,1,0.5411203,High
19433,0,0,0.24969947,Medium
19434,1,1,0.55686736,High
19435,0,1,0.54451716,High
19436,0,0,0.29631546,Medium
19437,0,0,0.096434906,Low
19438,0,0,0.11374541,Low
19439,0,0,0.2374723,Medium
19440,0,0,0.08963665,Low
19441,0,0,0.406929,High
19442,0,1,0.640463,Very High
19443,1,0,0.3494792,Medium
19444,0,0,0.11393295,Low
19445,0,1,0.58357656,High
19446,0,0,0.31382808,Medium
19447,0,0,0.16307317,Low
19448,0,0,0.3858646,Medium
19449,0,0,0.34937868,Medium
19450,0,0,0.2661682,Medium
19451,0,0,0.11328933,Low
19452,0,0,0.242415,Medium
19453,1,1,0.8330182,Very High
19454,1,1,0.51963687,High
19455,0,0,0.24823807,Medium
19456,0,0,0.18466988,Low
19457,0,0,0.22391804,Medium
19458,0,0,0.31721473,Medium
19459,0,0,0.21269648,Medium
19460,0,0,0.17738375,Low
19461,0,1,0.65000105,Very High
19462,0,0,0.1692551,Low
19463,1,0,0.33563578,Medium
19464,0,0,0.07521515,Low
19465,0,0,0.4834089,High
19466,1,1,0.66871303,Very High
19467,0,0,0.20957512,Medium
19468,0,0,0.29058224,Medium
19469,0,0,0.1008878,Low
19470,0,0,0.17907271,Low
19471,0,1,0.69603175,Very High
19472,1,1,0.8743081,Very High
19473,0,0,0.2680702,Medium
19474,0,0,0.06495161,Low
19475,1,0,0.35970217,Medium
19476,0,0,0.20324329,Medium
19477,0,0,0.2547537,Medium
19478,0,0,0.28147337,Medium
19479,0,0,0.076519474,Low
19480,0,0,0.2774829,Medium
19481,0,0,0.33394906,Medium
19482,0,1,0.539626,High
19483,0,0,0.28412345,Medium
19484,0,0,0.2154837,Medium
19485,0,1,0.6597914,Very High
19486,1,1,0.84759605,Very High
19487,0,0,0.22168532,Medium
19488,0,1,0.53240114,High
19489,0,1,0.83438814,Very High
19490,1,1,0.8757777,Very High
19491,0,0,0.13621648,Low
19492,0,0,0.3271932,Medium
19493,0,0,0.08173172,Low
19494,0,0,0.2776189,Medium
19495,0,0,0.27994433,Medium
19496,1,0,0.49891588,High
19497,0,0,0.3600183,Medium
19498,0,0,0.14645047,Low
19499,1,1,0.50749713,High
19500,0,1,0.58676153,High
19501,0,0,0.16265108,Low
19502,0,0,0.07560653,Low
19503,0,0,0.23565434,Medium
19504,0,0,0.20940006,Medium
19505,0,0,0.38733065,Medium
19506,0,0,0.17201538,Low
19507,0,1,0.81360084,Very High
19508,0,0,0.48569188,High
19509,0,0,0.16898172,Low
19510,0,0,0.07334784,Low
19511,1,0,0.34942907,Medium
19512,0,0,0.29398987,Medium
19513,0,0,0.10752002,Low
19514,0,0,0.10581768,Low
19515,0,0,0.4350722,High
19516,0,1,0.5680225,High
19517,0,0,0.059770644,Low
19518,0,0,0.21973029,Medium
19519,0,0,0.38084078,Medium
19520,1,0,0.30471504,Medium
19521,1,1,0.83627754,Very High
19522,1,0,0.36679542,Medium
19523,1,1,0.8271169,Very High
19524,0,0,0.0680965,Low
19525,0,0,0.19904242,Low
19526,0,0,0.16122855,Low
19527,0,0,0.1595567,Low
19528,1,0,0.40365848,High
19529,0,1,0.64015,Very High
19530,1,0,0.10294325,Low
19531,0,0,0.32604912,Medium
19532,0,0,0.16869566,Low
19533,1,1,0.8846921,Very High
19534,0,1,0.77145576,Very High
19535,0,0,0.36675924,Medium
19536,0,0,0.09869854,Low
19537,1,1,0.82403857,Very High
19538,0,0,0.22304875,Medium
19539,0,0,0.088407084,Low
19540,0,0,0.33545592,Medium
19541,0,0,0.09675638,Low
19542,0,0,0.29007456,Medium
19543,0,0,0.15142325,Low
19544,0,0,0.18184355,Low
19545,0,0,0.27096415,Medium
19546,0,1,0.8421221,Very High
19547,0,0,0.31923217,Medium
19548,1,0,0.37756887,Medium
19549,1,1,0.82397634,Very High
19550,1,0,0.11251303,Low
19551,0,0,0.26517934,Medium
19552,0,1,0.8528441,Very High
19553,1,0,0.26601946,Medium
19554,0,0,0.18154587,Low
19555,0,1,0.6328637,Very High
19556,0,0,0.17402951,Low
19557,1,1,0.88995355,Very High
19558,0,0,0.08660603,Low
19559,0,0,0.4303816,High
19560,0,0,0.12602435,Low
19561,0,0,0.41107336,High
19562,0,0,0.15996209,Low
19563,0,0,0.27606168,Medium
19564,1,0,0.17263417,Low
19565,1,0,0.47945172,High
19566,0,1,0.60562515,Very High
19567,0,0,0.12343897,Low
19568,0,0,0.14061041,Low
19569,0,0,0.38325852,Medium
19570,1,0,0.27325845,Medium
19571,0,0,0.32895648,Medium
19572,0,0,0.3904881,Medium
19573,1,0,0.2924213,Medium
19574,0,0,0.40478545,High
19575,0,0,0.124710515,Low
19576,0,0,0.20094569,Medium
19577,0,0,0.08628911,Low
19578,1,1,0.7720909,Very High
19579,0,0,0.14041771,Low
19580,0,0,0.29262432,Medium
19581,0,0,0.073456146,Low
19582,0,0,0.14469641,Low
19583,0,0,0.16699812,Low
19584,0,0,0.12919162,Low
19585,1,0,0.32996088,Medium
19586,0,0,0.117264,Low
19587,0,0,0.3287411,Medium
19588,1,1,0.9108799,Very High
19589,0,0,0.21522325,Medium
19590,0,0,0.18121122,Low
19591,0,0,0.08214881,Low
19592,0,1,0.7797127,Very High
19593,0,0,0.1984941,Low
19594,0,0,0.2961258,Medium
19595,0,0,0.24308445,Medium
19596,1,1,0.8910774,Very High
19597,0,0,0.3207589,Medium
19598,0,0,0.21778756,Medium
19599,0,0,0.4149374,High
19600,0,0,0.094465084,Low
19601,0,0,0.29344746,Medium
19602,0,0,0.21995291,Medium
19603,0,0,0.39686596,Medium
19604,1,0,0.41104096,High
19605,0,1,0.558248,High
19606,0,0,0.4177067,High
19607,0,0,0.116721876,Low
19608,0,0,0.121886596,Low
19609,0,0,0.0627972,Low
19610,0,0,0.083789445,Low
19611,0,0,0.12280936,Low
19612,0,0,0.11455833,Low
19613,0,0,0.17936121,Low
19614,0,0,0.24429299,Medium
19615,0,0,0.08375325,Low
19616,0,0,0.17598929,Low
19617,1,1,0.8643498,Very High
19618,0,0,0.2209222,Medium
19619,0,0,0.072478086,Low
19620,0,0,0.39008936,Medium
19621,0,0,0.19235396,Low
19622,1,1,0.83717406,Very High
19623,1,0,0.1312769,Low
19624,0,0,0.2182693,Medium
19625,0,0,0.33100542,Medium
19626,0,0,0.18395634,Low
19627,0,0,0.25900617,Medium
19628,0,0,0.28740212,Medium
19629,0,1,0.50864434,High
19630,0,0,0.4889011,High
19631,0,0,0.3327152,Medium
19632,0,0,0.14982888,Low
19633,0,0,0.2077204,Medium
19634,1,1,0.66049385,Very High
19635,0,0,0.12732734,Low
19636,0,0,0.30370212,Medium
19637,0,0,0.49889868,High
19638,1,1,0.83539623,Very High
19639,0,0,0.099327706,Low
19640,0,1,0.8287045,Very High
19641,1,1,0.6175936,Very High
19642,0,0,0.28982747,Medium
19643,0,0,0.16883557,Low
19644,0,0,0.055607166,Low
19645,0,0,0.4000345,High
19646,0,0,0.17335561,Low
19647,0,0,0.14335766,Low
19648,0,0,0.25563905,Medium
19649,1,0,0.25164783,Medium
19650,1,1,0.87389296,Very High
19651,0,0,0.10225843,Low
19652,0,0,0.2799185,Medium
19653,0,0,0.2429112,Medium
19654,0,0,0.06352111,Low
19655,1,1,0.57053626,High
19656,0,0,0.19399372,Low
19657,0,1,0.5663949,High
19658,0,1,0.5500948,High
19659,0,0,0.085441105,Low
19660,1,1,0.6437386,Very High
19661,1,1,0.5039451,High
19662,0,1,0.54263586,High
19663,0,0,0.048621565,Low
19664,0,0,0.11344483,Low
19665,0,0,0.07907714,Low
19666,0,0,0.36091858,Medium
19667,0,0,0.11306399,Low
19668,0,1,0.75019526,Very High
19669,0,0,0.23666866,Medium
19670,0,0,0.17790683,Low
19671,0,1,0.589076,High
19672,0,0,0.13243893,Low
19673,0,0,0.32496333,Medium
19674,0,0,0.30899623,Medium
19675,0,0,0.10902488,Low
19676,0,0,0.24990982,Medium
19677,1,1,0.563392,High
19678,0,0,0.14097293,Low
19679,0,0,0.25824207,Medium
19680,0,0,0.31395695,Medium
19681,0,0,0.16958873,Low
19682,0,0,0.24899933,Medium
19683,0,0,0.15998346,Low
19684,1,0,0.38976368,Medium
19685,0,0,0.08632857,Low
19686,1,0,0.49149996,High
19687,1,1,0.83561337,Very High
19688,0,0,0.20156565,Medium
19689,0,0,0.23068424,Medium
19690,0,0,0.12669876,Low
19691,0,0,0.0933449,Low
19692,0,0,0.27729803,Medium
19693,0,1,0.54365456,High
19694,1,0,0.2643034,Medium
19695,0,0,0.29108742,Medium
19696,0,0,0.1280948,Low
19697,0,0,0.09291261,Low
19698,1,1,0.89953643,Very High
19699,0,0,0.1183208,Low
19700,1,1,0.5717041,High
19701,0,0,0.30768687,Medium
19702,0,0,0.18296587,Low
19703,0,0,0.2054348,Medium
19704,0,0,0.22796334,Medium
19705,0,0,0.47918612,High
19706,1,0,0.33716735,Medium
19707,0,0,0.35223097,Medium
19708,1,1,0.72013664,Very High
19709,0,0,0.13055433,Low
19710,0,0,0.2565607,Medium
19711,0,0,0.11734409,Low
19712,1,1,0.8677214,Very High
19713,0,0,0.17402947,Low
19714,0,0,0.26522982,Medium
19715,0,0,0.18949597,Low
19716,0,0,0.12747139,Low
19717,0,1,0.5262285,High
19718,0,0,0.14956222,Low
19719,0,0,0.08890326,Low
19720,0,0,0.102923095,Low
19721,0,0,0.21308024,Medium
19722,0,0,0.111676894,Low
19723,0,0,0.10536951,Low
19724,0,0,0.1365075,Low
19725,0,0,0.09173105,Low
19726,0,0,0.1491084,Low
19727,0,1,0.8040555,Very High
19728,1,0,0.20059581,Medium
19729,0,0,0.23269923,Medium
19730,0,0,0.11408607,Low
19731,0,0,0.114644,Low
19732,0,0,0.40513733,High
19733,0,0,0.182171,Low
19734,0,0,0.11596585,Low
19735,0,0,0.24996561,Medium
19736,0,0,0.11699718,Low
19737,0,0,0.20853402,Medium
19738,0,1,0.7994529,Very High
19739,0,0,0.2255657,Medium
19740,1,1,0.8393071,Very High
19741,0,0,0.24095209,Medium
19742,0,0,0.15871081,Low
19743,1,1,0.6429474,Very High
19744,0,0,0.1826834,Low
19745,0,0,0.28720886,Medium
19746,0,1,0.5833165,High
19747,0,0,0.177883,Low
19748,0,0,0.1284057,Low
19749,0,0,0.26701078,Medium
19750,0,0,0.32703915,Medium
19751,1,0,0.3367755,Medium
19752,0,0,0.4363961,High
19753,1,1,0.7520469,Very High
19754,0,0,0.09879441,Low
19755,0,0,0.3208429,Medium
19756,1,1,0.844484,Very High
19757,0,0,0.08938623,Low
19758,0,0,0.46499023,High
19759,0,0,0.06773798,Low
19760,0,0,0.068799585,Low
19761,0,0,0.2595477,Medium
19762,1,1,0.54043317,High
19763,0,0,0.22544692,Medium
19764,0,0,0.14641811,Low
19765,0,0,0.31435522,Medium
19766,0,1,0.82708466,Very High
19767,0,0,0.053043976,Low
19768,1,0,0.3564112,Medium
19769,0,0,0.33544734,Medium
19770,0,0,0.27493212,Medium
19771,1,1,0.897558,Very High
19772,0,0,0.101395376,Low
19773,0,0,0.3878324,Medium
19774,0,0,0.23713782,Medium
19775,0,0,0.11014197,Low
19776,0,1,0.5542305,High
19777,0,0,0.15796642,Low
19778,0,0,0.24782625,Medium
19779,0,0,0.47854125,High
19780,0,0,0.29795665,Medium
19781,0,0,0.15094437,Low
19782,0,0,0.42333823,High
19783,1,1,0.6661908,Very High
19784,0,0,0.25351828,Medium
19785,1,0,0.19065498,Low
19786,0,0,0.103107624,Low
19787,0,0,0.18516184,Low
19788,0,0,0.4783676,High
19789,0,0,0.20145135,Medium
19790,0,0,0.22662488,Medium
19791,0,0,0.06270313,Low
19792,1,0,0.3252797,Medium
19793,0,0,0.34973073,Medium
19794,0,0,0.45519474,High
19795,0,0,0.18298694,Low
19796,0,0,0.13339914,Low
19797,0,0,0.26938835,Medium
19798,0,0,0.22396229,Medium
19799,1,1,0.6331564,Very High
19800,0,0,0.3903207,Medium
19801,0,0,0.19386233,Low
19802,1,1,0.68227386,Very High
19803,0,0,0.15853253,Low
19804,0,0,0.15895888,Low
19805,0,0,0.38452294,Medium
19806,1,0,0.39033553,Medium
19807,0,0,0.076628335,Low
19808,0,0,0.26212326,Medium
19809,0,0,0.26026806,Medium
19810,0,1,0.71860284,Very High
19811,0,0,0.20711307,Medium
19812,0,0,0.24659286,Medium
19813,0,0,0.10055904,Low
19814,0,1,0.5839553,High
19815,1,1,0.8134951,Very High
19816,0,0,0.14575323,Low
19817,0,0,0.13450056,Low
19818,1,1,0.8197225,Very High
19819,1,1,0.5351003,High
19820,0,0,0.43313348,High
19821,1,1,0.61240816,Very High
19822,0,0,0.28698862,Medium
19823,0,0,0.37027028,Medium
19824,0,0,0.3264541,Medium
19825,1,1,0.8924709,Very High
19826,0,0,0.21710691,Medium
19827,0,0,0.30919224,Medium
19828,0,0,0.23395975,Medium
19829,0,0,0.07677697,Low
19830,0,1,0.5200901,High
19831,0,0,0.30905327,Medium
19832,1,1,0.68127066,Very High
19833,0,0,0.18741407,Low
19834,0,0,0.16132852,Low
19835,0,1,0.8217325,Very High
19836,0,0,0.1019221,Low
19837,0,0,0.2913209,Medium
19838,0,0,0.27926147,Medium
19839,0,0,0.15890457,Low
19840,0,1,0.68538725,Very High
19841,0,0,0.19922902,Low
19842,0,0,0.120049365,Low
19843,0,1,0.83627254,Very High
19844,1,1,0.8192591,Very High
19845,0,0,0.44142085,High
19846,1,0,0.45404518,High
19847,0,0,0.26399472,Medium
19848,0,1,0.69619155,Very High
19849,0,0,0.10667342,Low
19850,0,0,0.1097787,Low
19851,0,0,0.10125055,Low
19852,0,0,0.12896341,Low
19853,0,0,0.16108823,Low
19854,1,1,0.62047905,Very High
19855,0,0,0.4009628,High
19856,1,1,0.6901535,Very High
19857,0,0,0.24215211,Medium
19858,0,0,0.15124275,Low
19859,0,0,0.10284342,Low
19860,0,0,0.16790609,Low
19861,0,0,0.36230737,Medium
19862,1,1,0.6951201,Very High
19863,0,0,0.20765123,Medium
19864,1,0,0.19255427,Low
19865,0,0,0.12502109,Low
19866,0,1,0.7411681,Very High
19867,0,0,0.2004571,Medium
19868,0,1,0.5107577,High
19869,0,0,0.1366306,Low
19870,0,0,0.30791312,Medium
19871,0,0,0.37709355,Medium
19872,0,0,0.07038182,Low
19873,1,0,0.45840386,High
19874,0,0,0.2530392,Medium
19875,0,0,0.27930334,Medium
19876,0,0,0.455398,High
19877,0,0,0.22645503,Medium
19878,0,0,0.32902402,Medium
19879,0,0,0.27450243,Medium
19880,0,0,0.3685684,Medium
19881,1,0,0.20950511,Medium
19882,0,0,0.2066824,Medium
19883,0,0,0.2895294,Medium
19884,0,0,0.15251115,Low
19885,0,0,0.095061176,Low
19886,0,0,0.1829456,Low
19887,0,0,0.25431463,Medium
19888,1,1,0.572845,High
19889,0,0,0.3633351,Medium
19890,0,0,0.060519855,Low
19891,0,0,0.25489148,Medium
19892,0,0,0.16140397,Low
19893,0,0,0.16614425,Low
19894,0,0,0.2707305,Medium
19895,0,0,0.35192773,Medium
19896,1,1,0.5189726,High
19897,0,0,0.124060795,Low
19898,0,1,0.61690676,Very High
19899,1,1,0.84313625,Very High
19900,1,1,0.8111109,Very High
19901,0,1,0.5187336,High
19902,0,0,0.32964665,Medium
19903,0,0,0.32563782,Medium
19904,0,0,0.1066095,Low
19905,0,0,0.36119345,Medium
19906,0,0,0.094979316,Low
19907,1,1,0.83154666,Very High
19908,0,0,0.37500894,Medium
19909,1,0,0.3331692,Medium
19910,0,0,0.08484538,Low
19911,0,0,0.10177105,Low
19912,0,0,0.3843715,Medium
19913,1,0,0.31667474,Medium
19914,0,0,0.2925232,Medium
19915,0,0,0.103444815,Low
19916,0,0,0.07528,Low
19917,0,0,0.40251982,High
19918,0,0,0.21542396,Medium
19919,0,0,0.16087264,Low
19920,1,0,0.27321863,Medium
19921,0,0,0.30812392,Medium
19922,0,0,0.2906947,Medium
19923,1,0,0.22075179,Medium
19924,0,0,0.23056233,Medium
19925,0,0,0.17941064,Low
19926,1,1,0.62477404,Very High
19927,1,0,0.35255828,Medium
19928,0,0,0.4818838,High
19929,0,0,0.39079803,Medium
19930,0,0,0.20321213,Medium
19931,0,0,0.24572119,Medium
19932,1,0,0.43289977,High
19933,0,0,0.16397512,Low
19934,0,1,0.5420642,High
19935,0,0,0.10929182,Low
19936,0,1,0.83218825,Very High
19937,0,0,0.4856729,High
19938,1,0,0.39220554,Medium
19939,0,0,0.14396216,Low
19940,0,0,0.19827142,Low
19941,0,0,0.18437184,Low
19942,0,0,0.097074345,Low
19943,0,0,0.25357026,Medium
19944,0,0,0.4220589,High
19945,0,0,0.1672752,Low
19946,0,0,0.12982348,Low
19947,0,0,0.19103575,Low
19948,0,1,0.82360893,Very High
19949,0,0,0.15295224,Low
19950,0,0,0.38960367,Medium
19951,0,0,0.09657379,Low
19952,0,0,0.3282608,Medium
19953,0,0,0.28711778,Medium
19954,0,0,0.21882088,Medium
19955,0,0,0.4205555,High
19956,0,0,0.42205253,High
19957,0,0,0.34074026,Medium
19958,0,0,0.46918294,High
19959,0,0,0.15227628,Low
19960,0,1,0.52702427,High
19961,1,1,0.7407941,Very High
19962,0,0,0.40518096,High
19963,0,0,0.14462692,Low
19964,0,0,0.36596382,Medium
19965,0,0,0.13660453,Low
19966,0,0,0.09249464,Low
19967,0,0,0.16580588,Low
19968,0,0,0.20150936,Medium
19969,0,0,0.085929886,Low
19970,0,0,0.120405406,Low
19971,0,1,0.62238324,Very High
19972,0,0,0.28082204,Medium
19973,0,0,0.3623591,Medium
19974,0,0,0.22182414,Medium
19975,0,0,0.3865825,Medium
19976,0,0,0.3362474,Medium
19977,0,0,0.3343732,Medium
19978,0,1,0.5599754,High
19979,0,0,0.48600677,High
19980,0,0,0.13583714,Low
19981,0,0,0.0858201,Low
19982,0,0,0.09521542,Low
19983,1,1,0.92552614,Very High
19984,0,0,0.33553097,Medium
19985,1,0,0.42140824,High
19986,0,0,0.29475814,Medium
19987,0,0,0.13140644,Low
19988,0,0,0.29133993,Medium
19989,1,1,0.8853207,Very High
19990,0,0,0.15635963,Low
19991,0,0,0.47360623,High
19992,0,1,0.59143245,High
19993,0,0,0.25443423,Medium
19994,0,0,0.3236285,Medium
19995,0,0,0.232009,Medium
19996,0,0,0.2849154,Medium
19997,1,0,0.307098,Medium
19998,0,0,0.22172338,Medium
19999,0,0,0.26015002,Medium
20000,0,1,0.50765574,High
20001,1,0,0.24221374,Medium
20002,0,1,0.736179,Very High
20003,0,0,0.38410392,Medium
20004,0,0,0.12287789,Low
20005,0,0,0.22706349,Medium
20006,1,0,0.36992484,Medium
20007,0,0,0.30555174,Medium
20008,0,0,0.41520616,High
20009,0,0,0.088941485,Low
20010,0,0,0.21676575,Medium
20011,1,0,0.48785216,High
20012,0,1,0.7601106,Very High
20013,0,0,0.078843504,Low
20014,0,0,0.45801196,High
20015,0,0,0.1608135,Low
20016,0,0,0.23427086,Medium
20017,0,0,0.22355524,Medium
20018,0,0,0.15220357,Low
20019,0,0,0.27112064,Medium
20020,0,0,0.13574408,Low
20021,0,0,0.23597698,Medium
20022,0,1,0.606335,Very High
20023,0,0,0.20870598,Medium
20024,0,0,0.10923604,Low
20025,0,0,0.30617815,Medium
20026,1,0,0.350784,Medium
20027,1,0,0.17854255,Low
20028,0,0,0.3599436,Medium
20029,1,1,0.570886,High
20030,0,0,0.19706719,Low
20031,0,0,0.10679457,Low
20032,0,1,0.85032904,Very High
20033,0,1,0.6239814,Very High
20034,0,1,0.576395,High
20035,0,0,0.437161,High
20036,0,0,0.19734001,Low
20037,0,0,0.23116745,Medium
20038,0,0,0.19398476,Low
20039,0,0,0.3414465,Medium
20040,0,0,0.23368303,Medium
20041,0,0,0.2343438,Medium
20042,0,0,0.12507077,Low
20043,0,0,0.13407892,Low
20044,0,0,0.10237723,Low
20045,0,0,0.35145444,Medium
20046,1,0,0.4036441,High
20047,0,1,0.5049383,High
20048,0,0,0.4854609,High
20049,0,0,0.17020635,Low
20050,0,0,0.38552895,Medium
20051,0,1,0.54805267,High
20052,0,0,0.18035254,Low
20053,0,0,0.33079663,Medium
20054,1,0,0.2739203,Medium
20055,0,0,0.4032265,High
20056,0,0,0.35277137,Medium
20057,0,0,0.22497484,Medium
20058,0,0,0.31697863,Medium
20059,0,0,0.23064138,Medium
20060,0,0,0.10464548,Low
20061,1,0,0.2604223,Medium
20062,0,0,0.060527556,Low
20063,0,0,0.053932086,Low
20064,0,0,0.19888186,Low
20065,0,0,0.06409457,Low
20066,0,0,0.31173387,Medium
20067,0,0,0.49586594,High
20068,0,0,0.11520919,Low
20069,0,0,0.372371,Medium
20070,1,0,0.48924607,High
20071,0,0,0.10435467,Low
20072,0,0,0.14239317,Low
20073,0,0,0.11133131,Low
20074,0,0,0.3610371,Medium
20075,0,0,0.11700209,Low
20076,0,0,0.07336913,Low
20077,1,0,0.2058547,Medium
20078,0,0,0.09607687,Low
20079,0,0,0.30469486,Medium
20080,0,0,0.11467695,Low
20081,0,0,0.2283108,Medium
20082,0,0,0.21503167,Medium
20083,0,0,0.09365252,Low
20084,0,1,0.54366744,High
20085,0,0,0.12044211,Low
20086,0,0,0.28906575,Medium
20087,0,0,0.38858944,Medium
20088,0,0,0.2864414,Medium
20089,0,0,0.06794463,Low
20090,0,0,0.47977254,High
20091,1,0,0.30258214,Medium
20092,0,0,0.1627533,Low
20093,0,0,0.22996356,Medium
20094,0,0,0.26936486,Medium
20095,1,1,0.8763251,Very High
20096,0,0,0.27439258,Medium
20097,0,0,0.21743388,Medium
20098,0,0,0.0564803,Low
20099,0,0,0.16762137,Low
20100,1,0,0.34093362,Medium
20101,1,0,0.33633915,Medium
20102,0,0,0.32400814,Medium
20103,0,0,0.48254398,High
20104,0,0,0.18501292,Low
20105,0,0,0.12928936,Low
20106,0,1,0.5085432,High
20107,0,0,0.10412061,Low
20108,0,0,0.28055063,Medium
20109,0,0,0.31839004,Medium
20110,0,0,0.07670025,Low
20111,1,0,0.4611147,High
20112,0,0,0.29325634,Medium
20113,0,0,0.2620306,Medium
20114,1,1,0.569048,High
20115,0,0,0.1232859,Low
20116,0,0,0.13620733,Low
20117,1,0,0.4125108,High
20118,0,0,0.3196673,Medium
20119,0,0,0.08504419,Low
20120,0,0,0.14706951,Low
20121,1,0,0.31580237,Medium
20122,0,0,0.17847502,Low
20123,0,0,0.21110168,Medium
20124,0,0,0.106391065,Low
20125,0,0,0.20253818,Medium
20126,0,0,0.17379299,Low
20127,0,0,0.45034805,High
20128,1,0,0.20732118,Medium
20129,0,0,0.22736757,Medium
20130,1,1,0.8544386,Very High
20131,0,1,0.82336175,Very High
20132,0,0,0.20236133,Medium
20133,0,0,0.12235003,Low
20134,1,0,0.19798708,Low
20135,0,0,0.0989957,Low
20136,0,0,0.31346822,Medium
20137,0,0,0.12720786,Low
20138,0,0,0.11333707,Low
20139,0,0,0.10009613,Low
20140,0,0,0.37101063,Medium
20141,1,1,0.7626408,Very High
20142,0,0,0.080262415,Low
20143,0,0,0.27380866,Medium
20144,0,0,0.07538115,Low
20145,0,0,0.18592834,Low
20146,0,0,0.09329701,Low
20147,1,1,0.8724692,Very High
20148,0,1,0.5293144,High
20149,1,1,0.8575898,Very High
20150,0,0,0.15079406,Low
20151,0,0,0.3038793,Medium
20152,1,1,0.5611453,High
20153,0,0,0.22621833,Medium
20154,1,0,0.48803028,High
20155,0,0,0.33173355,Medium
20156,0,0,0.35047746,Medium
20157,0,0,0.15817288,Low
20158,0,0,0.35347304,Medium
20159,0,0,0.19829404,Low
20160,1,0,0.36904836,Medium
20161,0,0,0.26303878,Medium
20162,0,0,0.22283141,Medium
20163,0,0,0.07642436,Low
20164,1,1,0.79800594,Very High
20165,1,0,0.25414178,Medium
20166,0,0,0.17279959,Low
20167,0,0,0.23488006,Medium
20168,0,0,0.2777106,Medium
20169,0,0,0.23891307,Medium
20170,0,0,0.10025228,Low
20171,1,0,0.25124672,Medium
20172,1,0,0.33967414,Medium
20173,0,0,0.47846782,High
20174,0,0,0.42170787,High
20175,0,0,0.11039426,Low
20176,0,0,0.17993475,Low
20177,0,1,0.6040331,Very High
20178,0,0,0.35137814,Medium
20179,0,0,0.26303706,Medium
20180,0,0,0.12042037,Low
20181,0,0,0.41218397,High
20182,0,0,0.10569196,Low
20183,0,0,0.071805105,Low
20184,0,0,0.18021913,Low
20185,0,0,0.17826508,Low
20186,0,0,0.1642192,Low
20187,0,0,0.2995011,Medium
20188,0,0,0.35799533,Medium
20189,0,1,0.52441293,High
20190,0,0,0.18065268,Low
20191,0,0,0.09276171,Low
20192,1,0,0.19329242,Low
20193,0,0,0.074499615,Low
20194,0,0,0.16639301,Low
20195,0,0,0.18667826,Low
20196,0,0,0.15623815,Low
20197,0,0,0.21012223,Medium
20198,0,0,0.13030465,Low
20199,0,0,0.10789353,Low
20200,0,0,0.22700292,Medium
20201,0,0,0.21452564,Medium
20202,0,0,0.08164961,Low
20203,0,0,0.31619492,Medium
20204,0,0,0.17780901,Low
20205,0,0,0.46288034,High
20206,0,0,0.30771735,Medium
20207,1,1,0.7898732,Very High
20208,1,0,0.23552285,Medium
20209,0,0,0.23095648,Medium
20210,0,0,0.4721938,High
20211,1,1,0.8349363,Very High
20212,0,0,0.40318742,High
20213,1,0,0.38967693,Medium
20214,0,0,0.31995857,Medium
20215,1,1,0.8733499,Very High
20216,0,0,0.27472177,Medium
20217,0,0,0.36729604,Medium
20218,0,1,0.61978805,Very High
20219,0,0,0.3887247,Medium
20220,0,0,0.1102907,Low
20221,1,1,0.75209516,Very High
20222,0,0,0.32346463,Medium
20223,0,0,0.29474783,Medium
20224,0,1,0.6702251,Very High
20225,0,1,0.7897261,Very High
20226,0,0,0.17600186,Low
20227,0,1,0.5787351,High
20228,0,0,0.14103599,Low
20229,0,0,0.28781876,Medium
20230,1,1,0.5870005,High
20231,0,1,0.67919654,Very High
20232,0,0,0.383247,Medium
20233,1,0,0.18383072,Low
20234,0,0,0.17060821,Low
20235,0,0,0.099500015,Low
20236,0,0,0.496605,High
20237,0,1,0.81159186,Very High
20238,0,0,0.3510165,Medium
20239,0,1,0.8052974,Very High
20240,0,0,0.15125196,Low
20241,0,0,0.36722508,Medium
20242,0,0,0.07503511,Low
20243,0,0,0.36835003,Medium
20244,0,0,0.17621645,Low
20245,0,0,0.050178934,Low
20246,0,1,0.7181277,Very High
20247,0,0,0.24311565,Medium
20248,0,0,0.2991344,Medium
20249,1,1,0.7921762,Very High
20250,0,1,0.51818323,High
20251,0,0,0.17819276,Low
20252,1,0,0.38886154,Medium
20253,1,0,0.47402263,High
20254,0,0,0.15612982,Low
20255,1,1,0.9281457,Very High
20256,0,1,0.7808378,Very High
20257,0,0,0.29600462,Medium
20258,1,0,0.21718594,Medium
20259,0,0,0.27848712,Medium
20260,0,0,0.18542229,Low
20261,0,0,0.25328004,Medium
20262,0,0,0.085716344,Low
20263,0,0,0.2614633,Medium
20264,0,1,0.5014853,High
20265,0,0,0.31319362,Medium
20266,0,0,0.16644754,Low
20267,1,1,0.8531477,Very High
20268,0,0,0.4151866,High
20269,0,1,0.55681026,High
20270,0,0,0.37355718,Medium
20271,0,0,0.22729082,Medium
20272,0,0,0.23931967,Medium
20273,1,1,0.8703793,Very High
20274,0,0,0.23088385,Medium
20275,0,0,0.09018329,Low
20276,1,0,0.38571364,Medium
20277,0,0,0.38231325,Medium
20278,0,0,0.2559615,Medium
20279,1,0,0.2903035,Medium
20280,0,0,0.19806711,Low
20281,0,0,0.1698112,Low
20282,1,1,0.9155725,Very High
20283,1,1,0.89431125,Very High
20284,0,0,0.28734094,Medium
20285,0,1,0.7500276,Very High
20286,0,1,0.5438175,High
20287,0,0,0.17467372,Low
20288,1,0,0.43091926,High
20289,0,0,0.32545012,Medium
20290,0,0,0.39265707,Medium
20291,0,1,0.85862666,Very High
20292,0,0,0.21688695,Medium
20293,0,0,0.25665548,Medium
20294,1,0,0.36035582,Medium
20295,0,0,0.14304623,Low
20296,1,0,0.47945204,High
20297,0,0,0.13984787,Low
20298,0,1,0.5156079,High
20299,0,0,0.29003936,Medium
20300,0,0,0.07371229,Low
20301,0,0,0.40624672,High
20302,0,0,0.15141448,Low
20303,0,0,0.31220317,Medium
20304,0,0,0.22486372,Medium
20305,0,0,0.09932914,Low
20306,0,0,0.37266836,Medium
20307,1,1,0.5281854,High
20308,0,1,0.7270158,Very High
20309,0,0,0.27765176,Medium
20310,0,1,0.52832556,High
20311,0,0,0.19234848,Low
20312,0,0,0.28618404,Medium
20313,0,0,0.23337956,Medium
20314,1,0,0.40173194,High
20315,1,1,0.6659596,Very High
20316,0,0,0.08087147,Low
20317,0,0,0.17506437,Low
20318,0,0,0.120135605,Low
20319,1,1,0.8173689,Very High
20320,0,0,0.3367984,Medium
20321,0,0,0.13650692,Low
20322,0,0,0.11623014,Low
20323,1,1,0.6674879,Very High
20324,0,0,0.4354113,High
20325,0,0,0.07354251,Low
20326,0,0,0.30477795,Medium
20327,0,0,0.36131188,Medium
20328,0,0,0.15526733,Low
20329,0,0,0.4110824,High
20330,0,0,0.46857193,High
20331,0,1,0.5703545,High
20332,0,0,0.2008215,Medium
20333,0,0,0.38748556,Medium
20334,0,0,0.10598852,Low
20335,0,0,0.040754564,Low
20336,1,1,0.8069835,Very High
20337,1,0,0.34494033,Medium
20338,1,1,0.79380554,Very High
20339,0,1,0.73650837,Very High
20340,1,0,0.4575298,High
20341,0,0,0.33420014,Medium
20342,0,0,0.10808739,Low
20343,1,1,0.68323076,Very High
20344,0,0,0.2774841,Medium
20345,0,0,0.13869844,Low
20346,0,1,0.7796531,Very High
20347,0,1,0.60347354,Very High
20348,0,0,0.23273559,Medium
20349,0,0,0.2630781,Medium
20350,0,1,0.79814166,Very High
20351,0,0,0.098501794,Low
20352,0,0,0.29025328,Medium
20353,0,0,0.36739197,Medium
20354,0,0,0.31269118,Medium
20355,0,0,0.4189035,High
20356,0,0,0.34726688,Medium
20357,0,0,0.28546417,Medium
20358,1,0,0.39860913,Medium
20359,1,1,0.6566287,Very High
20360,1,1,0.8955764,Very High
20361,0,0,0.12601826,Low
20362,1,0,0.2462269,Medium
20363,1,0,0.20191063,Medium
20364,1,1,0.8555362,Very High
20365,1,1,0.71112746,Very High
20366,0,0,0.2620152,Medium
20367,1,1,0.82569134,Very High
20368,1,1,0.79429924,Very High
20369,1,0,0.40285268,High
20370,0,0,0.33276328,Medium
20371,1,0,0.28174603,Medium
20372,1,0,0.3177127,Medium
20373,0,1,0.6869309,Very High
20374,1,1,0.76261294,Very High
20375,0,0,0.4252274,High
20376,0,0,0.2285254,Medium
20377,0,0,0.28013387,Medium
20378,1,1,0.8427105,Very High
20379,0,1,0.6400426,Very High
20380,0,1,0.84484404,Very High
20381,1,0,0.30108348,Medium
20382,1,1,0.7958287,Very High
20383,0,0,0.30051547,Medium
20384,0,0,0.40030655,High
20385,1,1,0.7995093,Very High
20386,0,1,0.60748225,Very High
20387,0,0,0.19662224,Low
20388,1,1,0.6053055,Very High
20389,1,1,0.86296034,Very High
20390,0,1,0.73184097,Very High
20391,0,0,0.27885768,Medium
20392,0,0,0.40090758,High
20393,0,0,0.121126175,Low
20394,0,0,0.15873817,Low
20395,0,0,0.31436917,Medium
20396,0,1,0.82349586,Very High
20397,0,0,0.34065768,Medium
20398,0,0,0.09789643,Low
20399,1,1,0.8940227,Very High
20400,0,0,0.34209466,Medium
20401,0,0,0.16509986,Low
20402,0,0,0.32314283,Medium
20403,0,1,0.70200574,Very High
20404,0,0,0.16376957,Low
20405,0,0,0.13460061,Low
20406,0,0,0.44404384,High
20407,0,0,0.32570574,Medium
20408,0,0,0.4084032,High
20409,1,1,0.85832185,Very High
20410,0,0,0.21760215,Medium
20411,0,0,0.21180473,Medium
20412,0,0,0.28799486,Medium
20413,0,0,0.100815,Low
20414,0,0,0.33253682,Medium
20415,0,0,0.24041513,Medium
20416,0,1,0.7661334,Very High
20417,0,0,0.38474035,Medium
20418,0,0,0.28200483,Medium
20419,0,0,0.16806103,Low
20420,0,0,0.30110362,Medium
20421,0,1,0.56306124,High
20422,0,0,0.42313263,High
20423,0,0,0.34138018,Medium
20424,0,0,0.14077824,Low
20425,1,1,0.88366157,Very High
20426,0,1,0.74542093,Very High
20427,0,0,0.31791177,Medium
20428,1,1,0.7848597,Very High
20429,1,1,0.65305793,Very High
20430,1,1,0.8405534,Very High
20431,0,1,0.81059647,Very High
20432,0,0,0.3191304,Medium
20433,0,0,0.21867688,Medium
20434,0,0,0.16020419,Low
20435,0,0,0.09945945,Low
20436,0,0,0.35551465,Medium
20437,0,0,0.13939922,Low
20438,1,1,0.877796,Very High
20439,0,0,0.45564958,High
20440,1,1,0.6436982,Very High
20441,1,1,0.7295114,Very High
20442,0,0,0.12983575,Low
20443,0,0,0.16503231,Low
20444,0,0,0.13776745,Low
20445,0,0,0.28641808,Medium
20446,0,0,0.43796974,High
20447,1,1,0.7199092,Very High
20448,0,0,0.39546984,Medium
20449,0,0,0.13520563,Low
20450,0,0,0.100302674,Low
20451,0,1,0.8345593,Very High
20452,0,0,0.2357928,Medium
20453,1,0,0.20621619,Medium
20454,0,1,0.5002469,High
20455,0,0,0.046451565,Low
20456,0,0,0.3170094,Medium
20457,0,0,0.1259901,Low
20458,0,0,0.28310758,Medium
20459,0,0,0.47625965,High
20460,0,0,0.3681715,Medium
20461,0,0,0.22449972,Medium
20462,0,1,0.5835914,High
20463,0,0,0.19018304,Low
20464,1,0,0.16671453,Low
20465,1,1,0.8494996,Very High
20466,0,0,0.4760839,High
20467,0,0,0.23935673,Medium
20468,0,0,0.3787231,Medium
20469,0,0,0.2345773,Medium
20470,0,0,0.13734972,Low
20471,0,0,0.47692922,High
20472,0,0,0.42352274,High
20473,1,1,0.7558004,Very High
20474,0,0,0.3553998,Medium
20475,1,0,0.1792503,Low
20476,1,0,0.42597076,High
20477,0,0,0.25355238,Medium
20478,0,0,0.17932475,Low
20479,0,1,0.8305653,Very High
20480,0,0,0.31285328,Medium
20481,1,1,0.8490401,Very High
20482,0,0,0.4188927,High
20483,0,0,0.19078474,Low
20484,1,0,0.43461722,High
20485,0,0,0.14915949,Low
20486,0,0,0.17769313,Low
20487,0,0,0.28679657,Medium
20488,0,0,0.23709069,Medium
20489,0,0,0.08613556,Low
20490,0,0,0.3174199,Medium
20491,0,1,0.559337,High
20492,0,0,0.14416865,Low
20493,1,0,0.32324377,Medium
20494,1,1,0.58679086,High
20495,1,1,0.8573325,Very High
20496,0,0,0.06963243,Low
20497,1,1,0.84612817,Very High
20498,1,1,0.7217618,Very High
20499,0,0,0.19489227,Low
20500,0,0,0.18500732,Low
20501,0,0,0.38117728,Medium
20502,0,0,0.24154231,Medium
20503,0,0,0.11202304,Low
20504,0,0,0.27145368,Medium
20505,1,1,0.77148956,Very High
20506,1,0,0.2849151,Medium
20507,0,0,0.0740097,Low
20508,0,0,0.10617296,Low
20509,0,0,0.19633469,Low
20510,0,0,0.31975958,Medium
20511,0,0,0.45169696,High
20512,1,0,0.37270167,Medium
20513,0,0,0.31491908,Medium
20514,0,0,0.36063072,Medium
20515,0,0,0.36580047,Medium
20516,0,0,0.4077593,High
20517,0,0,0.05704842,Low
20518,0,0,0.22052564,Medium
20519,1,1,0.82458276,Very High
20520,0,0,0.28840163,Medium
20521,1,1,0.6299954,Very High
20522,0,1,0.851346,Very High
20523,0,0,0.32946628,Medium
20524,1,1,0.90182185,Very High
20525,0,0,0.18445432,Low
20526,1,1,0.8119916,Very High
20527,0,0,0.24672458,Medium
20528,1,1,0.6022135,Very High
20529,0,0,0.3047978,Medium
20530,0,0,0.33286038,Medium
20531,0,0,0.3448498,Medium
20532,0,0,0.14884834,Low
20533,0,0,0.14037417,Low
20534,0,0,0.06599228,Low
20535,0,0,0.336817,Medium
20536,0,0,0.09573828,Low
20537,0,0,0.11257037,Low
20538,0,0,0.09542377,Low
20539,0,0,0.16416395,Low
20540,0,1,0.5746941,High
20541,0,0,0.41241324,High
20542,1,1,0.8151623,Very High
20543,1,0,0.25226057,Medium
20544,0,0,0.20569146,Medium
20545,0,0,0.12543954,Low
20546,0,1,0.82266426,Very High
20547,0,0,0.12478946,Low
20548,0,0,0.1834216,Low
20549,0,1,0.8253559,Very High
20550,0,0,0.43631232,High
20551,0,0,0.2427828,Medium
20552,0,0,0.3448646,Medium
20553,0,0,0.22171442,Medium
20554,0,0,0.25944322,Medium
20555,0,0,0.13109493,Low
20556,0,1,0.52377784,High
20557,0,0,0.24223864,Medium
20558,0,0,0.15315668,Low
20559,0,0,0.3151327,Medium
20560,1,1,0.86908215,Very High
20561,0,0,0.10927377,Low
20562,0,1,0.67010194,Very High
20563,0,0,0.46113905,High
20564,0,1,0.52672064,High
20565,0,0,0.23362911,Medium
20566,0,0,0.085460134,Low
20567,1,1,0.85515285,Very High
20568,0,0,0.118695974,Low
20569,1,1,0.8266663,Very High
20570,0,0,0.4328522,High
20571,0,0,0.23318191,Medium
20572,0,1,0.6372287,Very High
20573,1,1,0.5117252,High
20574,0,0,0.47167385,High
20575,0,1,0.5632669,High
20576,0,0,0.05752751,Low
20577,0,0,0.17514162,Low
20578,0,1,0.7238303,Very High
20579,0,0,0.22449765,Medium
20580,0,0,0.19394815,Low
20581,0,0,0.22949514,Medium
20582,0,1,0.7176198,Very High
20583,0,0,0.24227838,Medium
20584,0,0,0.16432337,Low
20585,0,1,0.5719624,High
20586,0,0,0.050919026,Low
20587,0,0,0.060249195,Low
20588,0,0,0.14058521,Low
20589,0,0,0.20614712,Medium
20590,0,0,0.2363174,Medium
20591,0,0,0.2976372,Medium
20592,0,0,0.08121331,Low
20593,0,0,0.2559416,Medium
20594,0,0,0.1344619,Low
20595,1,0,0.32535845,Medium
20596,0,0,0.10001231,Low
20597,1,1,0.8716656,Very High
20598,1,0,0.32174066,Medium
20599,0,0,0.113277785,Low
20600,0,0,0.3813793,Medium
20601,1,0,0.19826089,Low
20602,0,0,0.12240798,Low
20603,0,1,0.580476,High
20604,1,0,0.3714215,Medium
20605,0,0,0.23213221,Medium
20606,1,1,0.7070161,Very High
20607,0,0,0.2797564,Medium
20608,0,0,0.19021851,Low
20609,0,0,0.3331311,Medium
20610,0,1,0.8580396,Very High
20611,0,0,0.07275889,Low
20612,1,0,0.28251082,Medium
20613,0,0,0.3450339,Medium
20614,0,0,0.3057686,Medium
20615,1,1,0.8172768,Very High
20616,0,0,0.1930943,Low
20617,0,0,0.26649168,Medium
20618,0,0,0.34617046,Medium
20619,0,0,0.10501361,Low
20620,0,0,0.21469483,Medium
20621,1,0,0.1579241,Low
20622,0,0,0.19937481,Low
20623,1,0,0.4015458,High
20624,0,0,0.2758097,Medium
20625,0,0,0.33382675,Medium
20626,0,0,0.40383884,High
20627,0,0,0.11821982,Low
20628,0,0,0.32808563,Medium
20629,1,0,0.15720776,Low
20630,0,0,0.16020691,Low
20631,0,0,0.3086248,Medium
20632,0,0,0.12446088,Low
20633,0,0,0.38939866,Medium
20634,0,0,0.33031294,Medium
20635,0,0,0.48939413,High
20636,0,0,0.26339298,Medium
20637,0,0,0.23179056,Medium
20638,0,1,0.61713827,Very High
20639,0,0,0.25706756,Medium
20640,1,1,0.6832003,Very High
20641,0,0,0.3140946,Medium
20642,0,0,0.2966322,Medium
20643,0,0,0.13168298,Low
20644,0,0,0.30448538,Medium
20645,1,1,0.5778464,High
20646,1,1,0.6834357,Very High
20647,0,1,0.6768108,Very High
20648,0,0,0.13496721,Low
20649,0,0,0.43346065,High
20650,0,0,0.35852784,Medium
20651,0,0,0.27884206,Medium
20652,1,1,0.7622088,Very High
20653,1,1,0.86220396,Very High
20654,0,0,0.22586475,Medium
20655,1,0,0.3218521,Medium
20656,0,0,0.076334655,Low
20657,1,0,0.33750704,Medium
20658,0,0,0.43000102,High
20659,1,0,0.4546354,High
20660,0,1,0.8350884,Very High
20661,1,0,0.28872228,Medium
20662,0,1,0.69126964,Very High
20663,0,0,0.18840052,Low
20664,1,1,0.80414253,Very High
20665,1,1,0.6399763,Very High
20666,0,0,0.39506352,Medium
20667,0,0,0.23993954,Medium
20668,0,0,0.15821858,Low
20669,1,1,0.71427304,Very High
20670,0,0,0.20999344,Medium
20671,1,1,0.7411645,Very High
20672,1,0,0.28503728,Medium
20673,1,0,0.40617362,High
20674,1,1,0.6476953,Very High
20675,0,0,0.11548611,Low
20676,1,1,0.8785358,Very High
20677,0,0,0.14085664,Low
20678,1,0,0.2127926,Medium
20679,1,0,0.27948925,Medium
20680,0,1,0.5089922,High
20681,1,1,0.6866445,Very High
20682,0,0,0.20275414,Medium
20683,0,0,0.46715474,High
20684,0,0,0.15043953,Low
20685,1,1,0.87326574,Very High
20686,0,0,0.32129475,Medium
20687,1,1,0.8565012,Very High
20688,0,1,0.8322476,Very High
20689,0,0,0.04747225,Low
20690,1,1,0.8256507,Very High
20691,0,0,0.07610067,Low
20692,0,0,0.25241193,Medium
20693,0,0,0.290367,Medium
20694,0,0,0.46015102,High
20695,1,1,0.864495,Very High
20696,1,1,0.70979244,Very High
20697,0,0,0.31041375,Medium
20698,0,0,0.33716074,Medium
20699,1,0,0.19889401,Low
20700,0,0,0.18945004,Low
20701,0,0,0.19903482,Low
20702,0,1,0.73546153,Very High
20703,0,0,0.40175733,High
20704,1,0,0.3895145,Medium
20705,0,0,0.17838725,Low
20706,0,0,0.21046743,Medium
20707,0,0,0.2964501,Medium
20708,1,0,0.45455208,High
20709,0,0,0.20982447,Medium
20710,1,1,0.77739555,Very High
20711,0,0,0.41725466,High
20712,0,0,0.39941233,Medium
20713,0,0,0.21438734,Medium
20714,0,0,0.26194975,Medium
20715,0,0,0.33639625,Medium
20716,0,0,0.15658046,Low
20717,0,0,0.20599924,Medium
20718,0,0,0.20864901,Medium
20719,0,0,0.46479195,High
20720,0,0,0.24036346,Medium
20721,0,0,0.14731261,Low
20722,1,1,0.9247548,Very High
20723,0,1,0.82451165,Very High
20724,0,0,0.18654145,Low
20725,1,1,0.9202673,Very High
20726,0,0,0.2534311,Medium
20727,1,0,0.44473657,High
20728,0,1,0.7268172,Very High
20729,0,0,0.29715264,Medium
20730,0,0,0.13077724,Low
20731,0,1,0.50610876,High
20732,0,0,0.2688311,Medium
20733,0,0,0.312797,Medium
20734,1,1,0.7616943,Very High
20735,0,0,0.16105144,Low
20736,0,0,0.48353094,High
20737,0,1,0.649675,Very High
20738,0,1,0.80772424,Very High
20739,1,1,0.76361465,Very High
20740,0,0,0.14758389,Low
20741,0,0,0.089726575,Low
20742,1,1,0.7739708,Very High
20743,1,0,0.46230927,High
20744,0,0,0.12754339,Low
20745,1,0,0.13336153,Low
20746,0,0,0.27166995,Medium
20747,0,0,0.22202201,Medium
20748,0,0,0.23249447,Medium
20749,0,0,0.13801676,Low
20750,0,0,0.32710052,Medium
20751,0,0,0.42025238,High
20752,1,0,0.32199803,Medium
20753,0,0,0.06594172,Low
20754,1,0,0.38382298,Medium
20755,1,1,0.79556656,Very High
20756,0,0,0.26338896,Medium
20757,1,1,0.9206525,Very High
20758,1,1,0.73949134,Very High
20759,0,0,0.2563709,Medium
20760,0,0,0.3675938,Medium
20761,0,0,0.18957818,Low
20762,1,0,0.39454195,Medium
20763,0,0,0.18187875,Low
20764,0,0,0.081698895,Low
20765,1,0,0.4105042,High
20766,0,0,0.32948232,Medium
20767,0,0,0.31905976,Medium
20768,1,0,0.19712128,Low
20769,0,1,0.82215375,Very High
20770,0,0,0.08496089,Low
20771,1,1,0.87585306,Very High
20772,0,0,0.37858817,Medium
20773,1,0,0.46520716,High
20774,0,0,0.12986866,Low
20775,1,1,0.8491853,Very High
20776,0,0,0.1301081,Low
20777,1,1,0.85744876,Very High
20778,0,0,0.15959568,Low
20779,0,0,0.095137835,Low
20780,0,0,0.30011943,Medium
20781,0,0,0.440675,High
20782,0,0,0.19564322,Low
20783,0,0,0.15792221,Low
20784,0,0,0.093316756,Low
20785,0,0,0.15958366,Low
20786,0,0,0.20758854,Medium
20787,0,0,0.13570166,Low
20788,0,0,0.092677295,Low
20789,1,0,0.43582454,High
20790,0,0,0.12073684,Low
20791,0,0,0.11445325,Low
20792,0,0,0.2567966,Medium
20793,0,0,0.23584063,Medium
20794,0,1,0.6575856,Very High
20795,0,0,0.244789,Medium
20796,0,0,0.30051187,Medium
20797,0,0,0.1442617,Low
20798,1,1,0.83695674,Very High
20799,0,0,0.4195473,High
20800,1,1,0.6088017,Very High
20801,0,0,0.28425583,Medium
20802,0,0,0.18256597,Low
20803,1,1,0.8766493,Very High
20804,1,1,0.83785427,Very High
20805,1,0,0.33462808,Medium
20806,1,0,0.35950226,Medium
20807,1,0,0.2329232,Medium
20808,1,0,0.3622108,Medium
20809,1,0,0.4096905,High
20810,0,0,0.21071883,Medium
20811,1,1,0.86243707,Very High
20812,0,0,0.10640049,Low
20813,1,1,0.75173014,Very High
20814,0,1,0.6800956,Very High
20815,0,0,0.19334881,Low
20816,0,0,0.26541752,Medium
20817,0,0,0.48094344,High
20818,0,1,0.5220503,High
20819,0,0,0.34466103,Medium
20820,1,0,0.19953458,Low
20821,0,0,0.12924704,Low
20822,0,0,0.19296104,Low
20823,0,0,0.19611305,Low
20824,1,0,0.2871167,Medium
20825,0,0,0.2447229,Medium
20826,0,0,0.31946874,Medium
20827,0,0,0.09977569,Low
20828,0,0,0.10472501,Low
20829,1,0,0.4009158,High
20830,0,0,0.4705138,High
20831,0,0,0.37375358,Medium
20832,0,0,0.46637902,High
20833,0,0,0.19245127,Low
20834,1,1,0.6913104,Very High
20835,0,0,0.21631747,Medium
20836,0,0,0.2060621,Medium
20837,0,0,0.16056935,Low
20838,0,0,0.20392053,Medium
20839,1,1,0.7705384,Very High
20840,1,0,0.3479463,Medium
20841,0,0,0.39976165,Medium
20842,0,0,0.32813767,Medium
20843,1,1,0.51536256,High
20844,0,0,0.08843809,Low
20845,0,0,0.39608485,Medium
20846,0,0,0.20124674,Medium
20847,0,1,0.55327725,High
20848,0,0,0.15627371,Low
20849,0,0,0.39693755,Medium
20850,0,0,0.21838763,Medium
20851,0,0,0.23051457,Medium
20852,1,0,0.4834723,High
20853,1,1,0.73656553,Very High
20854,0,0,0.29695815,Medium
20855,1,1,0.8818171,Very High
20856,1,1,0.86897874,Very High
20857,0,0,0.2511186,Medium
20858,1,0,0.35015678,Medium
20859,0,1,0.6002891,Very High
20860,0,0,0.3270927,Medium
20861,0,0,0.4127497,High
20862,0,1,0.5061389,High
20863,0,0,0.26764044,Medium
20864,0,0,0.2600743,Medium
20865,0,0,0.13895144,Low
20866,0,0,0.33876178,Medium
20867,0,1,0.7437525,Very High
20868,0,1,0.6610562,Very High
20869,0,1,0.705037,Very High
20870,0,0,0.30145907,Medium
20871,1,1,0.6994444,Very High
20872,0,1,0.56525,High
20873,0,0,0.10587722,Low
20874,0,0,0.20430057,Medium
20875,0,0,0.15798274,Low
20876,0,0,0.39755505,Medium
20877,0,0,0.2072864,Medium
20878,0,0,0.34138784,Medium
20879,0,0,0.06020786,Low
20880,1,1,0.5803427,High
20881,0,1,0.55630183,High
20882,0,1,0.71083534,Very High
20883,0,0,0.073527455,Low
20884,1,1,0.66623574,Very High
20885,0,0,0.14613663,Low
20886,1,1,0.84652495,Very High
20887,0,0,0.18712106,Low
20888,0,0,0.08804971,Low
20889,0,0,0.36111638,Medium
20890,1,1,0.57505935,High
20891,0,0,0.29217404,Medium
20892,0,0,0.119825564,Low
20893,0,1,0.8288692,Very High
20894,0,0,0.12267212,Low
20895,0,0,0.34114236,Medium
20896,0,0,0.22134867,Medium
20897,0,0,0.43417802,High
20898,0,0,0.14629608,Low
20899,0,0,0.07514707,Low
20900,0,0,0.4315846,High
20901,0,0,0.06008526,Low
20902,0,0,0.19092624,Low
20903,1,1,0.93027174,Very High
20904,1,1,0.8658865,Very High
20905,0,0,0.19649296,Low
20906,0,0,0.23072223,Medium
20907,1,1,0.87011117,Very High
20908,0,0,0.19958578,Low
20909,0,0,0.15156524,Low
20910,0,0,0.22018726,Medium
20911,0,0,0.09105465,Low
20912,1,1,0.5200155,High
20913,0,0,0.48651904,High
20914,1,1,0.74049276,Very High
20915,1,0,0.4012957,High
20916,0,0,0.16920844,Low
20917,0,0,0.33963224,Medium
20918,1,1,0.67379403,Very High
20919,0,1,0.69038737,Very High
20920,1,1,0.8185236,Very High
20921,1,1,0.81967986,Very High
20922,0,1,0.6115367,Very High
20923,1,0,0.17675522,Low
20924,0,0,0.30793735,Medium
20925,0,1,0.55651766,High
20926,0,0,0.19794865,Low
20927,0,0,0.4411742,High
20928,0,1,0.51398426,High
20929,0,0,0.30642036,Medium
20930,0,0,0.2431731,Medium
20931,1,0,0.33922446,Medium
20932,0,0,0.17878687,Low
20933,1,1,0.89322203,Very High
20934,0,0,0.2783484,Medium
20935,0,0,0.10014734,Low
20936,0,0,0.28326622,Medium
20937,1,1,0.641739,Very High
20938,0,0,0.38866004,Medium
20939,0,0,0.20586546,Medium
20940,0,0,0.3166792,Medium
20941,0,0,0.24689128,Medium
20942,0,0,0.20350398,Medium
20943,0,1,0.64019066,Very High
20944,1,1,0.80456245,Very High
20945,0,0,0.088555396,Low
20946,0,0,0.13639769,Low
20947,0,0,0.23720412,Medium
20948,0,0,0.16524006,Low
20949,0,0,0.3625229,Medium
20950,0,0,0.4087121,High
20951,0,0,0.116305515,Low
20952,0,0,0.1524687,Low
20953,1,0,0.39621618,Medium
20954,0,1,0.5054567,High
20955,0,0,0.3501611,Medium
20956,1,1,0.8168756,Very High
20957,0,0,0.10093059,Low
20958,0,1,0.56488824,High
20959,0,0,0.41638827,High
20960,0,0,0.30017245,Medium
20961,0,0,0.12961024,Low
20962,0,1,0.7985036,Very High
20963,1,1,0.68083096,Very High
20964,0,1,0.7031772,Very High
20965,0,0,0.13562477,Low
20966,0,0,0.07874642,Low
20967,0,0,0.095286146,Low
20968,1,1,0.8758243,Very High
20969,0,0,0.21392472,Medium
20970,0,0,0.2958213,Medium
20971,0,0,0.25435612,Medium
20972,0,0,0.27688554,Medium
20973,0,0,0.49658424,High
20974,1,1,0.52735496,High
20975,0,0,0.3469158,Medium
20976,0,0,0.15148215,Low
20977,0,0,0.14924556,Low
20978,1,1,0.84770304,Very High
20979,0,0,0.33008978,Medium
20980,1,1,0.537601,High
20981,0,0,0.19725487,Low
20982,1,0,0.330331,Medium
20983,0,0,0.15913853,Low
20984,1,1,0.851043,Very High
20985,0,0,0.07237438,Low
20986,0,0,0.11835285,Low
20987,1,1,0.79796636,Very High
20988,0,0,0.32294783,Medium
20989,0,0,0.26785427,Medium
20990,0,0,0.30091134,Medium
20991,0,1,0.624158,Very High
20992,1,1,0.89571667,Very High
20993,1,1,0.8902134,Very High
20994,1,1,0.71094036,Very High
20995,0,0,0.27100658,Medium
20996,1,1,0.69062686,Very High
20997,0,1,0.8698012,Very High
20998,0,0,0.2362765,Medium
20999,0,0,0.19603631,Low
21000,0,0,0.34469247,Medium
21001,0,0,0.46779478,High
21002,1,1,0.79680574,Very High
21003,0,0,0.13982369,Low
21004,1,1,0.8378731,Very High
21005,1,1,0.8477462,Very High
21006,0,0,0.11360792,Low
21007,0,0,0.2207871,Medium
21008,1,0,0.19992718,Low
21009,0,0,0.15946697,Low
21010,0,0,0.34666723,Medium
21011,0,0,0.3046339,Medium
21012,0,0,0.33559683,Medium
21013,1,1,0.92690676,Very High
21014,1,1,0.8318965,Very High
21015,1,0,0.32490176,Medium
21016,1,1,0.6208998,Very High
21017,1,1,0.82020766,Very High
21018,1,1,0.6645022,Very High
21019,0,0,0.41021028,High
21020,0,0,0.12920305,Low
21021,0,0,0.07521877,Low
21022,0,0,0.29386944,Medium
21023,0,0,0.17483395,Low
21024,1,0,0.2658958,Medium
21025,0,0,0.37687236,Medium
21026,0,0,0.12549384,Low
21027,0,0,0.3774436,Medium
21028,1,1,0.8750877,Very High
21029,0,0,0.32642293,Medium
21030,1,0,0.3680521,Medium
21031,0,0,0.32227278,Medium
21032,0,1,0.8216802,Very High
21033,0,0,0.39116585,Medium
21034,1,1,0.89933544,Very High
21035,0,0,0.24352692,Medium
21036,0,0,0.30294374,Medium
21037,0,1,0.55316514,High
21038,0,0,0.2211909,Medium
21039,0,0,0.28698054,Medium
21040,1,0,0.35852394,Medium
21041,0,0,0.2828165,Medium
21042,0,0,0.32792804,Medium
21043,0,0,0.15527153,Low
21044,0,0,0.40883687,High
21045,0,0,0.20041701,Medium
21046,0,0,0.197222,Low
21047,1,1,0.6404034,Very High
21048,0,0,0.45819962,High
21049,1,0,0.46292806,High
21050,1,1,0.881176,Very High
21051,0,1,0.86525035,Very High
21052,0,0,0.20335574,Medium
21053,1,1,0.90136606,Very High
21054,0,0,0.3779949,Medium
21055,0,0,0.2951402,Medium
21056,0,0,0.29120654,Medium
21057,1,1,0.5632241,High
21058,1,1,0.84472376,Very High
21059,0,0,0.2946612,Medium
21060,1,0,0.4423189,High
21061,0,0,0.4292775,High
21062,0,0,0.2239543,Medium
21063,0,1,0.6427922,Very High
21064,0,0,0.25125453,Medium
21065,0,1,0.6002891,Very High
21066,0,0,0.41188484,High
21067,1,0,0.33390257,Medium
21068,0,0,0.39272156,Medium
21069,0,0,0.24224664,Medium
21070,0,0,0.18733533,Low
21071,0,0,0.26114193,Medium
21072,0,0,0.047868617,Low
21073,0,0,0.26379493,Medium
21074,1,0,0.46707463,High
21075,0,0,0.42289877,High
21076,0,0,0.19904934,Low
21077,1,1,0.7425098,Very High
21078,0,1,0.57469606,High
21079,0,0,0.49336952,High
21080,1,0,0.17147149,Low
21081,0,0,0.11749741,Low
21082,0,0,0.13819627,Low
21083,0,0,0.33707133,Medium
21084,0,0,0.096823566,Low
21085,0,0,0.21429849,Medium
21086,0,0,0.1295487,Low
21087,0,0,0.37859902,Medium
21088,0,0,0.31788096,Medium
21089,0,0,0.091580875,Low
21090,0,0,0.21845877,Medium
21091,0,0,0.21334827,Medium
21092,0,0,0.1885497,Low
21093,0,0,0.16503325,Low
21094,0,0,0.09305279,Low
21095,0,0,0.20934378,Medium
21096,0,0,0.21988992,Medium
21097,0,0,0.3052851,Medium
21098,0,1,0.8674974,Very High
21099,0,1,0.5303704,High
21100,0,0,0.4291712,High
21101,0,0,0.098307446,Low
21102,0,1,0.6090664,Very High
21103,1,1,0.6446003,Very High
21104,0,0,0.21431927,Medium
21105,0,0,0.3289546,Medium
21106,1,1,0.8925802,Very High
21107,0,0,0.21791078,Medium
21108,1,1,0.8764321,Very High
21109,1,0,0.353712,Medium
21110,1,1,0.8381558,Very High
21111,1,0,0.38395903,Medium
21112,0,0,0.48994827,High
21113,0,1,0.5999978,High
21114,0,0,0.25782448,Medium
21115,0,0,0.18856591,Low
21116,0,0,0.28460288,Medium
21117,0,1,0.5520488,High
21118,1,0,0.25383437,Medium
21119,0,0,0.08774736,Low
21120,1,1,0.5302443,High
21121,0,1,0.84750825,Very High
21122,0,0,0.19731845,Low
21123,0,0,0.08134707,Low
21124,0,0,0.18623953,Low
21125,0,0,0.27459913,Medium
21126,0,1,0.8671031,Very High
21127,0,0,0.36739424,Medium
21128,0,1,0.5687994,High
21129,0,0,0.1420179,Low
21130,0,1,0.57317644,High
21131,1,0,0.19539045,Low
21132,1,0,0.23048428,Medium
21133,0,0,0.10949175,Low
21134,1,0,0.33597943,Medium
21135,0,0,0.0760547,Low
21136,1,0,0.33072245,Medium
21137,0,0,0.07782166,Low
21138,0,0,0.15512592,Low
21139,0,0,0.33190838,Medium
21140,0,0,0.41283405,High
21141,0,0,0.24931002,Medium
21142,0,0,0.2518315,Medium
21143,0,0,0.29590923,Medium
21144,1,0,0.27453583,Medium
21145,1,1,0.6136228,Very High
21146,0,0,0.30235225,Medium
21147,1,0,0.48803833,High
21148,1,0,0.49902853,High
21149,0,0,0.2391467,Medium
21150,0,0,0.2971086,Medium
21151,0,0,0.2274711,Medium
21152,0,0,0.30718827,Medium
21153,0,0,0.2443717,Medium
21154,0,0,0.12689513,Low
21155,0,0,0.14857316,Low
21156,0,0,0.22597905,Medium
21157,0,1,0.6907933,Very High
21158,0,1,0.8470508,Very High
21159,0,0,0.13090117,Low
21160,0,0,0.1647924,Low
21161,0,0,0.21995077,Medium
21162,0,0,0.20705475,Medium
21163,0,0,0.3190976,Medium
21164,0,0,0.20613626,Medium
21165,0,0,0.32291353,Medium
21166,1,1,0.87966937,Very High
21167,1,1,0.8324085,Very High
21168,0,0,0.28144225,Medium
21169,1,1,0.61566037,Very High
21170,0,0,0.4226211,High
21171,0,0,0.21398196,Medium
21172,0,0,0.32590675,Medium
21173,0,0,0.057227753,Low
21174,0,0,0.21567647,Medium
21175,0,0,0.40517175,High
21176,0,1,0.76189274,Very High
21177,0,0,0.15086904,Low
21178,0,0,0.09445684,Low
21179,1,0,0.3924422,Medium
21180,0,0,0.41822046,High
21181,0,0,0.28792813,Medium
21182,1,1,0.7139872,Very High
21183,0,0,0.22683722,Medium
21184,0,0,0.16149952,Low
21185,0,0,0.2765534,Medium
21186,0,0,0.44194576,High
21187,0,0,0.09477664,Low
21188,0,0,0.16963837,Low
21189,1,0,0.33151332,Medium
21190,0,0,0.15871988,Low
21191,0,0,0.083607875,Low
21192,0,0,0.068706,Low
21193,0,0,0.26124316,Medium
21194,0,0,0.3007076,Medium
21195,0,0,0.32829285,Medium
21196,1,1,0.57570875,High
21197,0,0,0.20500591,Medium
21198,0,0,0.38695133,Medium
21199,1,1,0.81442976,Very High
21200,0,0,0.28923973,Medium
21201,0,0,0.25833726,Medium
21202,0,1,0.9004393,Very High
21203,0,0,0.20907028,Medium
21204,1,1,0.81467164,Very High
21205,0,0,0.24255408,Medium
21206,0,0,0.33843923,Medium
21207,1,1,0.75625616,Very High
21208,0,0,0.13522066,Low
21209,0,0,0.15168159,Low
21210,0,0,0.2032713,Medium
21211,0,0,0.3347759,Medium
21212,0,0,0.15610588,Low
21213,0,1,0.87941104,Very High
21214,0,1,0.5450886,High
21215,0,0,0.31639957,Medium
21216,0,0,0.30466908,Medium
21217,1,0,0.26624164,Medium
21218,1,1,0.8639506,Very High
21219,0,0,0.22091374,Medium
21220,0,0,0.2979875,Medium
21221,0,1,0.8540318,Very High
21222,1,1,0.72942024,Very High
21223,0,0,0.37733227,Medium
21224,0,0,0.38528374,Medium
21225,0,1,0.7720017,Very High
21226,0,1,0.72779036,Very High
21227,0,0,0.11484322,Low
21228,0,0,0.2520178,Medium
21229,0,0,0.36224708,Medium
21230,0,0,0.37468705,Medium
21231,0,0,0.29893723,Medium
21232,0,0,0.24520032,Medium
21233,1,1,0.60692686,Very High
21234,0,0,0.4543819,High
21235,0,0,0.10159421,Low
21236,1,1,0.8838062,Very High
21237,0,1,0.6229201,Very High
21238,0,0,0.21763799,Medium
21239,0,0,0.23563394,Medium
21240,1,0,0.17797622,Low
21241,0,1,0.7775656,Very High
21242,1,1,0.5154492,High
21243,0,1,0.6175363,Very High
21244,0,0,0.23241663,Medium
21245,0,0,0.29958615,Medium
21246,0,0,0.23754083,Medium
21247,1,1,0.8932144,Very High
21248,0,0,0.39523894,Medium
21249,0,0,0.2103347,Medium
21250,0,0,0.28408128,Medium
21251,0,0,0.1591519,Low
21252,0,0,0.2741021,Medium
21253,0,0,0.1100433,Low
21254,0,0,0.26947704,Medium
21255,0,0,0.23659422,Medium
21256,0,0,0.45341688,High
21257,0,0,0.15083756,Low
21258,0,0,0.40944165,High
21259,0,0,0.0839676,Low
21260,0,1,0.52620345,High
21261,0,0,0.37440327,Medium
21262,0,0,0.3854568,Medium
21263,1,1,0.71755004,Very High
21264,0,0,0.28194457,Medium
21265,1,0,0.38574374,Medium
21266,0,1,0.7231748,Very High
21267,1,1,0.90032035,Very High
21268,1,0,0.1627601,Low
21269,0,0,0.32993844,Medium
21270,0,0,0.27671328,Medium
21271,0,0,0.21324123,Medium
21272,0,0,0.22508007,Medium
21273,0,0,0.3903775,Medium
21274,1,1,0.9134317,Very High
21275,1,1,0.6544546,Very High
21276,1,1,0.52836734,High
21277,0,0,0.33287203,Medium
21278,0,1,0.57378685,High
21279,0,0,0.3464265,Medium
21280,0,0,0.27549785,Medium
21281,1,0,0.33661282,Medium
21282,0,0,0.3043384,Medium
21283,0,0,0.13767888,Low
21284,0,0,0.38378036,Medium
21285,0,1,0.54290956,High
21286,0,1,0.8422529,Very High
21287,0,0,0.49507907,High
21288,0,0,0.13762392,Low
21289,1,0,0.3896304,Medium
21290,0,1,0.84700876,Very High
21291,0,0,0.1582774,Low
21292,1,1,0.5984954,High
21293,1,1,0.6686262,Very High
21294,0,0,0.3075392,Medium
21295,0,0,0.22239499,Medium
21296,0,0,0.40353188,High
21297,0,0,0.13862614,Low
21298,0,1,0.58485556,High
21299,0,0,0.21558663,Medium
21300,1,0,0.3319063,Medium
21301,0,0,0.36202785,Medium
21302,1,1,0.79296196,Very High
21303,0,0,0.38780534,Medium
21304,1,0,0.40307096,High
21305,0,0,0.27916372,Medium
21306,0,1,0.57780844,High
21307,0,0,0.18552163,Low
21308,1,0,0.34602112,Medium
21309,1,0,0.45536092,High
21310,0,0,0.33977792,Medium
21311,1,1,0.6861135,Very High
21312,1,1,0.87296593,Very High
21313,1,1,0.52050984,High
21314,0,1,0.50490016,High
21315,1,1,0.59503675,High
21316,0,0,0.37948415,Medium
21317,0,0,0.30031896,Medium
21318,1,1,0.8987876,Very High
21319,0,0,0.098754995,Low
21320,0,1,0.61546266,Very High
21321,0,0,0.16099173,Low
21322,1,1,0.91107607,Very High
21323,0,0,0.17918958,Low
21324,0,0,0.40187997,High
21325,0,0,0.37632832,Medium
21326,1,0,0.31330913,Medium
21327,1,0,0.3717387,Medium
21328,0,0,0.24920443,Medium
21329,0,0,0.33268604,Medium
21330,0,0,0.33855644,Medium
21331,1,1,0.69525814,Very High
21332,0,1,0.5551717,High
21333,0,0,0.26854292,Medium
21334,0,0,0.11357001,Low
21335,0,0,0.33750457,Medium
21336,0,0,0.41674027,High
21337,0,0,0.18428372,Low
21338,0,0,0.21903542,Medium
21339,1,0,0.32768783,Medium
21340,0,0,0.39288256,Medium
21341,0,1,0.5320096,High
21342,0,0,0.124706894,Low
21343,1,1,0.9155334,Very High
21344,0,1,0.71370566,Very High
21345,0,0,0.15033337,Low
21346,0,0,0.1943746,Low
21347,0,0,0.24060854,Medium
21348,0,0,0.43809423,High
21349,0,1,0.6796279,Very High
21350,0,0,0.13690989,Low
21351,0,0,0.13621043,Low
21352,0,0,0.4601086,High
21353,0,0,0.084321655,Low
21354,0,0,0.2986188,Medium
21355,1,1,0.79659235,Very High
21356,0,0,0.22577654,Medium
21357,0,0,0.20482488,Medium
21358,0,0,0.34589288,Medium
21359,0,0,0.39477587,Medium
21360,0,0,0.32432023,Medium
21361,0,0,0.47562274,High
21362,0,0,0.1932359,Low
21363,0,1,0.7958981,Very High
21364,0,0,0.12535802,Low
21365,0,0,0.23390286,Medium
21366,0,0,0.3585801,Medium
21367,0,0,0.13600297,Low
21368,0,0,0.25858113,Medium
21369,0,1,0.86716205,Very High
21370,0,0,0.3800012,Medium
21371,1,0,0.2836843,Medium
21372,0,1,0.69386226,Very High
21373,0,0,0.37607265,Medium
21374,0,0,0.10570033,Low
21375,0,1,0.61205864,Very High
21376,0,0,0.11702032,Low
21377,1,1,0.8954666,Very High
21378,0,0,0.21624707,Medium
21379,0,0,0.29404637,Medium
21380,0,0,0.44228896,High
21381,1,1,0.90547055,Very High
21382,0,0,0.15908812,Low
21383,0,0,0.28817883,Medium
21384,0,0,0.15637642,Low
21385,0,0,0.11671693,Low
21386,0,0,0.40629932,High
21387,0,0,0.48393458,High
21388,0,1,0.62658113,Very High
21389,0,0,0.19302756,Low
21390,0,0,0.2560257,Medium
21391,0,1,0.81899256,Very High
21392,0,0,0.21582513,Medium
21393,1,1,0.74578226,Very High
21394,1,1,0.6287097,Very High
21395,0,0,0.3610292,Medium
21396,0,0,0.2224772,Medium
21397,0,0,0.26610622,Medium
21398,0,0,0.31118596,Medium
21399,1,0,0.25937963,Medium
21400,0,0,0.28132445,Medium
21401,0,1,0.50012094,High
21402,1,1,0.8961315,Very High
21403,1,0,0.33036238,Medium
21404,0,0,0.46248162,High
21405,0,0,0.32329053,Medium
21406,0,0,0.25021756,Medium
21407,1,0,0.16132267,Low
21408,0,0,0.3188006,Medium
21409,0,0,0.2956562,Medium
21410,0,0,0.29744673,Medium
21411,0,1,0.7199481,Very High
21412,0,0,0.27542803,Medium
21413,0,0,0.05657989,Low
21414,0,0,0.11581181,Low
21415,0,0,0.17162979,Low
21416,0,0,0.37277877,Medium
21417,0,0,0.43303904,High
21418,0,0,0.21037462,Medium
21419,1,1,0.7292949,Very High
21420,0,0,0.19920895,Low
21421,1,1,0.8707735,Very High
21422,0,0,0.10787306,Low
21423,0,0,0.12618008,Low
21424,0,0,0.19238529,Low
21425,0,0,0.2299913,Medium
21426,1,0,0.34014592,Medium
21427,0,0,0.2518297,Medium
21428,1,1,0.85336804,Very High
21429,0,0,0.31402102,Medium
21430,0,0,0.28800175,Medium
21431,0,0,0.23505181,Medium
21432,0,0,0.2653826,Medium
21433,0,0,0.19092986,Low
21434,0,0,0.09086908,Low
21435,0,0,0.31574064,Medium
21436,1,1,0.5938828,High
21437,0,0,0.3723207,Medium
21438,1,0,0.36227384,Medium
21439,0,0,0.14522976,Low
21440,1,0,0.34570807,Medium
21441,0,0,0.17554119,Low
21442,0,0,0.41362622,High
21443,0,0,0.14730074,Low
21444,0,0,0.14126043,Low
21445,0,0,0.16203356,Low
21446,0,0,0.2758702,Medium
21447,0,1,0.52587175,High
21448,0,1,0.7253502,Very High
21449,0,0,0.17851628,Low
21450,1,1,0.88968164,Very High
21451,0,0,0.1677295,Low
21452,0,0,0.24238575,Medium
21453,0,1,0.8363526,Very High
21454,0,0,0.18039243,Low
21455,0,0,0.16547655,Low
21456,0,1,0.5843236,High
21457,1,0,0.12690091,Low
21458,1,0,0.19332698,Low
21459,1,1,0.77790815,Very High
21460,0,0,0.09474551,Low
21461,0,0,0.111725666,Low
21462,0,0,0.21319468,Medium
21463,1,1,0.86947954,Very High
21464,1,1,0.72967684,Very High
21465,1,1,0.73061275,Very High
21466,0,0,0.10309921,Low
21467,1,1,0.55968535,High
21468,0,0,0.10502168,Low
21469,0,0,0.38721782,Medium
21470,0,0,0.37461752,Medium
21471,1,1,0.67728966,Very High
21472,0,0,0.09886934,Low
21473,0,0,0.08684893,Low
21474,0,0,0.3433136,Medium
21475,0,0,0.21691298,Medium
21476,0,0,0.11145689,Low
21477,0,0,0.3326521,Medium
21478,0,0,0.31375766,Medium
21479,0,0,0.22307944,Medium
21480,0,0,0.12400613,Low
21481,1,1,0.7360342,Very High
21482,0,0,0.16316172,Low
21483,0,0,0.106346376,Low
21484,0,0,0.3128785,Medium
21485,0,0,0.30398685,Medium
21486,1,1,0.8314204,Very High
21487,0,0,0.40016466,High
21488,0,0,0.25536457,Medium
21489,0,0,0.21546492,Medium
21490,0,0,0.32765496,Medium
21491,0,0,0.20669904,Medium
21492,0,0,0.15117079,Low
21493,0,0,0.44223076,High
21494,1,0,0.22611317,Medium
21495,1,0,0.2816307,Medium
21496,0,0,0.287822,Medium
21497,0,0,0.060241316,Low
21498,0,1,0.6658934,Very High
21499,0,0,0.37841082,Medium
21500,0,0,0.103336066,Low
21501,1,0,0.34907636,Medium
21502,0,0,0.4531022,High
21503,0,0,0.23230526,Medium
21504,0,0,0.17534283,Low
21505,0,0,0.30960885,Medium
21506,0,0,0.12125619,Low
21507,0,0,0.0877602,Low
21508,1,1,0.829539,Very High
21509,1,1,0.8342041,Very High
21510,1,1,0.7478977,Very High
21511,0,0,0.18983571,Low
21512,1,1,0.74264306,Very High
21513,0,0,0.19925305,Low
21514,0,1,0.818058,Very High
21515,0,0,0.25463372,Medium
21516,0,0,0.42345905,High
21517,0,1,0.8831973,Very High
21518,0,0,0.42466277,High
21519,0,0,0.36525893,Medium
21520,0,0,0.25240862,Medium
21521,0,0,0.16179481,Low
21522,0,0,0.318098,Medium
21523,0,1,0.598198,High
21524,1,1,0.6829192,Very High
21525,1,1,0.65089506,Very High
21526,0,1,0.62047905,Very High
21527,0,0,0.12022879,Low
21528,0,0,0.13430029,Low
21529,0,0,0.36718908,Medium
21530,0,0,0.27760455,Medium
21531,1,1,0.86142284,Very High
21532,0,0,0.32326996,Medium
21533,1,1,0.78334945,Very High
21534,1,1,0.8291322,Very High
21535,0,0,0.4370529,High
21536,1,1,0.840058,Very High
21537,1,1,0.6547419,Very High
21538,0,0,0.3651625,Medium
21539,0,0,0.25255865,Medium
21540,1,1,0.7203903,Very High
21541,0,0,0.22754237,Medium
21542,0,0,0.3366164,Medium
21543,0,0,0.2236042,Medium
21544,0,0,0.46903276,High
21545,0,0,0.25765404,Medium
21546,0,0,0.14844254,Low
21547,0,0,0.32165366,Medium
21548,0,1,0.5688955,High
21549,0,1,0.8816153,Very High
21550,0,0,0.37434292,Medium
21551,0,0,0.4184652,High
21552,1,1,0.81128836,Very High
21553,0,0,0.28873292,Medium
21554,0,0,0.33775076,Medium
21555,0,0,0.22168753,Medium
21556,1,1,0.72113067,Very High
21557,0,1,0.86251557,Very High
21558,0,0,0.29843912,Medium
21559,0,0,0.40044162,High
21560,0,0,0.33325177,Medium
21561,0,0,0.28982103,Medium
21562,0,1,0.8298437,Very High
21563,0,0,0.3012379,Medium
21564,0,1,0.7972848,Very High
21565,0,1,0.6439659,Very High
21566,0,0,0.23578562,Medium
21567,0,0,0.33468756,Medium
21568,0,0,0.30334258,Medium
21569,1,1,0.7976633,Very High
21570,0,0,0.15143114,Low
21571,0,0,0.15655333,Low
21572,0,0,0.21567734,Medium
21573,0,1,0.73210573,Very High
21574,1,1,0.8534281,Very High
21575,0,0,0.22332789,Medium
21576,0,0,0.2377207,Medium
21577,0,0,0.2399074,Medium
21578,0,0,0.21177843,Medium
21579,0,0,0.38261923,Medium
21580,1,0,0.36686003,Medium
21581,1,1,0.66621983,Very High
21582,0,0,0.10298905,Low
21583,1,1,0.8879183,Very High
21584,0,0,0.2533258,Medium
21585,0,0,0.4699583,High
21586,0,0,0.24735671,Medium
21587,1,0,0.3387114,Medium
21588,0,0,0.46172872,High
21589,0,0,0.29815483,Medium
21590,0,0,0.09966175,Low
21591,0,0,0.2809919,Medium
21592,0,0,0.29108176,Medium
21593,0,1,0.6563975,Very High
21594,0,0,0.121639654,Low
21595,0,0,0.25879645,Medium
21596,0,0,0.27570537,Medium
21597,0,0,0.3229869,Medium
21598,0,0,0.34441096,Medium
21599,0,0,0.32574886,Medium
21600,0,1,0.6563227,Very High
21601,1,0,0.28343496,Medium
21602,1,1,0.8672797,Very High
21603,1,0,0.2873466,Medium
21604,0,0,0.20098193,Medium
21605,0,0,0.16864195,Low
21606,0,0,0.28112346,Medium
21607,0,0,0.29404128,Medium
21608,0,0,0.185127,Low
21609,0,0,0.2961108,Medium
21610,1,0,0.21948096,Medium
21611,0,0,0.31761718,Medium
21612,0,1,0.5872917,High
21613,1,1,0.6606063,Very High
21614,0,0,0.37885085,Medium
21615,0,0,0.25904465,Medium
21616,0,0,0.33720118,Medium
21617,0,0,0.21616678,Medium
21618,1,0,0.41492498,High
21619,0,0,0.437301,High
21620,0,0,0.29631132,Medium
21621,0,0,0.17638113,Low
21622,0,0,0.12789287,Low
21623,0,0,0.35320222,Medium
21624,0,0,0.33603692,Medium
21625,0,1,0.7672624,Very High
21626,0,0,0.23690192,Medium
21627,0,0,0.16606799,Low
21628,0,0,0.20137993,Medium
21629,0,0,0.35464954,Medium
21630,0,0,0.13270633,Low
21631,0,0,0.39550197,Medium
21632,0,0,0.15800655,Low
21633,0,0,0.18397339,Low
21634,1,0,0.3010362,Medium
21635,1,1,0.83653206,Very High
21636,1,1,0.72091454,Very High
21637,0,1,0.85165745,Very High
21638,0,1,0.7063781,Very High
21639,0,0,0.38324565,Medium
21640,1,1,0.88360023,Very High
21641,0,0,0.18030351,Low
21642,1,1,0.82414883,Very High
21643,0,0,0.12861843,Low
21644,0,0,0.356041,Medium
21645,0,0,0.4781209,High
21646,0,0,0.30708095,Medium
21647,1,1,0.8210349,Very High
21648,1,1,0.8748566,Very High
21649,0,1,0.50964755,High
21650,0,0,0.2813213,Medium
21651,0,0,0.33242232,Medium
21652,1,1,0.78346467,Very High
21653,0,0,0.29836592,Medium
21654,0,0,0.06714696,Low
21655,0,0,0.08214178,Low
21656,0,0,0.34740114,Medium
21657,0,0,0.12085234,Low
21658,0,0,0.13236496,Low
21659,0,1,0.5128594,High
21660,0,1,0.8439189,Very High
21661,0,0,0.27319145,Medium
21662,0,0,0.25327966,Medium
21663,0,0,0.29452264,Medium
21664,0,0,0.20380348,Medium
21665,0,0,0.2820545,Medium
21666,0,0,0.29388642,Medium
21667,0,0,0.2658766,Medium
21668,1,1,0.86617243,Very High
21669,0,0,0.14834507,Low
21670,0,0,0.11080444,Low
21671,0,0,0.22465724,Medium
21672,1,0,0.36802068,Medium
21673,1,1,0.81774026,Very High
21674,0,0,0.2137756,Medium
21675,0,0,0.2680197,Medium
21676,0,0,0.3895587,Medium
21677,0,0,0.42062834,High
21678,0,0,0.27570537,Medium
21679,0,0,0.28326216,Medium
21680,0,0,0.20760794,Medium
21681,0,0,0.23306842,Medium
21682,0,0,0.31750968,Medium
21683,0,0,0.1656893,Low
21684,0,0,0.3192575,Medium
21685,0,0,0.22732542,Medium
21686,0,0,0.20367897,Medium
21687,0,0,0.30282956,Medium
21688,0,0,0.37487245,Medium
21689,1,0,0.33727655,Medium
21690,0,0,0.24649285,Medium
21691,0,0,0.43030667,High
21692,0,0,0.16370524,Low
21693,0,0,0.22635855,Medium
21694,0,1,0.558248,High
21695,0,0,0.36267415,Medium
21696,0,0,0.1424549,Low
21697,0,0,0.108962946,Low
21698,0,0,0.26881418,Medium
21699,0,1,0.57617074,High
21700,0,0,0.37013358,Medium
21701,0,0,0.21820225,Medium
21702,1,1,0.8550686,Very High
21703,0,1,0.8085808,Very High
21704,0,0,0.22411224,Medium
21705,0,0,0.06937274,Low
21706,0,1,0.70325834,Very High
21707,0,0,0.27246034,Medium
21708,1,1,0.8746289,Very High
21709,0,1,0.73087555,Very High
21710,0,0,0.2247404,Medium
21711,0,0,0.1948971,Low
21712,0,0,0.36301425,Medium
21713,0,0,0.10613326,Low
21714,0,0,0.10738264,Low
21715,0,0,0.29818627,Medium
21716,1,1,0.7003016,Very High
21717,0,1,0.5430107,High
21718,0,0,0.3192586,Medium
21719,0,0,0.38249478,Medium
21720,0,0,0.3349289,Medium
21721,0,0,0.3188169,Medium
21722,0,0,0.26969028,Medium
21723,0,0,0.31184185,Medium
21724,1,0,0.32454544,Medium
21725,0,1,0.81148565,Very High
21726,0,0,0.1144989,Low
21727,1,1,0.8134781,Very High
21728,0,0,0.15996781,Low
21729,0,0,0.16948618,Low
21730,0,0,0.39896068,Medium
21731,0,0,0.12857567,Low
21732,0,0,0.18022318,Low
21733,1,0,0.18007606,Low
21734,0,0,0.1689055,Low
21735,0,0,0.2434065,Medium
21736,0,0,0.38151595,Medium
21737,0,0,0.47782576,High
21738,0,0,0.26522177,Medium
21739,0,0,0.1595389,Low
21740,1,1,0.83404344,Very High
21741,1,1,0.79776525,Very High
21742,0,0,0.20593348,Medium
21743,1,1,0.5674259,High
21744,0,0,0.38017517,Medium
21745,0,0,0.4545726,High
21746,0,0,0.28268847,Medium
21747,0,1,0.5073651,High
21748,0,0,0.4704034,High
21749,0,0,0.3594519,Medium
21750,0,0,0.29964978,Medium
21751,0,0,0.27329633,Medium
21752,0,1,0.6590972,Very High
21753,0,0,0.26608413,Medium
21754,0,0,0.23367687,Medium
21755,0,0,0.18976362,Low
21756,0,1,0.70384854,Very High
21757,0,0,0.11680198,Low
21758,0,0,0.17045009,Low
21759,0,0,0.26427805,Medium
21760,1,0,0.3078256,Medium
21761,1,0,0.3268562,Medium
21762,0,0,0.40328225,High
21763,0,0,0.44759515,High
21764,0,0,0.30499253,Medium
21765,0,0,0.10877262,Low
21766,0,0,0.41085348,High
21767,0,0,0.11112317,Low
21768,0,0,0.23870915,Medium
21769,0,0,0.47822315,High
21770,1,0,0.2979046,Medium
21771,0,0,0.11170646,Low
21772,0,1,0.6522821,Very High
21773,0,0,0.11518522,Low
21774,0,0,0.21224722,Medium
21775,1,1,0.7647272,Very High
21776,0,0,0.43583342,High
21777,0,0,0.17433678,Low
21778,0,0,0.2423588,Medium
21779,1,0,0.2911809,Medium
21780,0,0,0.23754507,Medium
21781,0,0,0.29924217,Medium
21782,1,0,0.3917679,Medium
21783,0,0,0.1001783,Low
21784,0,0,0.10688799,Low
21785,0,0,0.08648065,Low
21786,0,1,0.55947167,High
21787,1,0,0.13844846,Low
21788,0,1,0.5137949,High
21789,0,0,0.20396951,Medium
21790,1,1,0.8553535,Very High
21791,0,0,0.30583233,Medium
21792,0,0,0.19553013,Low
21793,0,0,0.303189,Medium
21794,0,0,0.317886,Medium
21795,0,0,0.1839416,Low
21796,0,0,0.16728541,Low
21797,0,0,0.20422542,Medium
21798,0,0,0.25529152,Medium
21799,0,0,0.3090565,Medium
21800,0,0,0.16117187,Low
21801,1,1,0.8919105,Very High
21802,0,0,0.16968788,Low
21803,0,1,0.5380536,High
21804,0,0,0.08337344,Low
21805,1,0,0.20775972,Medium
21806,0,0,0.16692074,Low
21807,0,0,0.24607904,Medium
21808,0,0,0.14392243,Low
21809,0,0,0.23327696,Medium
21810,1,1,0.7932741,Very High
21811,1,1,0.7545447,Very High
21812,1,1,0.8807205,Very High
21813,0,0,0.4646922,High
21814,0,0,0.21118458,Medium
21815,0,0,0.43084624,High
21816,1,1,0.8098917,Very High
21817,0,0,0.22724056,Medium
21818,0,0,0.13963708,Low
21819,1,0,0.21615738,Medium
21820,0,0,0.3637316,Medium
21821,0,0,0.23631884,Medium
21822,0,0,0.33446604,Medium
21823,0,1,0.658908,Very High
21824,0,0,0.15894589,Low
21825,0,0,0.069653556,Low
21826,0,0,0.3143689,Medium
21827,0,0,0.09856744,Low
21828,0,0,0.18242116,Low
21829,0,0,0.32477045,Medium
21830,0,0,0.14514185,Low
21831,1,1,0.55968535,High
21832,0,0,0.36849993,Medium
21833,0,0,0.2817398,Medium
21834,1,1,0.8639457,Very High
21835,0,0,0.21014895,Medium
21836,1,0,0.28538084,Medium
21837,0,0,0.24185503,Medium
21838,0,0,0.18551221,Low
21839,1,0,0.2823363,Medium
21840,0,0,0.17537166,Low
21841,0,1,0.73453766,Very High
21842,0,0,0.18890409,Low
21843,0,0,0.11757403,Low
21844,1,0,0.29479983,Medium
21845,0,0,0.1486146,Low
21846,1,0,0.11698288,Low
21847,0,0,0.12187506,Low
21848,1,1,0.8858341,Very High
21849,0,0,0.24657048,Medium
21850,0,0,0.09170327,Low
21851,0,0,0.15627004,Low
21852,0,0,0.27458796,Medium
21853,0,1,0.57858473,High
21854,1,0,0.3757553,Medium
21855,0,0,0.17761417,Low
21856,0,0,0.18955112,Low
21857,0,0,0.26398724,Medium
21858,0,0,0.27251044,Medium
21859,0,0,0.11492518,Low
21860,0,0,0.19541936,Low
21861,0,0,0.1285535,Low
21862,0,0,0.2686678,Medium
21863,0,0,0.24771386,Medium
21864,0,0,0.12483987,Low
21865,1,0,0.36668658,Medium
21866,0,1,0.53639245,High
21867,0,0,0.23997362,Medium
21868,0,0,0.37620416,Medium
21869,0,1,0.6773984,Very High
21870,0,0,0.2688977,Medium
21871,0,0,0.23256491,Medium
21872,0,0,0.27925664,Medium
21873,0,0,0.11928306,Low
21874,0,1,0.545984,High
21875,0,0,0.301539,Medium
21876,0,0,0.09876263,Low
21877,0,1,0.65647614,Very High
21878,0,0,0.17942835,Low
21879,0,0,0.20306443,Medium
21880,0,0,0.3609917,Medium
21881,0,1,0.57913375,High
21882,0,0,0.38698402,Medium
21883,0,0,0.16862631,Low
21884,0,0,0.25784478,Medium
21885,0,0,0.11429336,Low
21886,1,1,0.77775586,Very High
21887,0,0,0.115727335,Low
21888,0,0,0.1116851,Low
21889,1,0,0.1882639,Low
21890,0,0,0.15206763,Low
21891,1,0,0.19371814,Low
21892,1,1,0.7081436,Very High
21893,0,0,0.17905064,Low
21894,0,0,0.16988166,Low
21895,0,0,0.46401656,High
21896,0,0,0.3326566,Medium
21897,0,0,0.43476936,High
21898,0,0,0.11928253,Low
21899,0,0,0.25690553,Medium
21900,1,1,0.57769257,High
21901,1,1,0.8058666,Very High
21902,0,0,0.15359186,Low
21903,0,0,0.37289238,Medium
21904,0,0,0.12152911,Low
21905,0,0,0.21380259,Medium
21906,0,0,0.27790722,Medium
21907,0,0,0.3585584,Medium
21908,0,0,0.09172196,Low
21909,0,0,0.27434722,Medium
21910,0,0,0.34731817,Medium
21911,0,0,0.13195506,Low
21912,0,0,0.4267932,High
21913,0,0,0.25652504,Medium
21914,1,1,0.76557493,Very High
21915,0,0,0.20910516,Medium
21916,0,0,0.46312913,High
21917,1,1,0.7695084,Very High
21918,0,0,0.3676419,Medium
21919,0,0,0.26441833,Medium
21920,1,0,0.3597763,Medium
21921,1,0,0.24277335,Medium
21922,0,0,0.17238607,Low
21923,0,0,0.30347577,Medium
21924,0,0,0.18077761,Low
21925,0,0,0.2620042,Medium
21926,0,0,0.31972626,Medium
21927,0,0,0.19959201,Low
21928,0,0,0.14665997,Low
21929,0,0,0.11809635,Low
21930,0,0,0.10041698,Low
21931,0,0,0.39472485,Medium
21932,0,0,0.14112847,Low
21933,0,1,0.53240114,High
21934,0,0,0.21308246,Medium
21935,0,0,0.34355587,Medium
21936,0,0,0.20989819,Medium
21937,1,1,0.72186756,Very High
21938,0,0,0.28391305,Medium
21939,1,0,0.4717377,High
21940,0,0,0.21519832,Medium
21941,0,0,0.15645668,Low
21942,0,1,0.5051123,High
21943,1,0,0.20975685,Medium
21944,0,0,0.094660275,Low
21945,1,0,0.48211622,High
21946,0,0,0.17010032,Low
21947,0,0,0.16211618,Low
21948,1,1,0.5398212,High
21949,0,0,0.29685,Medium
21950,0,0,0.1065312,Low
21951,1,0,0.47246486,High
21952,1,0,0.29786226,Medium
21953,0,0,0.33624604,Medium
21954,0,0,0.16496706,Low
21955,0,0,0.41698167,High
21956,0,0,0.20592703,Medium
21957,0,0,0.2667949,Medium
21958,0,0,0.44666898,High
21959,1,0,0.31430826,Medium
21960,0,0,0.14577818,Low
21961,1,1,0.9202571,Very High
21962,0,0,0.20838922,Medium
21963,0,0,0.0720137,Low
21964,0,0,0.098434575,Low
21965,0,0,0.046169903,Low
21966,0,0,0.382217,Medium
21967,0,0,0.20015931,Medium
21968,0,0,0.2241289,Medium
21969,0,0,0.37700015,Medium
21970,0,0,0.074805,Low
21971,0,0,0.21704763,Medium
21972,0,1,0.63324577,Very High
21973,1,1,0.88444304,Very High
21974,0,0,0.25339887,Medium
21975,1,1,0.8242077,Very High
21976,0,0,0.22542982,Medium
21977,0,1,0.83822894,Very High
21978,0,0,0.06442623,Low
21979,0,0,0.16526029,Low
21980,0,0,0.30303997,Medium
21981,0,1,0.55168897,High
21982,1,0,0.40419203,High
21983,0,0,0.16354546,Low
21984,0,0,0.32906172,Medium
21985,0,0,0.35238102,Medium
21986,1,1,0.5930811,High
21987,0,0,0.060193166,Low
21988,0,0,0.3789948,Medium
21989,0,0,0.18753685,Low
21990,0,0,0.08018942,Low
21991,0,0,0.32087788,Medium
21992,0,1,0.5131204,High
21993,0,0,0.101361215,Low
21994,0,0,0.09486629,Low
21995,0,0,0.1408615,Low
21996,0,0,0.11597314,Low
21997,0,0,0.37871584,Medium
21998,0,0,0.33465242,Medium
21999,0,0,0.11875165,Low
22000,0,0,0.113481075,Low
22001,0,1,0.52732724,High
22002,0,0,0.15528844,Low
22003,0,0,0.10652642,Low
22004,0,0,0.3088638,Medium
22005,0,0,0.10879461,Low
22006,1,0,0.26625407,Medium
22007,0,0,0.4250313,High
22008,0,0,0.1857506,Low
22009,0,0,0.13363573,Low
22010,0,0,0.15358707,Low
22011,1,1,0.8532888,Very High
22012,1,1,0.85480505,Very High
22013,0,0,0.41488975,High
22014,1,0,0.1805462,Low
22015,0,0,0.29980406,Medium
22016,0,0,0.43902037,High
22017,0,0,0.44066247,High
22018,0,0,0.30275238,Medium
22019,0,0,0.31081298,Medium
22020,0,0,0.23451602,Medium
22021,0,0,0.48390436,High
22022,1,0,0.29276294,Medium
22023,0,0,0.3632135,Medium
22024,0,0,0.27108338,Medium
22025,0,0,0.27950838,Medium
22026,0,0,0.29168907,Medium
22027,0,0,0.11237398,Low
22028,0,0,0.2315307,Medium
22029,0,0,0.064034,Low
22030,0,0,0.21103688,Medium
22031,0,0,0.32475486,Medium
22032,0,0,0.08702828,Low
22033,0,0,0.1442742,Low
22034,0,0,0.098983325,Low
22035,0,0,0.12001754,Low
22036,0,0,0.11218458,Low
22037,0,0,0.15953644,Low
22038,0,0,0.267227,Medium
22039,0,0,0.16385193,Low
22040,0,0,0.099243365,Low
22041,0,0,0.1782262,Low
22042,0,0,0.21220358,Medium
22043,0,0,0.4143214,High
22044,0,0,0.113414094,Low
22045,0,0,0.12817106,Low
22046,0,0,0.2757617,Medium
22047,0,0,0.11150471,Low
22048,1,1,0.5952384,High
22049,0,0,0.13599521,Low
22050,0,0,0.23904568,Medium
22051,0,0,0.29145944,Medium
22052,0,0,0.30492306,Medium
22053,0,1,0.6602854,Very High
22054,0,0,0.35343057,Medium
22055,0,0,0.08851184,Low
22056,0,1,0.7437655,Very High
22057,0,1,0.603249,Very High
22058,0,0,0.10686967,Low
22059,0,0,0.36782578,Medium
22060,0,0,0.31821117,Medium
22061,0,1,0.88744205,Very High
22062,0,0,0.1834359,Low
22063,0,0,0.28288242,Medium
22064,0,1,0.51811737,High
22065,1,0,0.35849807,Medium
22066,1,0,0.2707499,Medium
22067,0,0,0.17724879,Low
22068,1,0,0.34263507,Medium
22069,0,0,0.12646459,Low
22070,0,0,0.27140942,Medium
22071,0,0,0.17353125,Low
22072,0,0,0.20024844,Medium
22073,0,0,0.2197612,Medium
22074,0,0,0.106653646,Low
22075,0,0,0.11828516,Low
22076,0,0,0.43088505,High
22077,0,0,0.18362156,Low
22078,0,0,0.10487369,Low
22079,0,1,0.53651565,High
22080,0,0,0.28514454,Medium
22081,1,1,0.8623565,Very High
22082,0,0,0.45459244,High
22083,0,0,0.44170398,High
22084,1,0,0.30005157,Medium
22085,0,0,0.25732216,Medium
22086,0,0,0.20478228,Medium
22087,0,0,0.15051909,Low
22088,0,0,0.19183458,Low
22089,0,0,0.33873785,Medium
22090,0,0,0.41022328,High
22091,1,1,0.5337504,High
22092,0,0,0.14869398,Low
22093,0,0,0.13591751,Low
22094,1,1,0.558248,High
22095,1,1,0.8793449,Very High
22096,0,0,0.310421,Medium
22097,0,0,0.110355824,Low
22098,0,0,0.38563335,Medium
22099,0,0,0.11369484,Low
22100,0,0,0.1110387,Low
22101,0,0,0.24183182,Medium
22102,1,0,0.33632427,Medium
22103,0,0,0.2252031,Medium
22104,0,0,0.21689714,Medium
22105,0,0,0.20300542,Medium
22106,0,0,0.21993302,Medium
22107,0,0,0.19220759,Low
22108,1,1,0.85085166,Very High
22109,0,0,0.070692666,Low
22110,0,0,0.31904325,Medium
22111,0,0,0.11025786,Low
22112,1,1,0.8274406,Very High
22113,0,0,0.21671504,Medium
22114,0,0,0.110907964,Low
22115,0,1,0.8140932,Very High
22116,0,0,0.22765213,Medium
22117,0,0,0.14702378,Low
22118,0,0,0.14376622,Low
22119,0,0,0.38749272,Medium
22120,1,1,0.71758556,Very High
22121,0,0,0.37224394,Medium
22122,0,0,0.29061034,Medium
22123,0,0,0.24834408,Medium
22124,0,0,0.11173996,Low
22125,1,1,0.9018313,Very High
22126,1,0,0.10877385,Low
22127,0,0,0.106739126,Low
22128,0,0,0.08951364,Low
22129,0,0,0.2273716,Medium
22130,0,0,0.12342978,Low
22131,0,0,0.44764814,High
22132,0,0,0.32277268,Medium
22133,0,0,0.49828997,High
22134,0,1,0.67744344,Very High
22135,0,0,0.1705699,Low
22136,0,0,0.2622998,Medium
22137,0,0,0.2130624,Medium
22138,0,1,0.56850404,High
22139,0,0,0.2229583,Medium
22140,0,0,0.17705476,Low
22141,0,0,0.097682655,Low
22142,0,0,0.20182781,Medium
22143,0,1,0.67190063,Very High
22144,0,0,0.24484628,Medium
22145,1,0,0.21805915,Medium
22146,0,0,0.15375932,Low
22147,0,0,0.27880237,Medium
22148,0,1,0.5862788,High
22149,0,0,0.2595205,Medium
22150,0,0,0.39748904,Medium
22151,0,0,0.28297982,Medium
22152,0,0,0.29234397,Medium
22153,1,1,0.75369155,Very High
22154,0,0,0.15353546,Low
22155,0,1,0.5860775,High
22156,0,0,0.24810472,Medium
22157,0,0,0.25345314,Medium
22158,0,0,0.17733587,Low
22159,0,0,0.21867004,Medium
22160,0,0,0.3379892,Medium
22161,0,0,0.12278014,Low
22162,0,0,0.32573178,Medium
22163,0,1,0.58676153,High
22164,1,1,0.80507994,Very High
22165,0,1,0.51876396,High
22166,0,0,0.2827493,Medium
22167,0,0,0.46464747,High
22168,0,0,0.14085874,Low
22169,1,1,0.82785183,Very High
22170,0,0,0.38466644,Medium
22171,0,0,0.19929099,Low
22172,0,0,0.16295029,Low
22173,0,0,0.26310906,Medium
22174,1,0,0.23125662,Medium
22175,0,0,0.2896098,Medium
22176,0,0,0.21972181,Medium
22177,1,1,0.7976036,Very High
22178,1,0,0.2853263,Medium
22179,0,0,0.23246568,Medium
22180,0,0,0.14605458,Low
22181,0,0,0.21053025,Medium
22182,0,0,0.17356384,Low
22183,0,0,0.4726045,High
22184,0,0,0.22614719,Medium
22185,0,0,0.3237455,Medium
22186,0,0,0.051213242,Low
22187,0,0,0.38118595,Medium
22188,0,0,0.12628144,Low
22189,0,0,0.16659954,Low
22190,0,0,0.3136592,Medium
22191,0,0,0.36293015,Medium
22192,0,0,0.26139084,Medium
22193,1,0,0.33230996,Medium
22194,0,0,0.20655389,Medium
22195,0,0,0.43124992,High
22196,0,0,0.28237033,Medium
22197,0,0,0.10701518,Low
22198,0,0,0.21630399,Medium
22199,0,0,0.20452593,Medium
22200,0,0,0.15365526,Low
22201,0,0,0.28127068,Medium
22202,0,0,0.29172847,Medium
22203,1,1,0.6058399,Very High
22204,0,0,0.3321085,Medium
22205,1,0,0.465608,High
22206,0,0,0.24059814,Medium
22207,0,0,0.31374538,Medium
22208,0,0,0.43966663,High
22209,0,0,0.372609,Medium
22210,0,0,0.19504035,Low
22211,0,0,0.2143848,Medium
22212,0,0,0.27150768,Medium
22213,1,0,0.4326661,High
22214,0,0,0.39080662,Medium
22215,0,0,0.18154106,Low
22216,0,0,0.19860592,Low
22217,1,0,0.36142278,Medium
22218,0,0,0.21483408,Medium
22219,0,0,0.09512981,Low
22220,0,0,0.09882867,Low
22221,0,0,0.116749115,Low
22222,0,0,0.17666419,Low
22223,0,0,0.05742701,Low
22224,0,0,0.093691684,Low
22225,0,0,0.39456162,Medium
22226,0,0,0.21890701,Medium
22227,0,0,0.29155606,Medium
22228,0,0,0.07082937,Low
22229,1,1,0.5257084,High
22230,0,0,0.34713754,Medium
22231,0,1,0.6979997,Very High
22232,0,0,0.11007872,Low
22233,0,0,0.11708092,Low
22234,0,0,0.37140688,Medium
22235,0,0,0.10937378,Low
22236,0,0,0.23258284,Medium
22237,0,0,0.32366177,Medium
22238,0,0,0.19603084,Low
22239,0,0,0.20794463,Medium
22240,0,0,0.07899604,Low
22241,0,0,0.36460802,Medium
22242,0,0,0.26007473,Medium
22243,0,0,0.07571548,Low
22244,0,0,0.24699837,Medium
22245,0,0,0.28058222,Medium
22246,0,1,0.89670354,Very High
22247,0,0,0.12540632,Low
22248,1,0,0.4234178,High
22249,0,0,0.14116576,Low
22250,1,0,0.26286903,Medium
22251,1,0,0.26456386,Medium
22252,0,0,0.4694583,High
22253,0,0,0.06169713,Low
22254,1,0,0.46604848,High
22255,0,0,0.1562627,Low
22256,0,0,0.32516426,Medium
22257,1,0,0.17193538,Low
22258,1,1,0.53546304,High
22259,0,0,0.3870524,Medium
22260,0,0,0.267626,Medium
22261,0,0,0.278382,Medium
22262,0,1,0.59417,High
22263,1,0,0.095140144,Low
22264,0,0,0.27870053,Medium
22265,0,0,0.11512694,Low
22266,0,0,0.050095197,Low
22267,1,0,0.24395944,Medium
22268,0,0,0.107543655,Low
22269,1,0,0.2957808,Medium
22270,0,0,0.120147854,Low
22271,0,0,0.2261809,Medium
22272,0,0,0.19878384,Low
22273,0,0,0.14749685,Low
22274,0,0,0.12189626,Low
22275,0,0,0.15917975,Low
22276,0,0,0.1208608,Low
22277,1,0,0.35503405,Medium
22278,0,0,0.19527985,Low
22279,0,0,0.1734035,Low
22280,1,0,0.3048385,Medium
22281,1,0,0.20899221,Medium
22282,0,0,0.36288056,Medium
22283,0,0,0.11338087,Low
22284,0,0,0.1991755,Low
22285,0,0,0.34828648,Medium
22286,1,1,0.73220795,Very High
22287,1,1,0.717934,Very High
22288,0,0,0.41298187,High
22289,1,1,0.78705955,Very High
22290,1,0,0.41512033,High
22291,1,1,0.8903298,Very High
22292,0,0,0.4371915,High
22293,0,0,0.22349392,Medium
22294,0,0,0.12636352,Low
22295,0,0,0.14447205,Low
22296,0,0,0.24577755,Medium
22297,0,0,0.11850223,Low
22298,0,0,0.2786226,Medium
22299,0,0,0.12755737,Low
22300,1,0,0.36425707,Medium
22301,0,0,0.1725697,Low
22302,0,0,0.10217957,Low
22303,0,0,0.14011869,Low
22304,0,0,0.18405186,Low
22305,0,0,0.24075557,Medium
22306,0,0,0.16548207,Low
22307,1,1,0.5513697,High
22308,0,0,0.3211159,Medium
22309,0,0,0.2930667,Medium
22310,0,0,0.24782194,Medium
22311,0,1,0.88950336,Very High
22312,0,0,0.25659528,Medium
22313,0,0,0.34252283,Medium
22314,0,0,0.18327375,Low
22315,0,0,0.10642518,Low
22316,1,1,0.5642706,High
22317,0,0,0.45134082,High
22318,0,0,0.29664603,Medium
22319,0,1,0.54366744,High
22320,0,0,0.22168185,Medium
22321,0,0,0.12007436,Low
22322,0,0,0.25999105,Medium
22323,0,0,0.2226781,Medium
22324,0,0,0.11313482,Low
22325,0,0,0.13386641,Low
22326,1,0,0.283542,Medium
22327,0,0,0.31556728,Medium
22328,0,1,0.5437211,High
22329,0,0,0.15764923,Low
22330,0,0,0.17316669,Low
22331,0,1,0.7242474,Very High
22332,0,0,0.11443176,Low
22333,1,0,0.20179105,Medium
22334,0,0,0.1203509,Low
22335,0,0,0.15323992,Low
22336,0,1,0.58487743,High
22337,0,0,0.15361778,Low
22338,0,0,0.13228893,Low
22339,0,0,0.17216152,Low
22340,0,0,0.13339537,Low
22341,0,0,0.099867426,Low
22342,0,0,0.179135,Low
22343,0,0,0.07111483,Low
22344,0,0,0.119618796,Low
22345,0,0,0.28462732,Medium
22346,0,1,0.59060574,High
22347,0,0,0.17289044,Low
22348,0,0,0.13348323,Low
22349,0,0,0.15469567,Low
22350,0,0,0.087434664,Low
22351,0,0,0.19472207,Low
22352,0,0,0.13705392,Low
22353,0,0,0.36696398,Medium
22354,0,0,0.20851001,Medium
22355,0,0,0.16690555,Low
22356,0,0,0.45835853,High
22357,0,0,0.0895299,Low
22358,0,0,0.17981982,Low
22359,0,0,0.47166696,High
22360,0,0,0.08169744,Low
22361,0,0,0.226748,Medium
22362,0,0,0.33747077,Medium
22363,0,0,0.31399864,Medium
22364,0,0,0.2884842,Medium
22365,0,0,0.23895659,Medium
22366,1,0,0.4769627,High
22367,0,0,0.28854042,Medium
22368,0,0,0.28521717,Medium
22369,0,0,0.28652126,Medium
22370,0,0,0.07099376,Low
22371,0,0,0.12367283,Low
22372,0,0,0.35602123,Medium
22373,0,0,0.12645125,Low
22374,0,0,0.29460308,Medium
22375,1,1,0.6689423,Very High
22376,0,0,0.37071028,Medium
22377,0,1,0.7539304,Very High
22378,0,0,0.093351394,Low
22379,0,0,0.20041157,Medium
22380,0,0,0.39706576,Medium
22381,0,0,0.09790161,Low
22382,0,0,0.24451673,Medium
22383,0,0,0.15019144,Low
22384,0,0,0.18661432,Low
22385,0,0,0.16172516,Low
22386,1,0,0.18631276,Low
22387,1,1,0.8789151,Very High
22388,0,0,0.407307,High
22389,0,0,0.15459286,Low
22390,1,0,0.12827939,Low
22391,0,0,0.09323257,Low
22392,1,1,0.8739841,Very High
22393,0,0,0.09514421,Low
22394,0,0,0.25617674,Medium
22395,0,0,0.14439847,Low
22396,0,0,0.11264981,Low
22397,0,0,0.19599299,Low
22398,0,0,0.29592675,Medium
22399,0,0,0.09892198,Low
22400,0,0,0.2326187,Medium
22401,0,0,0.10601881,Low
22402,1,1,0.84711456,Very High
22403,0,1,0.6749756,Very High
22404,0,0,0.13552877,Low
22405,0,0,0.23865777,Medium
22406,0,0,0.19646741,Low
22407,0,0,0.09160424,Low
22408,0,0,0.08870864,Low
22409,0,0,0.22483929,Medium
22410,1,1,0.54104596,High
22411,0,0,0.25523067,Medium
22412,1,0,0.37863588,Medium
22413,0,0,0.26031572,Medium
22414,0,1,0.5896541,High
22415,1,1,0.727485,Very High
22416,0,1,0.8751556,Very High
22417,0,1,0.85303307,Very High
22418,0,0,0.2995327,Medium
22419,0,0,0.08875604,Low
22420,0,0,0.14142194,Low
22421,0,1,0.5330201,High
22422,0,1,0.6920278,Very High
22423,0,0,0.23483956,Medium
22424,1,0,0.24156794,Medium
22425,0,0,0.35853693,Medium
22426,0,0,0.2881745,Medium
22427,0,0,0.27256608,Medium
22428,0,0,0.18520306,Low
22429,0,0,0.11068446,Low
22430,0,1,0.56630087,High
22431,0,0,0.44430923,High
22432,0,0,0.12783608,Low
22433,0,1,0.5273835,High
22434,1,1,0.80736494,Very High
22435,0,0,0.25105068,Medium
22436,0,0,0.3252091,Medium
22437,0,0,0.30602354,Medium
22438,0,0,0.08357872,Low
22439,0,1,0.88395476,Very High
22440,0,0,0.12800975,Low
22441,0,0,0.36705953,Medium
22442,0,0,0.26273832,Medium
22443,1,0,0.26397285,Medium
22444,0,0,0.4265425,High
22445,1,0,0.48968795,High
22446,0,0,0.14464602,Low
22447,0,0,0.36970583,Medium
22448,0,0,0.34466287,Medium
22449,0,0,0.29823405,Medium
22450,0,0,0.2462512,Medium
22451,0,0,0.15478972,Low
22452,0,0,0.2890681,Medium
22453,0,0,0.306721,Medium
22454,0,0,0.28127253,Medium
22455,0,0,0.27622452,Medium
22456,0,0,0.121335015,Low
22457,0,0,0.085917994,Low
22458,0,0,0.2948438,Medium
22459,0,0,0.3237141,Medium
22460,0,1,0.8967752,Very High
22461,0,0,0.14418007,Low
22462,1,0,0.43179142,High
22463,0,1,0.6753447,Very High
22464,0,0,0.21542482,Medium
22465,1,1,0.8688512,Very High
22466,0,0,0.06483561,Low
22467,1,1,0.88573617,Very High
22468,0,0,0.27181152,Medium
22469,1,0,0.34394106,Medium
22470,1,1,0.59063405,High
22471,1,0,0.32757628,Medium
22472,0,0,0.38332915,Medium
22473,1,1,0.8812313,Very High
22474,0,0,0.20871104,Medium
22475,0,1,0.698075,Very High
22476,0,0,0.20665371,Medium
22477,0,0,0.26272634,Medium
22478,0,0,0.13126616,Low
22479,1,1,0.8832363,Very High
22480,0,1,0.6286669,Very High
22481,0,0,0.089153215,Low
22482,0,0,0.14405516,Low
22483,0,0,0.19933978,Low
22484,0,0,0.10104796,Low
22485,0,0,0.15323816,Low
22486,0,0,0.36565053,Medium
22487,0,0,0.050393533,Low
22488,0,0,0.26805055,Medium
22489,0,0,0.46615654,High
22490,0,0,0.2729973,Medium
22491,0,1,0.56383705,High
22492,1,0,0.35659426,Medium
22493,0,0,0.31514034,Medium
22494,0,0,0.23865373,Medium
22495,1,1,0.85173553,Very High
22496,0,0,0.13327564,Low
22497,1,0,0.27884907,Medium
22498,0,0,0.10756853,Low
22499,0,0,0.35221922,Medium
22500,0,0,0.09288998,Low
22501,0,0,0.23593374,Medium
22502,0,0,0.11908643,Low
22503,1,1,0.66838115,Very High
22504,1,0,0.26421192,Medium
22505,1,0,0.12818412,Low
22506,1,0,0.34634146,Medium
22507,1,1,0.8985647,Very High
22508,0,0,0.16604395,Low
22509,0,0,0.12763716,Low
22510,0,0,0.28320533,Medium
22511,0,0,0.25479776,Medium
22512,0,0,0.39736876,Medium
22513,0,0,0.2296996,Medium
22514,0,0,0.19862941,Low
22515,0,0,0.27392855,Medium
22516,0,0,0.3193129,Medium
22517,0,0,0.20992592,Medium
22518,0,0,0.23014605,Medium
22519,0,0,0.20251752,Medium
22520,0,0,0.07993296,Low
22521,1,1,0.62637806,Very High
22522,0,0,0.13619103,Low
22523,0,1,0.9029684,Very High
22524,1,0,0.445708,High
22525,0,0,0.115183145,Low
22526,0,0,0.15175822,Low
22527,0,0,0.14088011,Low
22528,0,0,0.3247276,Medium
22529,0,0,0.446498,High
22530,0,1,0.54508126,High
22531,0,0,0.04283009,Low
22532,0,0,0.3431734,Medium
22533,0,0,0.17781645,Low
22534,0,0,0.2757422,Medium
22535,1,0,0.42108092,High
22536,0,0,0.327162,Medium
22537,1,1,0.8971155,Very High
22538,1,0,0.32454455,Medium
22539,0,0,0.3004654,Medium
22540,0,0,0.14028159,Low
22541,0,0,0.45868132,High
22542,0,0,0.23729844,Medium
22543,1,1,0.8578508,Very High
22544,1,0,0.48308462,High
22545,1,0,0.30602288,Medium
22546,0,0,0.23944464,Medium
22547,0,0,0.09616146,Low
22548,1,0,0.32880402,Medium
22549,0,0,0.06400639,Low
22550,0,0,0.42658585,High
22551,0,1,0.848884,Very High
22552,1,0,0.38098893,Medium
22553,0,0,0.21580483,Medium
22554,0,1,0.55686736,High
22555,1,1,0.59621614,High
22556,0,0,0.06717287,Low
22557,0,0,0.23692526,Medium
22558,0,0,0.3106614,Medium
22559,0,0,0.2413809,Medium
22560,0,0,0.12546061,Low
22561,1,0,0.45439053,High
22562,0,0,0.2928268,Medium
22563,0,0,0.083402544,Low
22564,0,0,0.27348688,Medium
22565,0,0,0.10406412,Low
22566,0,0,0.18760689,Low
22567,0,1,0.89453906,Very High
22568,1,0,0.29449642,Medium
22569,0,1,0.5357605,High
22570,0,0,0.13728708,Low
22571,1,0,0.27720654,Medium
22572,0,0,0.20816213,Medium
22573,0,0,0.38974008,Medium
22574,0,0,0.12124626,Low
22575,0,0,0.2943597,Medium
22576,0,0,0.12082944,Low
22577,0,0,0.3563358,Medium
22578,0,0,0.19853964,Low
22579,0,0,0.23200709,Medium
22580,0,0,0.1286532,Low
22581,0,0,0.1490567,Low
22582,0,0,0.28107607,Medium
22583,0,0,0.102155894,Low
22584,0,0,0.1365148,Low
22585,0,1,0.6371929,Very High
22586,0,0,0.42185047,High
22587,0,0,0.20385657,Medium
22588,0,0,0.21044734,Medium
22589,0,0,0.24738373,Medium
22590,0,0,0.10202777,Low
22591,1,0,0.30236623,Medium
22592,0,0,0.09952977,Low
22593,0,0,0.40916118,High
22594,0,0,0.2731098,Medium
22595,0,0,0.22121072,Medium
22596,0,0,0.44647795,High
22597,0,0,0.10315571,Low
22598,1,0,0.45564348,High
22599,0,0,0.25880235,Medium
22600,0,0,0.09848291,Low
22601,1,0,0.14144252,Low
22602,0,0,0.11372548,Low
22603,0,0,0.22291377,Medium
22604,0,0,0.38790053,Medium
22605,0,0,0.32191503,Medium
22606,0,0,0.24750197,Medium
22607,0,1,0.8260269,Very High
22608,0,0,0.11185964,Low
22609,0,0,0.115776315,Low
22610,0,0,0.27757993,Medium
22611,0,1,0.8540447,Very High
22612,0,0,0.19676913,Low
22613,0,0,0.0691853,Low
22614,0,0,0.3026474,Medium
22615,0,0,0.26097754,Medium
22616,0,0,0.19508184,Low
22617,0,0,0.1648966,Low
22618,0,0,0.28384727,Medium
22619,1,1,0.84512913,Very High
22620,0,0,0.30415654,Medium
22621,1,1,0.8237826,Very High
22622,0,0,0.25626156,Medium
22623,0,1,0.5990842,High
22624,0,0,0.21771993,Medium
22625,0,0,0.12008885,Low
22626,0,1,0.7494614,Very High
22627,0,0,0.15044375,Low
22628,1,1,0.590326,High
22629,0,1,0.70623374,Very High
22630,0,0,0.16361922,Low
22631,0,0,0.2244387,Medium
22632,0,0,0.14246477,Low
22633,0,0,0.2969931,Medium
22634,1,0,0.3594657,Medium
22635,0,0,0.23704109,Medium
22636,0,0,0.1768296,Low
22637,0,0,0.15633495,Low
22638,0,0,0.32034984,Medium
22639,0,0,0.13781941,Low
22640,0,0,0.1761394,Low
22641,1,0,0.21542437,Medium
22642,0,0,0.13168369,Low
22643,0,0,0.48182988,High
22644,0,0,0.052871324,Low
22645,0,0,0.098171696,Low
22646,0,0,0.17152204,Low
22647,1,1,0.51988894,High
22648,1,1,0.87737215,Very High
22649,0,0,0.35306278,Medium
22650,0,0,0.19205284,Low
22651,0,0,0.11910734,Low
22652,0,0,0.3343003,Medium
22653,0,0,0.24052347,Medium
22654,0,0,0.18630531,Low
22655,0,0,0.077513464,Low
22656,0,0,0.27462837,Medium
22657,1,1,0.83914804,Very High
22658,0,0,0.23459074,Medium
22659,0,0,0.26270646,Medium
22660,0,0,0.27267727,Medium
22661,0,0,0.14708257,Low
22662,0,0,0.46971935,High
22663,0,0,0.25300196,Medium
22664,0,0,0.28518018,Medium
22665,0,0,0.48420212,High
22666,0,0,0.26421043,Medium
22667,1,0,0.35820737,Medium
22668,0,0,0.38122383,Medium
22669,0,0,0.39745834,Medium
22670,0,0,0.15610382,Low
22671,0,0,0.2543751,Medium
22672,0,0,0.3503444,Medium
22673,0,0,0.29243928,Medium
22674,0,0,0.19143419,Low
22675,0,0,0.23640579,Medium
22676,0,0,0.15343793,Low
22677,0,0,0.18713447,Low
22678,0,0,0.22611159,Medium
22679,0,0,0.14998099,Low
22680,0,0,0.49967238,High
22681,0,0,0.18054701,Low
22682,0,0,0.23863423,Medium
22683,0,0,0.31165624,Medium
22684,0,0,0.16991237,Low
22685,0,0,0.11276091,Low
22686,0,0,0.47384307,High
22687,1,0,0.27076966,Medium
22688,0,0,0.37687117,Medium
22689,1,1,0.8893681,Very High
22690,0,0,0.16087195,Low
22691,0,1,0.8607436,Very High
22692,0,0,0.23795417,Medium
22693,1,1,0.54064494,High
22694,0,0,0.14930676,Low
22695,0,0,0.15522327,Low
22696,0,0,0.15845679,Low
22697,0,0,0.38106126,Medium
22698,0,0,0.19717228,Low
22699,0,0,0.3029012,Medium
22700,1,1,0.77039415,Very High
22701,0,0,0.17615838,Low
22702,0,0,0.2847262,Medium
22703,0,0,0.1248141,Low
22704,0,0,0.3293386,Medium
22705,0,0,0.2265804,Medium
22706,0,0,0.46939385,High
22707,0,0,0.17259742,Low
22708,0,0,0.3260509,Medium
22709,1,0,0.3606826,Medium
22710,0,0,0.33529782,Medium
22711,1,1,0.5354505,High
22712,1,0,0.095432855,Low
22713,0,0,0.42697275,High
22714,0,0,0.17969438,Low
22715,0,0,0.12704483,Low
22716,0,0,0.39537475,Medium
22717,0,0,0.20665412,Medium
22718,0,0,0.34890324,Medium
22719,0,0,0.13728726,Low
22720,0,0,0.042966645,Low
22721,0,0,0.3252027,Medium
22722,0,0,0.2537501,Medium
22723,0,0,0.26348186,Medium
22724,0,0,0.3234518,Medium
22725,0,1,0.89855283,Very High
22726,0,0,0.3935241,Medium
22727,0,1,0.558248,High
22728,1,0,0.3064199,Medium
22729,0,0,0.09948239,Low
22730,0,1,0.57036406,High
22731,0,0,0.26748183,Medium
22732,0,0,0.13829467,Low
22733,0,0,0.09218399,Low
22734,0,1,0.58925706,High
22735,0,0,0.21533889,Medium
22736,0,0,0.15483849,Low
22737,0,0,0.21541862,Medium
22738,0,0,0.2638445,Medium
22739,0,0,0.23529834,Medium
22740,0,0,0.10289601,Low
22741,1,0,0.35341063,Medium
22742,0,0,0.25213996,Medium
22743,0,0,0.0912052,Low
22744,0,0,0.3017839,Medium
22745,1,0,0.3588471,Medium
22746,0,0,0.057751838,Low
22747,0,1,0.80563587,Very High
22748,0,0,0.21721444,Medium
22749,0,0,0.37644377,Medium
22750,0,0,0.07128142,Low
22751,1,0,0.103079915,Low
22752,0,0,0.12811972,Low
22753,0,0,0.3437753,Medium
22754,1,1,0.8121062,Very High
22755,0,0,0.36486107,Medium
22756,1,0,0.195936,Low
22757,0,0,0.27113685,Medium
22758,0,0,0.1148104,Low
22759,0,0,0.1068435,Low
22760,1,1,0.90997744,Very High
22761,0,0,0.08562871,Low
22762,0,0,0.23660962,Medium
22763,0,0,0.19240391,Low
22764,0,0,0.11962467,Low
22765,0,0,0.16683453,Low
22766,1,0,0.30348623,Medium
22767,0,0,0.074240595,Low
22768,0,0,0.22091891,Medium
22769,1,0,0.38681737,Medium
22770,0,0,0.24768712,Medium
22771,0,0,0.1954209,Low
22772,0,0,0.2923343,Medium
22773,1,1,0.5256833,High
22774,1,0,0.45337084,High
22775,0,0,0.12521775,Low
22776,0,0,0.06089849,Low
22777,1,0,0.2891096,Medium
22778,0,0,0.11393523,Low
22779,0,0,0.07624351,Low
22780,0,0,0.20880324,Medium
22781,0,0,0.30587438,Medium
22782,0,0,0.19482158,Low
22783,0,0,0.20298362,Medium
22784,0,0,0.13678952,Low
22785,0,0,0.2612747,Medium
22786,1,0,0.2377227,Medium
22787,1,1,0.84091914,Very High
22788,0,0,0.13890184,Low
22789,0,1,0.87283605,Very High
22790,1,0,0.29550606,Medium
22791,0,0,0.4688716,High
22792,1,1,0.8737389,Very High
22793,0,0,0.29640687,Medium
22794,0,0,0.101436175,Low
22795,0,0,0.31255096,Medium
22796,1,0,0.14858547,Low
22797,0,0,0.2666989,Medium
22798,0,0,0.32312414,Medium
22799,0,0,0.46894646,High
22800,0,0,0.36381185,Medium
22801,0,0,0.1070483,Low
22802,0,0,0.2068708,Medium
22803,0,0,0.105942115,Low
22804,0,0,0.13341339,Low
22805,0,0,0.0947462,Low
22806,1,1,0.7593481,Very High
22807,0,0,0.17051062,Low
22808,0,0,0.15735497,Low
22809,0,0,0.14152785,Low
22810,0,0,0.11921093,Low
22811,0,0,0.17573787,Low
22812,0,0,0.4155825,High
22813,0,1,0.68176585,Very High
22814,0,0,0.19534971,Low
22815,0,0,0.474814,High
22816,1,0,0.27435297,Medium
22817,0,0,0.11743564,Low
22818,0,0,0.18846714,Low
22819,0,1,0.5384148,High
22820,0,0,0.09205324,Low
22821,0,0,0.16025136,Low
22822,0,0,0.27380162,Medium
22823,0,0,0.19406736,Low
22824,0,0,0.2401914,Medium
22825,0,0,0.07865589,Low
22826,1,1,0.55554736,High
22827,0,0,0.18403323,Low
22828,0,0,0.059632257,Low
22829,0,0,0.31001267,Medium
22830,0,0,0.34781334,Medium
22831,1,1,0.8977883,Very High
22832,1,1,0.8648811,Very High
22833,0,0,0.32021993,Medium
22834,0,0,0.1895627,Low
22835,0,0,0.09008193,Low
22836,0,0,0.08093256,Low
22837,1,0,0.3331448,Medium
22838,0,0,0.079513304,Low
22839,0,0,0.21999204,Medium
22840,0,0,0.19177708,Low
22841,0,0,0.21687153,Medium
22842,0,0,0.15571973,Low
22843,1,0,0.33679742,Medium
22844,1,0,0.3161486,Medium
22845,0,0,0.27963558,Medium
22846,0,0,0.2512484,Medium
22847,0,0,0.34464833,Medium
22848,0,0,0.102611065,Low
22849,1,0,0.33864015,Medium
22850,0,0,0.48254398,High
22851,0,0,0.32313272,Medium
22852,1,1,0.7801514,Very High
22853,0,1,0.58646107,High
22854,0,0,0.37153813,Medium
22855,0,0,0.1594551,Low
22856,1,1,0.6240721,Very High
22857,0,0,0.23165327,Medium
22858,0,0,0.12682512,Low
22859,1,1,0.605612,Very High
22860,0,0,0.25399178,Medium
22861,1,1,0.6485944,Very High
22862,0,0,0.25095654,Medium
22863,1,1,0.8514467,Very High
22864,0,0,0.09157739,Low
22865,0,0,0.21894948,Medium
22866,0,0,0.20421329,Medium
22867,0,0,0.4690653,High
22868,0,0,0.11789787,Low
22869,0,0,0.38674042,Medium
22870,0,1,0.55968535,High
22871,0,0,0.2075341,Medium
22872,1,1,0.8518511,Very High
22873,0,0,0.2476303,Medium
22874,0,0,0.17051813,Low
22875,0,0,0.13336338,Low
22876,0,0,0.16893955,Low
22877,0,0,0.25398266,Medium
22878,0,0,0.2173514,Medium
22879,1,1,0.8313504,Very High
22880,0,0,0.09728027,Low
22881,0,1,0.7565495,Very High
22882,1,0,0.32968408,Medium
22883,0,0,0.19766942,Low
22884,0,0,0.29307044,Medium
22885,1,1,0.509389,High
22886,0,0,0.2095685,Medium
22887,0,0,0.46989107,High
22888,0,0,0.13614437,Low
22889,0,0,0.05165301,Low
22890,0,0,0.22065812,Medium
22891,0,0,0.31688863,Medium
22892,0,0,0.12133353,Low
22893,0,0,0.13700101,Low
22894,1,0,0.09749287,Low
22895,0,0,0.27896452,Medium
22896,0,1,0.6664643,Very High
22897,0,0,0.11376068,Low
22898,1,1,0.8986468,Very High
22899,0,0,0.14987335,Low
22900,0,0,0.48554316,High
22901,1,1,0.90392613,Very High
22902,0,1,0.6367462,Very High
22903,0,0,0.22830175,Medium
22904,0,0,0.15196687,Low
22905,0,1,0.51674163,High
22906,0,0,0.23863673,Medium
22907,0,0,0.2133823,Medium
22908,0,0,0.17914763,Low
22909,0,0,0.33890775,Medium
22910,0,0,0.15414545,Low
22911,1,0,0.3891026,Medium
22912,0,0,0.2155938,Medium
22913,0,0,0.11941544,Low
22914,0,0,0.24219954,Medium
22915,0,0,0.49639934,High
22916,0,0,0.25090137,Medium
22917,0,0,0.33864382,Medium
22918,0,0,0.20648064,Medium
22919,0,0,0.19505383,Low
22920,0,0,0.10790039,Low
22921,0,0,0.18467493,Low
22922,1,0,0.34401733,Medium
22923,0,0,0.12498878,Low
22924,0,0,0.071658246,Low
22925,0,0,0.4720015,High
22926,0,0,0.15725505,Low
22927,0,0,0.33570275,Medium
22928,0,0,0.22386847,Medium
22929,0,0,0.12139913,Low
22930,0,0,0.20496225,Medium
22931,0,0,0.24979483,Medium
22932,0,0,0.2108798,Medium
22933,0,0,0.34343153,Medium
22934,0,0,0.19566703,Low
22935,0,0,0.13699456,Low
22936,0,0,0.16819143,Low
22937,0,0,0.40945068,High
22938,0,0,0.15538284,Low
22939,0,0,0.22285883,Medium
22940,0,0,0.20415011,Medium
22941,0,0,0.16132584,Low
22942,0,0,0.09347282,Low
22943,0,0,0.33570975,Medium
22944,0,1,0.5029164,High
22945,0,0,0.13593085,Low
22946,0,0,0.29675803,Medium
22947,1,0,0.4284963,High
22948,0,0,0.09525966,Low
22949,1,0,0.3238917,Medium
22950,0,0,0.14683527,Low
22951,1,1,0.57662827,High
22952,0,0,0.2607628,Medium
22953,0,0,0.15153119,Low
22954,0,1,0.52632165,High
22955,0,0,0.09619612,Low
22956,0,0,0.20260549,Medium
22957,0,0,0.13185583,Low
22958,0,0,0.29132023,Medium
22959,0,0,0.16227299,Low
22960,0,0,0.10838977,Low
22961,0,0,0.18122354,Low
22962,0,0,0.3038241,Medium
22963,0,0,0.35970962,Medium
22964,0,0,0.29267246,Medium
22965,0,0,0.10525162,Low
22966,0,0,0.25708988,Medium
22967,0,0,0.30631676,Medium
22968,1,0,0.27350026,Medium
22969,0,1,0.5981243,High
22970,0,0,0.29454273,Medium
22971,0,0,0.123139784,Low
22972,0,0,0.2516653,Medium
22973,1,0,0.3932612,Medium
22974,1,1,0.7908213,Very High
22975,0,0,0.39101458,Medium
22976,0,0,0.38081595,Medium
22977,0,0,0.23926276,Medium
22978,0,0,0.35853675,Medium
22979,1,1,0.66961485,Very High
22980,0,0,0.20291445,Medium
22981,0,0,0.086883724,Low
22982,0,0,0.17425463,Low
22983,0,0,0.21031518,Medium
22984,0,0,0.16537762,Low
22985,0,0,0.17947643,Low
22986,0,0,0.14024583,Low
22987,0,0,0.08387828,Low
22988,0,0,0.19029498,Low
22989,0,0,0.06734272,Low
22990,0,0,0.31817025,Medium
22991,0,0,0.43357858,High
22992,0,0,0.26893604,Medium
22993,0,0,0.19939572,Low
22994,0,1,0.729917,Very High
22995,0,0,0.13013023,Low
22996,0,0,0.13605228,Low
22997,0,0,0.19995803,Low
22998,0,0,0.09361317,Low
22999,0,0,0.0714495,Low
23000,0,0,0.27397677,Medium
23001,1,0,0.36188656,Medium
23002,0,0,0.32401842,Medium
23003,0,0,0.28128582,Medium
23004,0,0,0.1303837,Low
23005,0,0,0.21836445,Medium
23006,1,1,0.8901105,Very High
23007,0,0,0.17560622,Low
23008,0,0,0.19312663,Low
23009,1,0,0.18458055,Low
23010,0,1,0.50717545,High
23011,1,0,0.2694131,Medium
23012,0,0,0.2658419,Medium
23013,0,0,0.276571,Medium
23014,0,0,0.1389788,Low
23015,0,0,0.34455615,Medium
23016,0,0,0.18921277,Low
23017,0,0,0.23608893,Medium
23018,0,0,0.26071107,Medium
23019,0,0,0.050669976,Low
23020,1,0,0.24430646,Medium
23021,0,0,0.20128076,Medium
23022,0,0,0.24097684,Medium
23023,0,0,0.13918802,Low
23024,1,1,0.9011295,Very High
23025,0,0,0.1736038,Low
23026,0,0,0.20004961,Medium
23027,0,0,0.2923608,Medium
23028,0,0,0.12591836,Low
23029,0,0,0.23527557,Medium
23030,0,0,0.39739433,Medium
23031,1,1,0.88002264,Very High
23032,0,1,0.552659,High
23033,0,0,0.07009394,Low
23034,0,0,0.4680259,High
23035,0,0,0.24081126,Medium
23036,0,0,0.099374324,Low
23037,0,0,0.1322583,Low
23038,0,0,0.48995632,High
23039,0,0,0.08688451,Low
23040,1,1,0.86685973,Very High
23041,0,0,0.14194182,Low
23042,0,0,0.17959979,Low
23043,0,0,0.16851734,Low
23044,1,0,0.30392045,Medium
23045,0,0,0.09652696,Low
23046,0,0,0.46481648,High
23047,0,0,0.2894696,Medium
23048,0,0,0.32600036,Medium
23049,0,1,0.8450656,Very High
23050,1,0,0.49767625,High
23051,0,0,0.14722747,Low
23052,0,0,0.3893185,Medium
23053,1,0,0.35971788,Medium
23054,0,0,0.38293654,Medium
23055,0,0,0.41112798,High
23056,0,0,0.30042487,Medium
23057,1,0,0.31349757,Medium
23058,0,0,0.12618805,Low
23059,0,0,0.28144798,Medium
23060,1,1,0.6274895,Very High
23061,0,0,0.18332562,Low
23062,1,0,0.19639784,Low
23063,0,0,0.13389733,Low
23064,0,0,0.4337364,High
23065,0,0,0.15344453,Low
23066,1,1,0.88775617,Very High
23067,0,0,0.122366056,Low
23068,0,0,0.08526695,Low
23069,0,0,0.21095549,Medium
23070,0,1,0.6699767,Very High
23071,1,0,0.30888334,Medium
23072,0,0,0.08087118,Low
23073,0,0,0.2556264,Medium
23074,1,1,0.5425861,High
23075,0,0,0.33463103,Medium
23076,0,0,0.29354528,Medium
23077,0,0,0.1344609,Low
23078,0,0,0.32500944,Medium
23079,0,0,0.07542927,Low
23080,0,0,0.15542236,Low
23081,0,1,0.5492908,High
23082,0,0,0.4363819,High
23083,1,1,0.71947056,Very High
23084,0,0,0.13018958,Low
23085,0,0,0.1225636,Low
23086,0,0,0.08112389,Low
23087,0,0,0.16580737,Low
23088,1,1,0.88813514,Very High
23089,1,0,0.43890288,High
23090,0,1,0.80440044,Very High
23091,1,0,0.49678922,High
23092,0,0,0.051143702,Low
23093,1,0,0.36459172,Medium
23094,1,0,0.48330483,High
23095,1,0,0.16423443,Low
23096,0,0,0.43289143,High
23097,0,0,0.21616393,Medium
23098,0,0,0.0627975,Low
23099,0,0,0.100797236,Low
23100,1,1,0.82760805,Very High
23101,0,0,0.24056716,Medium
23102,0,0,0.18716694,Low
23103,0,0,0.13457704,Low
23104,1,0,0.45492256,High
23105,0,0,0.22732702,Medium
23106,0,0,0.19451426,Low
23107,0,0,0.07859715,Low
23108,0,0,0.14742677,Low
23109,0,0,0.40827772,High
23110,0,1,0.5569659,High
23111,0,0,0.32233787,Medium
23112,1,1,0.6290223,Very High
23113,0,0,0.4114111,High
23114,0,0,0.19887815,Low
23115,0,0,0.17148301,Low
23116,0,0,0.32413518,Medium
23117,0,0,0.113942534,Low
23118,0,0,0.10577181,Low
23119,1,0,0.47030488,High
23120,0,0,0.17975816,Low
23121,0,0,0.22889723,Medium
23122,0,0,0.27568573,Medium
23123,0,0,0.06874726,Low
23124,0,0,0.097400054,Low
23125,1,0,0.35248905,Medium
23126,1,0,0.21248882,Medium
23127,0,0,0.13190223,Low
23128,0,0,0.14756756,Low
23129,0,0,0.38893494,Medium
23130,0,0,0.29307967,Medium
23131,0,1,0.5533755,High
23132,0,0,0.24166381,Medium
23133,0,0,0.3686946,Medium
23134,1,0,0.18245676,Low
23135,0,0,0.12677753,Low
23136,0,1,0.5939304,High
23137,0,0,0.057562992,Low
23138,1,0,0.21297912,Medium
23139,0,0,0.19826232,Low
23140,0,0,0.31929782,Medium
23141,0,0,0.38469273,Medium
23142,1,1,0.5603334,High
23143,0,0,0.3412241,Medium
23144,0,0,0.2766444,Medium
23145,0,0,0.15825024,Low
23146,0,0,0.27052993,Medium
23147,0,0,0.19849138,Low
23148,0,0,0.16597815,Low
23149,1,1,0.7863554,Very High
23150,0,0,0.20716964,Medium
23151,0,0,0.32062852,Medium
23152,0,0,0.1850333,Low
23153,0,0,0.40295246,High
23154,0,0,0.20962642,Medium
23155,0,0,0.48254398,High
23156,0,1,0.6843568,Very High
23157,1,1,0.8352492,Very High
23158,0,0,0.28570715,Medium
23159,0,1,0.879043,Very High
23160,0,0,0.19104353,Low
23161,0,0,0.31101903,Medium
23162,0,0,0.31929535,Medium
23163,0,0,0.08524354,Low
23164,0,0,0.1498811,Low
23165,1,0,0.31550434,Medium
23166,1,1,0.700369,Very High
23167,1,1,0.8506956,Very High
23168,0,0,0.11452141,Low
23169,0,0,0.31709406,Medium
23170,0,1,0.8660836,Very High
23171,0,0,0.22047944,Medium
23172,0,0,0.3011509,Medium
23173,0,0,0.2993355,Medium
23174,0,0,0.11055902,Low
23175,0,0,0.07479966,Low
23176,0,0,0.24421735,Medium
23177,0,0,0.13234,Low
23178,0,0,0.3359618,Medium
23179,0,1,0.54283285,High
23180,0,1,0.5192025,High
23181,0,0,0.23574485,Medium
23182,0,0,0.1809977,Low
23183,0,0,0.11682983,Low
23184,0,0,0.21833716,Medium
23185,0,0,0.26955983,Medium
23186,0,0,0.06538308,Low
23187,1,0,0.31561655,Medium
23188,0,0,0.18288681,Low
23189,0,0,0.33063176,Medium
23190,0,0,0.1841872,Low
23191,0,0,0.18835413,Low
23192,0,0,0.10369747,Low
23193,1,0,0.17050603,Low
23194,0,0,0.2777264,Medium
23195,0,0,0.05156772,Low
23196,0,1,0.63841635,Very High
23197,0,0,0.10713712,Low
23198,0,0,0.26045287,Medium
23199,0,0,0.09115292,Low
23200,0,0,0.29833513,Medium
23201,0,0,0.14639248,Low
23202,0,0,0.11296888,Low
23203,0,0,0.18040031,Low
23204,0,0,0.07883871,Low
23205,0,0,0.21920514,Medium
23206,1,1,0.55551916,High
23207,0,0,0.1904069,Low
23208,0,0,0.054798238,Low
23209,0,0,0.051288635,Low
23210,0,0,0.31640556,Medium
23211,0,1,0.67056936,Very High
23212,0,0,0.19256735,Low
23213,0,0,0.051745374,Low
23214,1,0,0.23507094,Medium
23215,0,0,0.2296357,Medium
23216,1,1,0.8516728,Very High
23217,0,0,0.085564554,Low
23218,0,0,0.31406474,Medium
23219,0,0,0.12649472,Low
23220,0,0,0.2854257,Medium
23221,0,1,0.5742832,High
23222,0,0,0.17755376,Low
23223,0,0,0.23963305,Medium
23224,0,0,0.08821334,Low
23225,0,0,0.17589028,Low
23226,1,1,0.6045979,Very High
23227,0,0,0.31910706,Medium
23228,0,0,0.32520208,Medium
23229,0,0,0.35037878,Medium
23230,0,0,0.08303713,Low
23231,0,0,0.10130289,Low
23232,0,0,0.19273424,Low
23233,1,0,0.48600677,High
23234,0,1,0.8101424,Very High
23235,0,0,0.09132022,Low
23236,1,0,0.2871957,Medium
23237,0,1,0.61945254,Very High
23238,0,0,0.20530641,Medium
23239,0,0,0.34770346,Medium
23240,1,1,0.87751997,Very High
23241,0,0,0.27432236,Medium
23242,0,0,0.46081772,High
23243,0,0,0.1794359,Low
23244,0,0,0.18819283,Low
23245,0,0,0.2514485,Medium
23246,0,0,0.2000276,Medium
23247,0,0,0.4113375,High
23248,0,0,0.23479234,Medium
23249,0,0,0.21125087,Medium
23250,0,0,0.29904917,Medium
23251,0,0,0.31534526,Medium
23252,0,0,0.2705726,Medium
23253,1,1,0.87067336,Very High
23254,1,0,0.35736364,Medium
23255,0,0,0.15435211,Low
23256,0,0,0.34431463,Medium
23257,0,0,0.250772,Medium
23258,0,0,0.16827565,Low
23259,0,1,0.719674,Very High
23260,0,0,0.26060456,Medium
23261,1,1,0.72751784,Very High
23262,0,0,0.40517473,High
23263,0,0,0.27841693,Medium
23264,1,1,0.8515468,Very High
23265,0,0,0.19365941,Low
23266,0,0,0.1370546,Low
23267,0,0,0.06797145,Low
23268,0,0,0.27273318,Medium
23269,1,0,0.49421117,High
23270,0,0,0.1436215,Low
23271,0,0,0.27414,Medium
23272,0,0,0.11505758,Low
23273,0,1,0.55122787,High
23274,0,0,0.26223174,Medium
23275,1,0,0.2234132,Medium
23276,0,0,0.054595646,Low
23277,0,0,0.12060699,Low
23278,0,0,0.49678922,High
23279,0,0,0.22764648,Medium
23280,0,0,0.10466224,Low
23281,0,0,0.10211531,Low
23282,0,1,0.69231045,Very High
23283,0,0,0.4255351,High
23284,0,0,0.23435152,Medium
23285,0,0,0.08769199,Low
23286,0,0,0.18677564,Low
23287,0,1,0.55671495,High
23288,1,0,0.3680329,Medium
23289,0,0,0.37511304,Medium
23290,0,0,0.2849742,Medium
23291,0,0,0.26679215,Medium
23292,1,0,0.4704512,High
23293,0,0,0.37966695,Medium
23294,1,0,0.22922136,Medium
23295,0,0,0.30240336,Medium
23296,0,0,0.24213856,Medium
23297,1,1,0.6104185,Very High
23298,0,0,0.1529101,Low
23299,0,0,0.25487253,Medium
23300,0,0,0.09778071,Low
23301,0,0,0.13627708,Low
23302,0,1,0.8616818,Very High
23303,0,0,0.24998134,Medium
23304,0,0,0.28479603,Medium
23305,0,0,0.3371621,Medium
23306,0,0,0.42909187,High
23307,0,1,0.81032395,Very High
23308,1,0,0.12606247,Low
23309,0,0,0.19722326,Low
23310,1,1,0.62638265,Very High
23311,1,1,0.7184714,Very High
23312,0,0,0.27035847,Medium
23313,0,0,0.1678061,Low
23314,0,0,0.35317504,Medium
23315,0,0,0.07518565,Low
23316,1,1,0.87974143,Very High
23317,0,0,0.11403897,Low
23318,0,1,0.5651829,High
23319,1,0,0.2920384,Medium
23320,0,0,0.14929996,Low
23321,0,0,0.32017717,Medium
23322,0,0,0.17685625,Low
23323,1,0,0.35897335,Medium
23324,0,1,0.74306256,Very High
23325,0,0,0.27790472,Medium
23326,0,0,0.34889844,Medium
23327,0,0,0.17186086,Low
23328,0,0,0.13819048,Low
23329,0,0,0.108913876,Low
23330,0,0,0.19130383,Low
23331,0,0,0.34690797,Medium
23332,0,0,0.112499006,Low
23333,1,0,0.31208065,Medium
23334,0,0,0.09006065,Low
23335,1,0,0.17721455,Low
23336,0,0,0.27816752,Medium
23337,0,0,0.18268827,Low
23338,0,0,0.20347191,Medium
23339,0,1,0.6376723,Very High
23340,1,1,0.7363698,Very High
23341,0,0,0.4769847,High
23342,1,1,0.64579767,Very High
23343,1,1,0.66766685,Very High
23344,1,0,0.20612897,Medium
23345,0,0,0.44487917,High
23346,0,0,0.08785145,Low
23347,0,0,0.2739866,Medium
23348,0,0,0.2526708,Medium
23349,0,0,0.48569188,High
23350,0,0,0.18588164,Low
23351,1,0,0.14842074,Low
23352,0,0,0.23561232,Medium
23353,1,0,0.2531311,Medium
23354,1,0,0.46749964,High
23355,0,0,0.11106146,Low
23356,1,1,0.86738205,Very High
23357,0,0,0.26480278,Medium
23358,1,1,0.5158071,High
23359,0,0,0.22464024,Medium
23360,0,1,0.83874303,Very High
23361,0,0,0.2448099,Medium
23362,1,1,0.6655692,Very High
23363,0,0,0.2011139,Medium
23364,0,0,0.0972468,Low
23365,0,0,0.058500744,Low
23366,0,0,0.082989305,Low
23367,0,0,0.2724758,Medium
23368,0,0,0.36689183,Medium
23369,0,0,0.12172853,Low
23370,0,0,0.087370634,Low
23371,0,0,0.08400821,Low
23372,0,0,0.07375703,Low
23373,0,0,0.053961962,Low
23374,1,0,0.44886217,High
23375,0,0,0.19233386,Low
23376,0,0,0.27255234,Medium
23377,0,0,0.13092895,Low
23378,1,1,0.8997716,Very High
23379,0,0,0.19360988,Low
23380,0,0,0.20322146,Medium
23381,0,0,0.2219736,Medium
23382,0,0,0.14227192,Low
23383,0,1,0.5119607,High
23384,0,0,0.34600878,Medium
23385,1,1,0.74731994,Very High
23386,1,1,0.714265,Very High
23387,0,0,0.3244365,Medium
23388,1,0,0.2052338,Medium
23389,0,0,0.08791258,Low
23390,0,0,0.11194693,Low
23391,1,0,0.3068893,Medium
23392,0,0,0.2501464,Medium
23393,0,0,0.18962315,Low
23394,0,0,0.09599856,Low
23395,0,0,0.35057336,Medium
23396,0,0,0.2895467,Medium
23397,0,0,0.25995,Medium
23398,0,0,0.29657316,Medium
23399,0,1,0.51217014,High
23400,1,0,0.48326346,High
23401,0,0,0.49386957,High
23402,1,1,0.5058157,High
23403,0,0,0.2623111,Medium
23404,0,0,0.257579,Medium
23405,0,0,0.1997544,Low
23406,0,0,0.30407643,Medium
23407,0,0,0.36178267,Medium
23408,0,0,0.3464265,Medium
23409,0,1,0.7492724,Very High
23410,0,0,0.13777693,Low
23411,0,0,0.34277356,Medium
23412,0,0,0.2382699,Medium
23413,0,0,0.08130756,Low
23414,1,0,0.48961127,High
23415,0,1,0.55482364,High
23416,1,1,0.8490587,Very High
23417,0,0,0.26278597,Medium
23418,1,1,0.8564213,Very High
23419,1,1,0.5670628,High
23420,0,0,0.14981377,Low
23421,1,0,0.2875073,Medium
23422,0,0,0.12224656,Low
23423,0,1,0.6759512,Very High
23424,0,0,0.37940535,Medium
23425,0,0,0.11593234,Low
23426,0,0,0.07056463,Low
23427,0,1,0.85501444,Very High
23428,0,0,0.47962168,High
23429,0,0,0.28995454,Medium
23430,0,0,0.22779824,Medium
23431,0,0,0.18977296,Low
23432,1,1,0.5098643,High
23433,0,0,0.3373624,Medium
23434,0,0,0.175757,Low
23435,0,0,0.26248628,Medium
23436,0,0,0.28909513,Medium
23437,0,0,0.49745008,High
23438,0,0,0.38410762,Medium
23439,0,0,0.20782903,Medium
23440,0,0,0.08390835,Low
23441,0,0,0.22348958,Medium
23442,0,0,0.0977302,Low
23443,0,0,0.28249517,Medium
23444,0,0,0.13579609,Low
23445,0,0,0.14854652,Low
23446,0,0,0.09048826,Low
23447,1,0,0.36679113,Medium
23448,0,1,0.54293793,High
23449,0,0,0.24705985,Medium
23450,0,0,0.15549663,Low
23451,0,0,0.23537076,Medium
23452,0,1,0.82341653,Very High
23453,0,0,0.11147351,Low
23454,0,0,0.28567097,Medium
23455,1,0,0.29492128,Medium
23456,0,0,0.30547825,Medium
23457,0,0,0.09962361,Low
23458,0,0,0.18659064,Low
23459,0,1,0.53218424,High
23460,0,0,0.20650731,Medium
23461,1,0,0.31374854,Medium
23462,0,0,0.19596455,Low
23463,0,0,0.1923383,Low
23464,1,0,0.40731457,High
23465,1,1,0.6140275,Very High
23466,1,1,0.83783054,Very High
23467,0,0,0.21930122,Medium
23468,0,0,0.03656402,Low
23469,1,1,0.70692366,Very High
23470,0,0,0.46484512,High
23471,0,1,0.5427972,High
23472,0,1,0.62543535,Very High
23473,0,0,0.07788368,Low
23474,0,0,0.26421076,Medium
23475,0,0,0.15633796,Low
23476,0,0,0.39257377,Medium
23477,0,0,0.056757078,Low
23478,1,1,0.70237726,Very High
23479,0,0,0.13500033,Low
23480,1,0,0.22865607,Medium
23481,0,0,0.27924556,Medium
23482,0,1,0.61412144,Very High
23483,1,0,0.3740067,Medium
23484,0,0,0.3472374,Medium
23485,0,0,0.2285938,Medium
23486,0,0,0.2695742,Medium
23487,0,0,0.12392469,Low
23488,0,0,0.24015526,Medium
23489,0,0,0.08646951,Low
23490,0,0,0.32032225,Medium
23491,1,0,0.464756,High
23492,0,0,0.31747204,Medium
23493,0,0,0.344403,Medium
23494,0,0,0.14984411,Low
23495,0,0,0.2091661,Medium
23496,1,0,0.4693166,High
23497,0,0,0.20269173,Medium
23498,0,0,0.17667331,Low
23499,0,0,0.10126961,Low
23500,0,0,0.28236496,Medium
23501,0,0,0.24669863,Medium
23502,0,1,0.62559694,Very High
23503,0,0,0.24573734,Medium
23504,0,0,0.28066236,Medium
23505,0,0,0.16738982,Low
23506,1,1,0.72626424,Very High
23507,1,0,0.15334998,Low
23508,0,0,0.10672189,Low
23509,0,1,0.5515867,High
23510,0,1,0.7088886,Very High
23511,0,0,0.20530544,Medium
23512,0,0,0.12930074,Low
23513,0,0,0.27500954,Medium
23514,0,0,0.2549032,Medium
23515,0,1,0.815012,Very High
23516,0,0,0.14085443,Low
23517,1,0,0.21956061,Medium
23518,0,0,0.1351672,Low
23519,0,0,0.294824,Medium
23520,0,0,0.45589653,High
23521,0,0,0.49386957,High
23522,0,0,0.2937545,Medium
23523,0,0,0.22123691,Medium
23524,0,0,0.4044868,High
23525,0,0,0.27362362,Medium
23526,1,1,0.7343823,Very High
23527,1,1,0.7015511,Very High
23528,0,0,0.101417236,Low
23529,0,0,0.25946823,Medium
23530,1,1,0.85386723,Very High
23531,0,0,0.10972359,Low
23532,0,0,0.2580208,Medium
23533,1,1,0.67747086,Very High
23534,0,0,0.12746273,Low
23535,0,0,0.24128193,Medium
23536,0,0,0.2867107,Medium
23537,0,0,0.16389038,Low
23538,0,0,0.18156631,Low
23539,0,0,0.18561055,Low
23540,0,0,0.21984127,Medium
23541,0,1,0.50575554,High
23542,0,0,0.22442529,Medium
23543,0,0,0.18901516,Low
23544,0,0,0.2272926,Medium
23545,0,0,0.32514477,Medium
23546,0,0,0.20849675,Medium
23547,0,0,0.12325604,Low
23548,0,0,0.17618313,Low
23549,0,0,0.120436884,Low
23550,0,0,0.31862777,Medium
23551,1,0,0.2762621,Medium
23552,0,0,0.37833306,Medium
23553,0,0,0.16602479,Low
23554,0,0,0.21154596,Medium
23555,1,0,0.18526308,Low
23556,0,0,0.23054557,Medium
23557,0,0,0.15458016,Low
23558,0,0,0.14966086,Low
23559,0,0,0.101728424,Low
23560,0,0,0.10703365,Low
23561,0,0,0.20575592,Medium
23562,0,0,0.27361885,Medium
23563,1,0,0.31468108,Medium
23564,0,0,0.1254961,Low
23565,1,1,0.81963116,Very High
23566,0,0,0.26930338,Medium
23567,0,0,0.061995044,Low
23568,0,0,0.39469695,Medium
23569,0,0,0.14876667,Low
23570,0,0,0.31424868,Medium
23571,0,0,0.081057,Low
23572,0,0,0.39609867,Medium
23573,0,0,0.17459077,Low
23574,0,0,0.2956652,Medium
23575,0,0,0.22867993,Medium
23576,0,0,0.4775223,High
23577,0,0,0.33257708,Medium
23578,0,0,0.14492552,Low
23579,0,0,0.26690376,Medium
23580,0,0,0.2622138,Medium
23581,0,0,0.1052817,Low
23582,1,1,0.8169597,Very High
23583,0,0,0.35564083,Medium
23584,0,0,0.22822294,Medium
23585,1,0,0.24597791,Medium
23586,0,0,0.10413597,Low
23587,1,0,0.21442772,Medium
23588,0,0,0.34040713,Medium
23589,0,0,0.068927616,Low
23590,0,0,0.29342502,Medium
23591,0,0,0.38509694,Medium
23592,0,0,0.33495748,Medium
23593,0,1,0.7046137,Very High
23594,0,0,0.20054373,Medium
23595,0,0,0.19521898,Low
23596,0,0,0.2859477,Medium
23597,0,0,0.37770447,Medium
23598,0,0,0.11404299,Low
23599,0,0,0.22897817,Medium
23600,0,0,0.15110056,Low
23601,0,0,0.20900637,Medium
23602,0,0,0.2569201,Medium
23603,1,1,0.83240354,Very High
23604,0,1,0.70802015,Very High
23605,0,0,0.14372541,Low
23606,0,0,0.29591474,Medium
23607,0,0,0.43478817,High
23608,1,1,0.84678483,Very High
23609,0,0,0.4854609,High
23610,0,0,0.21612276,Medium
23611,0,0,0.31874788,Medium
23612,0,0,0.3604859,Medium
23613,0,0,0.18543524,Low
23614,0,0,0.3844832,Medium
23615,0,0,0.32822654,Medium
23616,1,1,0.85684985,Very High
23617,0,0,0.10293671,Low
23618,1,1,0.75631845,Very High
23619,1,1,0.7221427,Very High
23620,1,0,0.4741177,High
23621,0,0,0.10249049,Low
23622,1,0,0.19399835,Low
23623,0,1,0.58925724,High
23624,1,1,0.7314692,Very High
23625,0,0,0.05183199,Low
23626,0,0,0.16826375,Low
23627,0,0,0.17224309,Low
23628,0,0,0.19822201,Low
23629,0,0,0.12009422,Low
23630,0,0,0.19254619,Low
23631,1,1,0.85252297,Very High
23632,0,0,0.26282647,Medium
23633,0,0,0.26728034,Medium
23634,0,0,0.122426055,Low
23635,0,0,0.15899846,Low
23636,1,1,0.76865464,Very High
23637,0,0,0.08985608,Low
23638,0,0,0.14083636,Low
23639,0,0,0.1754459,Low
23640,0,1,0.5532286,High
23641,0,0,0.2862655,Medium
23642,1,1,0.5074776,High
23643,0,0,0.14302966,Low
23644,0,0,0.21390426,Medium
23645,0,0,0.2032161,Medium
23646,1,1,0.8442699,Very High
23647,0,0,0.2513935,Medium
23648,0,0,0.088894434,Low
23649,1,0,0.4853039,High
23650,0,1,0.76275015,Very High
23651,0,0,0.34499362,Medium
23652,0,0,0.19603077,Low
23653,1,1,0.66051126,Very High
23654,0,0,0.274897,Medium
23655,1,0,0.26960358,Medium
23656,1,1,0.5452737,High
23657,0,1,0.57060695,High
23658,0,0,0.13648571,Low
23659,0,0,0.40606365,High
23660,0,0,0.16850652,Low
23661,0,0,0.1929771,Low
23662,0,0,0.24261527,Medium
23663,1,1,0.8868995,Very High
23664,1,0,0.25082958,Medium
23665,1,1,0.8806709,Very High
23666,0,1,0.55192244,High
23667,0,0,0.48935297,High
23668,0,0,0.2699001,Medium
23669,0,0,0.25189802,Medium
23670,0,0,0.17535612,Low
23671,0,0,0.39278886,Medium
23672,0,0,0.21853305,Medium
23673,0,1,0.5467076,High
23674,0,0,0.13834034,Low
23675,1,1,0.5352509,High
23676,0,0,0.2646675,Medium
23677,0,0,0.11165238,Low
23678,0,0,0.25014237,Medium
23679,0,0,0.2557449,Medium
23680,0,1,0.570886,High
23681,0,0,0.14003585,Low
23682,0,0,0.068287686,Low
23683,0,0,0.3645476,Medium
23684,0,0,0.19491754,Low
23685,0,0,0.27357817,Medium
23686,0,0,0.28429925,Medium
23687,0,0,0.07949536,Low
23688,1,1,0.9136066,Very High
23689,1,0,0.32968175,Medium
23690,0,0,0.4998993,High
23691,0,0,0.30627894,Medium
23692,1,1,0.91376495,Very High
23693,0,0,0.23377536,Medium
23694,0,0,0.14171973,Low
23695,0,1,0.6203135,Very High
23696,0,0,0.24689752,Medium
23697,1,1,0.6399273,Very High
23698,0,0,0.23791964,Medium
23699,0,1,0.6289458,Very High
23700,0,0,0.43301728,High
23701,0,0,0.20967142,Medium
23702,0,0,0.27503067,Medium
23703,0,0,0.1156272,Low
23704,0,0,0.19823456,Low
23705,1,1,0.89321965,Very High
23706,0,0,0.318822,Medium
23707,0,0,0.18609165,Low
23708,0,0,0.2941725,Medium
23709,0,0,0.2658662,Medium
23710,0,0,0.34494656,Medium
23711,1,1,0.9023859,Very High
23712,0,0,0.22920686,Medium
23713,0,0,0.3861824,Medium
23714,0,0,0.3282018,Medium
23715,0,0,0.2496989,Medium
23716,1,1,0.83887196,Very High
23717,0,1,0.50417954,High
23718,1,0,0.2783455,Medium
23719,0,0,0.10786299,Low
23720,0,0,0.21735568,Medium
23721,0,0,0.2522635,Medium
23722,0,0,0.22744699,Medium
23723,0,0,0.30328098,Medium
23724,1,0,0.31522578,Medium
23725,0,0,0.27328128,Medium
23726,0,0,0.20214133,Medium
23727,0,0,0.3895791,Medium
23728,0,0,0.3499815,Medium
23729,0,0,0.26009685,Medium
23730,0,0,0.29798204,Medium
23731,0,0,0.3184907,Medium
23732,1,0,0.33793327,Medium
23733,1,1,0.8178358,Very High
23734,0,0,0.2988654,Medium
23735,0,0,0.12197314,Low
23736,0,0,0.19956794,Low
23737,1,0,0.41703415,High
23738,0,0,0.18469302,Low
23739,0,0,0.3415764,Medium
23740,1,0,0.36460543,Medium
23741,0,0,0.18981794,Low
23742,1,1,0.55864584,High
23743,0,1,0.8579795,Very High
23744,0,0,0.18266511,Low
23745,0,0,0.15204275,Low
23746,0,1,0.64529985,Very High
23747,0,0,0.26617855,Medium
23748,1,1,0.83986914,Very High
23749,0,1,0.52436703,High
23750,0,0,0.24303778,Medium
23751,0,0,0.22016051,Medium
23752,1,1,0.68978673,Very High
23753,1,0,0.24329317,Medium
23754,0,0,0.45826375,High
23755,0,0,0.18145353,Low
23756,0,0,0.32444522,Medium
23757,0,0,0.07547899,Low
23758,1,0,0.327184,Medium
23759,0,0,0.31074062,Medium
23760,1,1,0.59888905,High
23761,0,0,0.15183012,Low
23762,0,0,0.15668964,Low
23763,0,0,0.3120671,Medium
23764,0,0,0.206692,Medium
23765,0,0,0.27518106,Medium
23766,0,0,0.1859572,Low
23767,0,0,0.39648724,Medium
23768,0,1,0.550299,High
23769,0,0,0.49963787,High
23770,0,0,0.24333006,Medium
23771,0,0,0.08833302,Low
23772,0,0,0.13830619,Low
23773,0,0,0.2013464,Medium
23774,0,0,0.34324154,Medium
23775,0,0,0.35293895,Medium
23776,0,0,0.30379403,Medium
23777,0,0,0.22216022,Medium
23778,1,1,0.8974891,Very High
23779,1,1,0.6456272,Very High
23780,0,0,0.17419854,Low
23781,0,0,0.23224236,Medium
23782,1,1,0.8557295,Very High
23783,0,1,0.61978805,Very High
23784,0,0,0.33141792,Medium
23785,0,0,0.11716946,Low
23786,0,1,0.5883548,High
23787,1,1,0.6409194,Very High
23788,0,1,0.543015,High
23789,0,1,0.5879564,High
23790,0,1,0.6859142,Very High
23791,0,0,0.4508139,High
23792,1,1,0.82335055,Very High
23793,0,0,0.3085911,Medium
23794,0,1,0.61197805,Very High
23795,0,0,0.19335541,Low
23796,0,0,0.27154222,Medium
23797,0,0,0.29342553,Medium
23798,0,0,0.3371537,Medium
23799,1,0,0.44405615,High
23800,0,0,0.0987922,Low
23801,0,0,0.17421159,Low
23802,0,0,0.27194262,Medium
23803,1,1,0.8078817,Very High
23804,0,0,0.19958639,Low
23805,0,0,0.1496503,Low
23806,0,0,0.14772137,Low
23807,0,0,0.16993783,Low
23808,0,0,0.23208457,Medium
23809,0,0,0.42827007,High
23810,0,0,0.24642698,Medium
23811,0,0,0.24673398,Medium
23812,1,1,0.78172934,Very High
23813,0,0,0.11884558,Low
23814,0,0,0.26996025,Medium
23815,0,0,0.13807523,Low
23816,0,0,0.088644475,Low
23817,0,0,0.31448162,Medium
23818,1,0,0.27106908,Medium
23819,1,1,0.57386136,High
23820,0,0,0.35781226,Medium
23821,0,0,0.2922306,Medium
23822,1,1,0.82924724,Very High
23823,1,1,0.67147815,Very High
23824,0,0,0.26018742,Medium
23825,0,0,0.31238586,Medium
23826,0,1,0.6264181,Very High
23827,0,0,0.20388576,Medium
23828,1,1,0.8175588,Very High
23829,0,0,0.20486124,Medium
23830,0,0,0.29147997,Medium
23831,0,0,0.118888445,Low
23832,0,0,0.08353615,Low
23833,0,0,0.19297943,Low
23834,0,1,0.84986585,Very High
23835,0,0,0.41202402,High
23836,0,0,0.42187238,High
23837,0,0,0.32733935,Medium
23838,0,0,0.14443421,Low
23839,1,0,0.3255139,Medium
23840,0,0,0.15615273,Low
23841,0,0,0.2805072,Medium
23842,0,0,0.204245,Medium
23843,1,0,0.28982598,Medium
23844,0,0,0.21964146,Medium
23845,0,1,0.61978805,Very High
23846,0,0,0.3050751,Medium
23847,0,0,0.28752115,Medium
23848,0,0,0.3854526,Medium
23849,0,0,0.26642364,Medium
23850,0,1,0.7173449,Very High
23851,0,0,0.4668277,High
23852,0,1,0.52923423,High
23853,1,1,0.8990062,Very High
23854,0,0,0.15869668,Low
23855,0,0,0.2651946,Medium
23856,0,0,0.21511641,Medium
23857,1,1,0.82221746,Very High
23858,0,1,0.6170544,Very High
23859,0,0,0.23402865,Medium
23860,0,0,0.13083059,Low
23861,0,0,0.15936552,Low
23862,0,0,0.18050313,Low
23863,0,0,0.36860895,Medium
23864,1,1,0.89773077,Very High
23865,0,1,0.72925234,Very High
23866,1,1,0.8493178,Very High
23867,0,0,0.32332426,Medium
23868,0,0,0.20292374,Medium
23869,0,0,0.42661336,High
23870,0,0,0.47129786,High
23871,0,0,0.19740975,Low
23872,0,1,0.5195569,High
23873,0,0,0.11845131,Low
23874,0,0,0.24640842,Medium
23875,1,1,0.8478264,Very High
23876,0,0,0.19935533,Low
23877,0,0,0.41028976,High
23878,0,0,0.4757165,High
23879,0,0,0.2685563,Medium
23880,0,0,0.21210799,Medium
23881,0,1,0.5291041,High
23882,0,0,0.2192346,Medium
23883,0,0,0.16115977,Low
23884,0,0,0.4658815,High
23885,1,0,0.49893215,High
23886,1,1,0.55343163,High
23887,0,0,0.07382628,Low
23888,0,0,0.4317608,High
23889,0,0,0.31226772,Medium
23890,0,0,0.4398581,High
23891,0,0,0.33451587,Medium
23892,0,1,0.5575532,High
23893,0,0,0.14706297,Low
23894,0,0,0.18591014,Low
23895,0,0,0.3235713,Medium
23896,1,1,0.66174483,Very High
23897,0,0,0.16955078,Low
23898,0,0,0.32865152,Medium
23899,1,1,0.78645754,Very High
23900,1,1,0.88667905,Very High
23901,0,0,0.3995295,Medium
23902,0,0,0.148161,Low
23903,0,0,0.32606414,Medium
23904,0,0,0.46447402,High
23905,1,1,0.74867606,Very High
23906,0,0,0.3641664,Medium
23907,0,0,0.31779146,Medium
23908,1,0,0.32086465,Medium
23909,0,0,0.23904079,Medium
23910,0,1,0.767124,Very High
23911,1,0,0.18671943,Low
23912,0,0,0.12963654,Low
23913,0,0,0.44410378,High
23914,0,1,0.5122876,High
23915,0,0,0.3138198,Medium
23916,0,0,0.2449941,Medium
23917,0,0,0.108021505,Low
23918,0,0,0.28550422,Medium
23919,1,1,0.67639345,Very High
23920,0,1,0.8503904,Very High
23921,1,0,0.32717782,Medium
23922,0,0,0.39142907,Medium
23923,0,0,0.22428857,Medium
23924,0,1,0.52698505,High
23925,0,0,0.21122964,Medium
23926,0,0,0.35988894,Medium
23927,0,1,0.6672401,Very High
23928,0,0,0.19571456,Low
23929,0,0,0.37530604,Medium
23930,0,0,0.2945619,Medium
23931,0,0,0.14308277,Low
23932,0,1,0.674614,Very High
23933,0,0,0.34879845,Medium
23934,0,0,0.30245844,Medium
23935,1,1,0.8679885,Very High
23936,0,0,0.16063114,Low
23937,0,1,0.8144951,Very High
23938,0,0,0.15453675,Low
23939,1,1,0.89580554,Very High
23940,1,1,0.5756916,High
23941,0,0,0.25247943,Medium
23942,0,0,0.34782007,Medium
23943,0,0,0.34177217,Medium
23944,0,1,0.7628326,Very High
23945,0,0,0.33893573,Medium
23946,0,0,0.22566374,Medium
23947,0,0,0.23938113,Medium
23948,0,0,0.20593081,Medium
23949,0,0,0.3126036,Medium
23950,1,1,0.7847566,Very High
23951,0,1,0.59850794,High
23952,0,0,0.37321573,Medium
23953,1,1,0.6065295,Very High
23954,1,0,0.27753997,Medium
23955,0,0,0.3784472,Medium
23956,0,0,0.4283326,High
23957,0,0,0.22270142,Medium
23958,0,0,0.39546275,Medium
23959,0,1,0.5842205,High
23960,0,0,0.47676262,High
23961,0,1,0.60959834,Very High
23962,1,0,0.30879384,Medium
23963,0,0,0.1418792,Low
23964,1,0,0.397874,Medium
23965,0,1,0.74264026,Very High
23966,0,0,0.3570887,Medium
23967,1,0,0.3606593,Medium
23968,0,0,0.083944544,Low
23969,1,1,0.68335545,Very High
23970,0,0,0.14192072,Low
23971,0,1,0.5198397,High
23972,0,0,0.30910817,Medium
23973,0,0,0.40831134,High
23974,0,0,0.22985521,Medium
23975,0,0,0.22301368,Medium
23976,0,0,0.30814755,Medium
23977,0,0,0.18502547,Low
23978,0,0,0.16647384,Low
23979,0,1,0.5679149,High
23980,1,1,0.8685857,Very High
23981,0,0,0.26633337,Medium
23982,0,1,0.5609801,High
23983,0,0,0.345723,Medium
23984,0,0,0.2888973,Medium
23985,0,0,0.078878984,Low
23986,1,0,0.26635236,Medium
23987,0,1,0.6641304,Very High
23988,0,0,0.083191305,Low
23989,0,0,0.4852069,High
23990,0,0,0.18883008,Low
23991,0,0,0.30123764,Medium
23992,0,0,0.4732736,High
23993,0,0,0.31666586,Medium
23994,0,0,0.47724223,High
23995,0,0,0.34858498,Medium
23996,0,1,0.6864897,Very High
23997,0,0,0.3546737,Medium
23998,0,0,0.345418,Medium
23999,0,0,0.24684599,Medium
24000,1,0,0.30180824,Medium
24001,0,1,0.83042,Very High
24002,1,0,0.30671513,Medium
24003,0,0,0.107191056,Low
24004,0,0,0.3939536,Medium
24005,0,0,0.25368235,Medium
24006,0,0,0.17691053,Low
24007,0,0,0.28769234,Medium
24008,0,0,0.11896664,Low
24009,0,0,0.19861457,Low
24010,0,1,0.53907937,High
24011,0,0,0.3018655,Medium
24012,1,1,0.8258533,Very High
24013,1,1,0.82770914,Very High
24014,1,1,0.8432961,Very High
24015,0,0,0.2932467,Medium
24016,0,0,0.42739317,High
24017,0,0,0.274314,Medium
24018,0,0,0.22335847,Medium
24019,0,0,0.116662644,Low
24020,0,0,0.19913806,Low
24021,1,1,0.62800163,Very High
24022,0,1,0.56715816,High
24023,0,1,0.7858101,Very High
24024,0,0,0.0666543,Low
24025,1,1,0.8468753,Very High
24026,1,1,0.90782,Very High
24027,0,0,0.3607646,Medium
24028,0,0,0.3354161,Medium
24029,0,0,0.48816684,High
24030,1,0,0.22406334,Medium
24031,0,0,0.23975074,Medium
24032,0,0,0.31443286,Medium
24033,1,1,0.7157635,Very High
24034,0,0,0.23139496,Medium
24035,1,1,0.77112156,Very High
24036,0,0,0.4691399,High
24037,0,0,0.15720229,Low
24038,0,0,0.14436449,Low
24039,1,1,0.82307214,Very High
24040,1,1,0.8286017,Very High
24041,0,0,0.18528765,Low
24042,1,1,0.8945467,Very High
24043,0,0,0.47384977,High
24044,0,0,0.23755294,Medium
24045,0,0,0.30901787,Medium
24046,0,0,0.28104326,Medium
24047,0,0,0.21001245,Medium
24048,0,0,0.29849654,Medium
24049,0,0,0.2276193,Medium
24050,0,0,0.32135966,Medium
24051,0,0,0.048632186,Low
24052,0,0,0.3146411,Medium
24053,0,0,0.3569036,Medium
24054,0,0,0.12724765,Low
24055,0,0,0.3113467,Medium
24056,0,1,0.56779486,High
24057,1,1,0.82771546,Very High
24058,0,0,0.12734826,Low
24059,0,0,0.14036512,Low
24060,0,0,0.21556756,Medium
24061,0,0,0.1928729,Low
24062,0,0,0.14916967,Low
24063,0,1,0.5842893,High
24064,0,0,0.1587549,Low
24065,0,0,0.2531927,Medium
24066,0,0,0.2653412,Medium
24067,0,0,0.18666218,Low
24068,0,0,0.075349204,Low
24069,0,0,0.28693244,Medium
24070,0,0,0.39226076,Medium
24071,0,0,0.30194107,Medium
24072,0,0,0.22387037,Medium
24073,0,0,0.18909822,Low
24074,0,0,0.23419742,Medium
24075,0,0,0.41031027,High
24076,0,1,0.9066182,Very High
24077,0,0,0.21443532,Medium
24078,0,0,0.0839885,Low
24079,0,0,0.16171467,Low
24080,0,0,0.37002176,Medium
24081,0,0,0.23797828,Medium
24082,0,0,0.25865635,Medium
24083,0,1,0.6467702,Very High
24084,0,0,0.20300467,Medium
24085,0,0,0.10774186,Low
24086,0,0,0.08148813,Low
24087,0,0,0.3089558,Medium
24088,0,0,0.3896586,Medium
24089,0,0,0.24821497,Medium
24090,0,0,0.2072807,Medium
24091,0,0,0.11566923,Low
24092,0,0,0.32227746,Medium
24093,0,1,0.8537828,Very High
24094,1,1,0.87182885,Very High
24095,0,0,0.0798752,Low
24096,0,0,0.26661116,Medium
24097,0,0,0.386769,Medium
24098,0,0,0.29034793,Medium
24099,0,0,0.07498453,Low
24100,0,0,0.19710644,Low
24101,1,1,0.5132325,High
24102,0,0,0.13416675,Low
24103,1,1,0.68086815,Very High
24104,0,0,0.1756435,Low
24105,0,0,0.1665852,Low
24106,0,0,0.38878986,Medium
24107,0,0,0.4646583,High
24108,0,0,0.17589088,Low
24109,0,1,0.82502764,Very High
24110,1,1,0.55445296,High
24111,0,0,0.4298036,High
24112,0,0,0.13902214,Low
24113,0,1,0.5195569,High
24114,0,0,0.3386994,Medium
24115,0,0,0.17322093,Low
24116,0,0,0.46325287,High
24117,0,0,0.13721517,Low
24118,0,0,0.072632305,Low
24119,0,0,0.08896853,Low
24120,0,0,0.0850287,Low
24121,0,0,0.29861385,Medium
24122,0,0,0.21344264,Medium
24123,0,1,0.56525,High
24124,0,0,0.4304524,High
24125,0,0,0.3290516,Medium
24126,0,0,0.24926871,Medium
24127,1,1,0.8446092,Very High
24128,0,0,0.48655656,High
24129,0,0,0.24872498,Medium
24130,0,0,0.23234469,Medium
24131,0,1,0.7971568,Very High
24132,0,0,0.24629553,Medium
24133,1,1,0.7039734,Very High
24134,0,0,0.16277047,Low
24135,0,0,0.19584054,Low
24136,1,0,0.1686153,Low
24137,0,0,0.12259943,Low
24138,0,0,0.16767499,Low
24139,0,0,0.29314554,Medium
24140,1,0,0.33126655,Medium
24141,0,0,0.4585695,High
24142,0,0,0.19686365,Low
24143,0,0,0.29684007,Medium
24144,0,0,0.36340636,Medium
24145,0,0,0.31205347,Medium
24146,0,0,0.118858814,Low
24147,0,0,0.21631756,Medium
24148,1,0,0.3653213,Medium
24149,0,0,0.30739614,Medium
24150,0,0,0.14116041,Low
24151,0,0,0.19495685,Low
24152,0,0,0.30701464,Medium
24153,0,0,0.11385883,Low
24154,0,0,0.3176377,Medium
24155,1,1,0.85509974,Very High
24156,1,1,0.9174715,Very High
24157,0,0,0.28455904,Medium
24158,0,1,0.5268119,High
24159,0,0,0.17235495,Low
24160,0,1,0.7486805,Very High
24161,0,0,0.11640719,Low
24162,0,0,0.11643416,Low
24163,0,0,0.23301683,Medium
24164,0,0,0.16248594,Low
24165,1,1,0.84226024,Very High
24166,1,1,0.87659746,Very High
24167,0,0,0.24199875,Medium
24168,1,1,0.9187987,Very High
24169,0,1,0.8784189,Very High
24170,0,0,0.16642706,Low
24171,1,0,0.3505928,Medium
24172,0,0,0.117352486,Low
24173,0,1,0.69668156,Very High
24174,0,0,0.17137744,Low
24175,0,0,0.1135746,Low
24176,0,0,0.3083983,Medium
24177,0,0,0.44308484,High
24178,0,0,0.19070335,Low
24179,0,1,0.6097309,Very High
24180,0,0,0.059388053,Low
24181,0,0,0.32566425,Medium
24182,0,0,0.17448127,Low
24183,0,0,0.069144964,Low
24184,0,0,0.20012757,Medium
24185,0,0,0.16468157,Low
24186,1,0,0.40535408,High
24187,0,0,0.49486318,High
24188,0,0,0.32498392,Medium
24189,1,0,0.27510116,Medium
24190,0,0,0.116736405,Low
24191,0,0,0.09543612,Low
24192,1,0,0.4526259,High
24193,1,1,0.7582064,Very High
24194,1,0,0.49008498,High
24195,0,0,0.40625715,High
24196,0,0,0.3375404,Medium
24197,0,0,0.4166159,High
24198,1,1,0.8808583,Very High
24199,0,1,0.5713566,High
24200,1,1,0.70748365,Very High
24201,0,0,0.14294842,Low
24202,0,0,0.19853777,Low
24203,0,0,0.16939558,Low
24204,0,0,0.15077263,Low
24205,1,0,0.21250165,Medium
24206,0,0,0.2577187,Medium
24207,0,0,0.15024272,Low
24208,0,0,0.15133038,Low
24209,0,0,0.4527322,High
24210,0,0,0.2613456,Medium
24211,0,0,0.08339231,Low
24212,0,0,0.1163205,Low
24213,0,0,0.17419302,Low
24214,0,0,0.33566374,Medium
24215,0,0,0.42683887,High
24216,0,0,0.15024933,Low
24217,1,0,0.4314551,High
24218,0,1,0.5475778,High
24219,1,1,0.8181177,Very High
24220,0,1,0.5027217,High
24221,0,0,0.090267465,Low
24222,0,0,0.26636305,Medium
24223,0,0,0.13190721,Low
24224,0,0,0.060059443,Low
24225,0,0,0.1166135,Low
24226,0,0,0.31213105,Medium
24227,1,1,0.6366837,Very High
24228,0,0,0.1380725,Low
24229,1,1,0.67195994,Very High
24230,1,1,0.8731193,Very High
24231,0,0,0.3572706,Medium
24232,0,0,0.19352601,Low
24233,1,1,0.53495073,High
24234,0,0,0.17356542,Low
24235,0,0,0.17345913,Low
24236,0,0,0.32087117,Medium
24237,1,1,0.8261426,Very High
24238,0,0,0.27292842,Medium
24239,0,0,0.31090218,Medium
24240,0,0,0.47834167,High
24241,0,0,0.09858786,Low
24242,0,0,0.17243746,Low
24243,0,0,0.3108786,Medium
24244,0,0,0.09998408,Low
24245,0,0,0.11258691,Low
24246,0,0,0.29536343,Medium
24247,0,0,0.29308313,Medium
24248,0,0,0.19258022,Low
24249,1,1,0.6383002,Very High
24250,0,0,0.10605097,Low
24251,0,1,0.6025613,Very High
24252,0,0,0.12669119,Low
24253,1,1,0.8616365,Very High
24254,0,0,0.16337034,Low
24255,1,0,0.32398596,Medium
24256,1,0,0.16959211,Low
24257,0,1,0.8097869,Very High
24258,1,1,0.7809541,Very High
24259,0,0,0.48647925,High
24260,0,0,0.2028894,Medium
24261,0,0,0.13020106,Low
24262,1,0,0.15505624,Low
24263,0,0,0.22595353,Medium
24264,1,0,0.24752472,Medium
24265,0,0,0.42813534,High
24266,0,0,0.08197687,Low
24267,0,0,0.27480626,Medium
24268,1,1,0.54528856,High
24269,0,0,0.2526575,Medium
24270,1,0,0.3274191,Medium
24271,0,0,0.3174783,Medium
24272,1,1,0.85188466,Very High
24273,0,0,0.17386818,Low
24274,0,0,0.14918308,Low
24275,0,0,0.09303018,Low
24276,0,0,0.14571546,Low
24277,0,0,0.17733414,Low
24278,0,0,0.39931917,Medium
24279,1,0,0.1697439,Low
24280,0,0,0.2798161,Medium
24281,0,0,0.23764408,Medium
24282,0,0,0.14245902,Low
24283,0,0,0.27275753,Medium
24284,0,0,0.21828549,Medium
24285,0,0,0.2048084,Medium
24286,0,0,0.41849455,High
24287,0,1,0.8634489,Very High
24288,0,0,0.14973803,Low
24289,0,0,0.13332328,Low
24290,0,0,0.1696433,Low
24291,0,0,0.11966377,Low
24292,0,0,0.37358502,Medium
24293,0,0,0.17687143,Low
24294,0,0,0.3390589,Medium
24295,0,1,0.5371019,High
24296,0,0,0.46433443,High
24297,0,0,0.36828545,Medium
24298,1,1,0.8742629,Very High
24299,0,1,0.5294955,High
24300,0,1,0.5479177,High
24301,0,0,0.24161913,Medium
24302,0,0,0.13194256,Low
24303,1,1,0.8677971,Very High
24304,1,1,0.7353647,Very High
24305,0,0,0.2655433,Medium
24306,0,0,0.13530195,Low
24307,0,0,0.12423944,Low
24308,0,1,0.5891941,High
24309,0,0,0.20823605,Medium
24310,0,0,0.16320062,Low
24311,1,0,0.3420987,Medium
24312,0,0,0.052021842,Low
24313,0,0,0.15093559,Low
24314,0,0,0.18247026,Low
24315,0,0,0.14065745,Low
24316,1,1,0.7513624,Very High
24317,0,0,0.44738442,High
24318,0,1,0.59663403,High
24319,0,0,0.43407744,High
24320,1,1,0.64340276,Very High
24321,0,0,0.10810355,Low
24322,0,0,0.25642908,Medium
24323,0,0,0.47224712,High
24324,0,0,0.4819499,High
24325,1,1,0.77725,Very High
24326,0,0,0.24851577,Medium
24327,0,0,0.3622864,Medium
24328,1,1,0.9096336,Very High
24329,0,0,0.17274313,Low
24330,1,1,0.7472893,Very High
24331,1,1,0.7186968,Very High
24332,0,0,0.18925926,Low
24333,1,1,0.8512829,Very High
24334,0,0,0.4762104,High
24335,1,0,0.32763192,Medium
24336,0,0,0.3583053,Medium
24337,0,0,0.1757828,Low
24338,0,1,0.5678851,High
24339,0,0,0.4146668,High
24340,0,0,0.17325431,Low
24341,0,0,0.2826066,Medium
24342,1,1,0.8770729,Very High
24343,1,1,0.6290096,Very High
24344,0,0,0.1571825,Low
24345,0,0,0.09062042,Low
24346,1,1,0.9434419,Very High
24347,0,0,0.12126315,Low
24348,0,0,0.18016031,Low
24349,0,0,0.08595693,Low
24350,0,0,0.40547934,High
24351,1,1,0.8199556,Very High
24352,1,0,0.18846391,Low
24353,0,0,0.18720885,Low
24354,0,0,0.19863535,Low
24355,0,1,0.526881,High
24356,0,0,0.39068934,Medium
24357,0,0,0.3192491,Medium
24358,0,0,0.12503007,Low
24359,0,0,0.06059837,Low
24360,1,1,0.8270596,Very High
24361,0,0,0.30366263,Medium
24362,0,1,0.6427922,Very High
24363,0,0,0.48202303,High
24364,0,1,0.6107639,Very High
24365,0,0,0.27877024,Medium
24366,0,0,0.28711656,Medium
24367,0,1,0.6529138,Very High
24368,0,0,0.30261505,Medium
24369,0,1,0.57013977,High
24370,0,0,0.24682121,Medium
24371,1,0,0.36620155,Medium
24372,0,0,0.20686959,Medium
24373,0,1,0.61062163,Very High
24374,0,0,0.16666743,Low
24375,0,0,0.22472195,Medium
24376,0,0,0.17703362,Low
24377,0,1,0.6077543,Very High
24378,0,0,0.19244695,Low
24379,0,1,0.58570945,High
24380,0,0,0.24002923,Medium
24381,0,0,0.16468641,Low
24382,0,1,0.83921605,Very High
24383,1,1,0.7390436,Very High
24384,0,0,0.29424676,Medium
24385,0,0,0.10166016,Low
24386,0,0,0.22106694,Medium
24387,0,0,0.44700703,High
24388,0,0,0.1328486,Low
24389,0,0,0.17784993,Low
24390,0,0,0.23231612,Medium
24391,1,0,0.3033394,Medium
24392,0,0,0.2370237,Medium
24393,1,0,0.2884586,Medium
24394,0,0,0.32467815,Medium
24395,1,1,0.64094335,Very High
24396,0,1,0.6882213,Very High
24397,1,1,0.5938941,High
24398,1,1,0.9122188,Very High
24399,0,0,0.48320216,High
24400,0,0,0.17093493,Low
24401,1,1,0.8964821,Very High
24402,0,0,0.26044294,Medium
24403,0,0,0.08728561,Low
24404,0,0,0.3223047,Medium
24405,0,0,0.28134313,Medium
24406,1,1,0.64091253,Very High
24407,0,0,0.31637853,Medium
24408,1,0,0.25325623,Medium
24409,0,0,0.11496359,Low
24410,1,0,0.31799436,Medium
24411,0,1,0.50730366,High
24412,0,0,0.39932495,Medium
24413,1,1,0.71275395,Very High
24414,0,0,0.292381,Medium
24415,0,0,0.18935467,Low
24416,0,0,0.3545803,Medium
24417,0,0,0.0974732,Low
24418,0,0,0.17700829,Low
24419,0,1,0.5225755,High
24420,0,0,0.23364212,Medium
24421,0,0,0.24136345,Medium
24422,0,0,0.33098745,Medium
24423,0,1,0.8577092,Very High
24424,0,1,0.8530199,Very High
24425,0,1,0.53990847,High
24426,0,0,0.21175495,Medium
24427,0,0,0.34442508,Medium
24428,0,0,0.20635934,Medium
24429,0,1,0.5173049,High
24430,1,0,0.2987404,Medium
24431,0,1,0.5281082,High
24432,1,0,0.2899296,Medium
24433,0,0,0.1875989,Low
24434,0,0,0.21335927,Medium
24435,1,0,0.36161283,Medium
24436,1,1,0.5707443,High
24437,0,0,0.34262073,Medium
24438,0,0,0.14881681,Low
24439,0,0,0.2665727,Medium
24440,0,0,0.07285575,Low
24441,0,1,0.7440221,Very High
24442,0,0,0.39794174,Medium
24443,0,0,0.13923374,Low
24444,0,0,0.2950952,Medium
24445,0,0,0.19669291,Low
24446,1,0,0.31513914,Medium
24447,0,0,0.060881544,Low
24448,0,0,0.0792371,Low
24449,1,1,0.88961005,Very High
24450,0,1,0.59027874,High
24451,1,0,0.37148887,Medium
24452,1,0,0.35882574,Medium
24453,0,0,0.11012809,Low
24454,0,0,0.086041056,Low
24455,0,0,0.23420337,Medium
24456,1,1,0.5974221,High
24457,0,0,0.33946654,Medium
24458,0,1,0.5585133,High
24459,1,1,0.8971996,Very High
24460,0,1,0.5029146,High
24461,0,0,0.15610439,Low
24462,0,0,0.3755257,Medium
24463,0,0,0.13890833,Low
24464,0,0,0.18957683,Low
24465,0,0,0.14516221,Low
24466,1,0,0.25662196,Medium
24467,1,0,0.2363235,Medium
24468,0,0,0.14736095,Low
24469,0,0,0.29988158,Medium
24470,1,0,0.18557255,Low
24471,0,0,0.12856439,Low
24472,1,1,0.83308285,Very High
24473,0,0,0.10791558,Low
24474,0,0,0.22175024,Medium
24475,0,0,0.2807689,Medium
24476,0,0,0.42657736,High
24477,0,0,0.10531555,Low
24478,0,0,0.112523586,Low
24479,1,1,0.9056432,Very High
24480,0,0,0.33817348,Medium
24481,0,0,0.31737417,Medium
24482,1,1,0.65072817,Very High
24483,0,0,0.36501732,Medium
24484,1,1,0.5885407,High
24485,0,0,0.4150198,High
24486,0,0,0.2576422,Medium
24487,0,0,0.08002543,Low
24488,1,1,0.5694574,High
24489,0,0,0.36910814,Medium
24490,0,0,0.09691097,Low
24491,0,0,0.2418428,Medium
24492,0,0,0.0706579,Low
24493,0,0,0.14317255,Low
24494,0,1,0.6994484,Very High
24495,0,0,0.46085417,High
24496,0,0,0.14786401,Low
24497,0,0,0.12160312,Low
24498,1,1,0.6273503,Very High
24499,0,0,0.26872757,Medium
24500,0,1,0.79524684,Very High
24501,0,1,0.56448185,High
24502,0,0,0.49282262,High
24503,0,1,0.7322333,Very High
24504,0,0,0.24320105,Medium
24505,1,1,0.6512288,Very High
24506,0,0,0.3890714,Medium
24507,0,1,0.636472,Very High
24508,0,0,0.073889226,Low
24509,0,0,0.34080282,Medium
24510,0,0,0.15363246,Low
24511,0,0,0.3107196,Medium
24512,0,0,0.4736045,High
24513,0,0,0.19524197,Low
24514,0,0,0.11250872,Low
24515,0,0,0.29376552,Medium
24516,0,0,0.42358226,High
24517,0,0,0.35305783,Medium
24518,0,0,0.17416301,Low
24519,0,1,0.6468741,Very High
24520,0,0,0.08488254,Low
24521,0,0,0.32717195,Medium
24522,0,0,0.14009453,Low
24523,0,0,0.25570443,Medium
24524,0,0,0.2396393,Medium
24525,1,0,0.27467257,Medium
24526,1,0,0.32208046,Medium
24527,0,0,0.16303486,Low
24528,1,1,0.853337,Very High
24529,0,0,0.14178054,Low
24530,1,0,0.43116924,High
24531,0,0,0.2888102,Medium
24532,1,0,0.37184745,Medium
24533,0,0,0.3987506,Medium
24534,0,0,0.14172849,Low
24535,1,1,0.5751067,High
24536,0,0,0.42779267,High
24537,0,0,0.16198939,Low
24538,0,0,0.41911498,High
24539,0,0,0.32551086,Medium
24540,0,0,0.10069308,Low
24541,0,0,0.13881788,Low
24542,0,0,0.15098734,Low
24543,1,0,0.20728704,Medium
24544,0,0,0.21946798,Medium
24545,1,1,0.61556816,Very High
24546,0,0,0.05643143,Low
24547,0,0,0.21702099,Medium
24548,0,0,0.11269152,Low
24549,0,0,0.43317255,High
24550,0,0,0.24162965,Medium
24551,0,1,0.5194448,High
24552,1,0,0.12845042,Low
24553,0,1,0.68050057,Very High
24554,0,0,0.1296928,Low
24555,0,0,0.26078716,Medium
24556,0,0,0.24934423,Medium
24557,1,0,0.3749848,Medium
24558,0,0,0.22358207,Medium
24559,1,1,0.9152674,Very High
24560,0,0,0.21918426,Medium
24561,0,1,0.6454695,Very High
24562,0,0,0.26533198,Medium
24563,0,0,0.1300526,Low
24564,0,0,0.12615316,Low
24565,0,0,0.17467925,Low
24566,0,1,0.5494534,High
24567,0,0,0.15782377,Low
24568,0,0,0.17982168,Low
24569,0,1,0.55339634,High
24570,0,1,0.79218376,Very High
24571,1,1,0.8887372,Very High
24572,0,0,0.3540951,Medium
24573,0,0,0.37170675,Medium
24574,1,1,0.62575275,Very High
24575,0,0,0.21508892,Medium
24576,0,0,0.284251,Medium
24577,0,0,0.10833452,Low
24578,0,0,0.4853168,High
24579,0,0,0.38038936,Medium
24580,0,0,0.22989103,Medium
24581,1,0,0.39065593,Medium
24582,0,0,0.21223906,Medium
24583,0,1,0.60178584,Very High
24584,1,0,0.408402,High
24585,0,0,0.34939662,Medium
24586,0,0,0.2723148,Medium
24587,0,0,0.3791962,Medium
24588,0,0,0.096505664,Low
24589,0,0,0.32026598,Medium
24590,0,0,0.35772973,Medium
24591,1,1,0.7187122,Very High
24592,0,0,0.23491426,Medium
24593,1,0,0.4083352,High
24594,0,0,0.33583578,Medium
24595,1,1,0.6634989,Very High
24596,0,0,0.09110887,Low
24597,1,0,0.38637885,Medium
24598,0,0,0.13930972,Low
24599,1,1,0.8821136,Very High
24600,0,0,0.10907716,Low
24601,1,1,0.8649735,Very High
24602,1,1,0.7756289,Very High
24603,0,0,0.08745906,Low
24604,1,0,0.42867765,High
24605,0,0,0.22686848,Medium
24606,0,0,0.14290985,Low
24607,0,0,0.1150829,Low
24608,0,1,0.7857129,Very High
24609,0,0,0.43877265,High
24610,0,0,0.22918531,Medium
24611,0,0,0.16967772,Low
24612,0,0,0.21878721,Medium
24613,0,0,0.35374236,Medium
24614,0,0,0.109912,Low
24615,0,0,0.11957092,Low
24616,0,0,0.2625172,Medium
24617,1,0,0.27734256,Medium
24618,1,1,0.5731799,High
24619,0,0,0.35916853,Medium
24620,0,0,0.3196058,Medium
24621,0,0,0.3302721,Medium
24622,0,0,0.22774482,Medium
24623,0,0,0.13506271,Low
24624,0,0,0.17242183,Low
24625,1,0,0.2972496,Medium
24626,0,0,0.15469639,Low
24627,1,0,0.324335,Medium
24628,0,1,0.81439966,Very High
24629,0,0,0.28945437,Medium
24630,1,0,0.28486592,Medium
24631,0,0,0.3224402,Medium
24632,0,0,0.33251363,Medium
24633,0,0,0.27851272,Medium
24634,0,0,0.14189334,Low
24635,0,0,0.2424576,Medium
24636,1,0,0.29560325,Medium
24637,1,0,0.34406456,Medium
24638,0,0,0.10028557,Low
24639,0,0,0.32780796,Medium
24640,0,0,0.2986107,Medium
24641,0,0,0.19460438,Low
24642,0,0,0.17772384,Low
24643,0,0,0.07327038,Low
24644,1,0,0.3439157,Medium
24645,0,1,0.5923872,High
24646,0,0,0.25542274,Medium
24647,1,0,0.27685815,Medium
24648,0,0,0.27776965,Medium
24649,0,0,0.08900058,Low
24650,0,0,0.38117313,Medium
24651,0,1,0.599472,High
24652,0,0,0.2385063,Medium
24653,0,0,0.29010838,Medium
24654,0,0,0.123568095,Low
24655,0,0,0.26061833,Medium
24656,1,0,0.15095797,Low
24657,0,1,0.5886227,High
24658,0,0,0.22584316,Medium
24659,0,0,0.19105124,Low
24660,0,0,0.25706366,Medium
24661,0,0,0.37732425,Medium
24662,0,0,0.24339108,Medium
24663,0,0,0.17390321,Low
24664,1,0,0.2918804,Medium
24665,1,1,0.70786524,Very High
24666,0,1,0.7713399,Very High
24667,0,1,0.65234286,Very High
24668,0,0,0.20916697,Medium
24669,1,0,0.40002307,High
24670,0,0,0.1951344,Low
24671,0,0,0.28987285,Medium
24672,0,0,0.3439326,Medium
24673,1,1,0.58002305,High
24674,0,0,0.15424633,Low
24675,1,1,0.86438316,Very High
24676,0,0,0.23830618,Medium
24677,0,1,0.8750019,Very High
24678,1,1,0.6042647,Very High
24679,0,0,0.112976715,Low
24680,1,1,0.75021565,Very High
24681,0,0,0.24040282,Medium
24682,0,0,0.07464515,Low
24683,0,0,0.07948089,Low
24684,0,0,0.37312937,Medium
24685,1,1,0.82832956,Very High
24686,1,0,0.18462093,Low
24687,0,0,0.16308543,Low
24688,1,0,0.4467162,High
24689,0,0,0.18328665,Low
24690,0,0,0.23237939,Medium
24691,0,0,0.30541703,Medium
24692,0,0,0.32773462,Medium
24693,0,1,0.5662257,High
24694,0,0,0.121869825,Low
24695,0,0,0.2526859,Medium
24696,0,0,0.24892189,Medium
24697,0,0,0.27607077,Medium
24698,1,1,0.84476215,Very High
24699,0,0,0.38523105,Medium
24700,0,0,0.051385425,Low
24701,0,0,0.10941638,Low
24702,0,0,0.09201284,Low
24703,0,0,0.16036421,Low
24704,0,0,0.4690469,High
24705,1,1,0.62997,Very High
24706,0,0,0.101601586,Low
24707,0,0,0.28944755,Medium
24708,0,0,0.18316472,Low
24709,0,1,0.8318472,Very High
24710,0,0,0.49238473,High
24711,1,0,0.36963665,Medium
24712,0,1,0.8274187,Very High
24713,1,1,0.70584726,Very High
24714,0,0,0.1663997,Low
24715,0,1,0.7055216,Very High
24716,0,0,0.41579226,High
24717,1,1,0.89563453,Very High
24718,0,1,0.5525769,High
24719,0,0,0.3133649,Medium
24720,0,0,0.07235326,Low
24721,0,0,0.07141485,Low
24722,0,0,0.42200634,High
24723,0,1,0.51186246,High
24724,1,1,0.73303735,Very High
24725,0,0,0.3508681,Medium
24726,0,0,0.2982454,Medium
24727,1,0,0.48823154,High
24728,0,1,0.50879925,High
24729,0,0,0.19598387,Low
24730,0,0,0.33150986,Medium
24731,0,0,0.48209077,High
24732,0,0,0.06748264,Low
24733,0,1,0.5904348,High
24734,0,0,0.3799671,Medium
24735,0,0,0.099267945,Low
24736,0,0,0.112974696,Low
24737,0,0,0.35040304,Medium
24738,0,0,0.28868908,Medium
24739,0,0,0.3548394,Medium
24740,0,0,0.27576295,Medium
24741,1,0,0.42994073,High
24742,0,0,0.39042833,Medium
24743,0,0,0.31803286,Medium
24744,0,0,0.35569927,Medium
24745,0,0,0.18038364,Low
24746,0,0,0.44418827,High
24747,0,0,0.05669598,Low
24748,1,1,0.51145864,High
24749,0,0,0.2655163,Medium
24750,0,0,0.42312753,High
24751,1,1,0.86098164,Very High
24752,0,0,0.26624942,Medium
24753,1,1,0.85629004,Very High
24754,0,0,0.31828377,Medium
24755,1,0,0.39369255,Medium
24756,0,0,0.25575137,Medium
24757,0,0,0.16133693,Low
24758,0,0,0.085923165,Low
24759,0,1,0.8682739,Very High
24760,1,1,0.604583,Very High
24761,1,1,0.63659275,Very High
24762,0,0,0.24418044,Medium
24763,0,0,0.09869413,Low
24764,0,0,0.14561705,Low
24765,0,0,0.26767337,Medium
24766,1,1,0.85256284,Very High
24767,0,0,0.06177284,Low
24768,1,1,0.8487805,Very High
24769,1,1,0.73795295,Very High
24770,0,0,0.19257434,Low
24771,0,0,0.051332552,Low
24772,0,0,0.4752076,High
24773,0,0,0.46046996,High
24774,0,0,0.29778695,Medium
24775,1,0,0.26667544,Medium
24776,0,1,0.56435704,High
24777,0,0,0.1648745,Low
24778,0,1,0.50331366,High
24779,0,0,0.08916743,Low
24780,0,0,0.28121707,Medium
24781,0,0,0.111876,Low
24782,1,1,0.77853465,Very High
24783,0,0,0.31384757,Medium
24784,0,0,0.071161,Low
24785,1,1,0.5931355,High
24786,0,0,0.24708648,Medium
24787,0,0,0.27497867,Medium
24788,0,0,0.25876355,Medium
24789,0,0,0.26038265,Medium
24790,0,0,0.4185344,High
24791,0,0,0.21940137,Medium
24792,0,0,0.33085945,Medium
24793,0,0,0.39717424,Medium
24794,1,0,0.43355817,High
24795,1,0,0.27978733,Medium
24796,0,0,0.119352564,Low
24797,0,0,0.47539467,High
24798,0,1,0.80024666,Very High
24799,0,1,0.64807165,Very High
24800,0,1,0.6660205,Very High
24801,0,0,0.28881887,Medium
24802,0,1,0.80020475,Very High
24803,0,0,0.18255353,Low
24804,0,0,0.40440592,High
24805,0,0,0.23104708,Medium
24806,0,0,0.46947098,High
24807,0,0,0.32465595,Medium
24808,0,0,0.16131653,Low
24809,0,0,0.424618,High
24810,1,0,0.3087376,Medium
24811,1,0,0.44945392,High
24812,0,0,0.29588208,Medium
24813,0,0,0.4683543,High
24814,0,0,0.33703792,Medium
24815,0,0,0.343501,Medium
24816,0,0,0.19493552,Low
24817,0,0,0.30113393,Medium
24818,1,1,0.842342,Very High
24819,0,0,0.21140125,Medium
24820,0,0,0.2178001,Medium
24821,0,0,0.34896073,Medium
24822,0,0,0.3313571,Medium
24823,0,0,0.2710239,Medium
24824,0,0,0.25376058,Medium
24825,0,0,0.092382684,Low
24826,0,0,0.059863225,Low
24827,0,0,0.3625918,Medium
24828,1,1,0.8999676,Very High
24829,0,0,0.14356,Low
24830,0,0,0.31382278,Medium
24831,0,0,0.31716016,Medium
24832,0,0,0.14852688,Low
24833,0,0,0.15268257,Low
24834,0,0,0.14079426,Low
24835,1,1,0.7862812,Very High
24836,0,0,0.39101997,Medium
24837,0,0,0.11795268,Low
24838,0,0,0.27838638,Medium
24839,0,0,0.25180224,Medium
24840,0,0,0.29709542,Medium
24841,0,0,0.27041152,Medium
24842,0,0,0.19595125,Low
24843,0,0,0.10880348,Low
24844,0,0,0.07050472,Low
24845,0,1,0.6803117,Very High
24846,0,0,0.22443187,Medium
24847,1,1,0.56779486,High
24848,0,0,0.068397135,Low
24849,0,0,0.14123747,Low
24850,0,0,0.0782584,Low
24851,0,0,0.3716827,Medium
24852,0,0,0.47448277,High
24853,0,1,0.50752324,High
24854,0,0,0.08860767,Low
24855,0,0,0.3472697,Medium
24856,1,0,0.27786222,Medium
24857,1,0,0.26627377,Medium
24858,0,1,0.5231315,High
24859,0,0,0.27391672,Medium
24860,0,0,0.25266206,Medium
24861,0,0,0.35213748,Medium
24862,1,0,0.18938474,Low
24863,0,0,0.34248787,Medium
24864,1,0,0.3784632,Medium
24865,0,0,0.25187874,Medium
24866,1,1,0.6270777,Very High
24867,0,1,0.53242487,High
24868,0,0,0.16993792,Low
24869,0,0,0.1446509,Low
24870,0,0,0.26771855,Medium
24871,1,0,0.38212833,Medium
24872,0,1,0.5001385,High
24873,0,0,0.34535563,Medium
24874,1,1,0.91451365,Very High
24875,0,0,0.07843764,Low
24876,0,0,0.36582667,Medium
24877,1,1,0.8502984,Very High
24878,0,0,0.3140352,Medium
24879,1,1,0.5927679,High
24880,0,0,0.16003284,Low
24881,0,0,0.1768775,Low
24882,0,0,0.14762872,Low
24883,0,0,0.08024251,Low
24884,0,0,0.1639497,Low
24885,0,1,0.68996745,Very High
24886,0,0,0.30237505,Medium
24887,1,0,0.32324064,Medium
24888,0,0,0.31324035,Medium
24889,0,0,0.22552791,Medium
24890,0,1,0.6259454,Very High
24891,0,1,0.6461517,Very High
24892,0,0,0.22950944,Medium
24893,0,0,0.40221557,High
24894,0,0,0.31674403,Medium
24895,0,0,0.116850495,Low
24896,0,0,0.39201513,Medium
24897,0,0,0.13098726,Low
24898,0,0,0.2829837,Medium
24899,0,0,0.27271283,Medium
24900,1,1,0.8133428,Very High
24901,1,0,0.17403653,Low
24902,0,0,0.34613803,Medium
24903,0,0,0.1578671,Low
24904,0,0,0.08409633,Low
24905,0,0,0.13504672,Low
24906,0,0,0.27643955,Medium
24907,0,1,0.7843293,Very High
24908,1,0,0.30199763,Medium
24909,0,0,0.21516761,Medium
24910,0,0,0.15964437,Low
24911,0,0,0.1912254,Low
24912,0,0,0.15048146,Low
24913,1,0,0.31279972,Medium
24914,1,1,0.712047,Very High
24915,0,0,0.08385325,Low
24916,1,0,0.37273416,Medium
24917,1,0,0.1960624,Low
24918,0,0,0.33373994,Medium
24919,0,0,0.10821002,Low
24920,0,1,0.50831974,High
24921,0,0,0.060044345,Low
24922,0,0,0.46521443,High
24923,0,0,0.15859155,Low
24924,0,0,0.084489524,Low
24925,0,0,0.1883977,Low
24926,0,0,0.37167528,Medium
24927,1,1,0.62677634,Very High
24928,0,1,0.57562244,High
24929,0,0,0.26904735,Medium
24930,0,1,0.5737569,High
24931,0,0,0.3253776,Medium
24932,0,0,0.26722077,Medium
24933,0,0,0.26956308,Medium
24934,0,1,0.8736038,Very High
24935,0,0,0.29388556,Medium
24936,0,0,0.14297302,Low
24937,0,0,0.19041611,Low
24938,1,1,0.53804135,High
24939,1,1,0.87763304,Very High
24940,0,0,0.12239006,Low
24941,0,1,0.5434968,High
24942,0,0,0.30664665,Medium
24943,0,0,0.29021206,Medium
24944,1,0,0.2697392,Medium
24945,0,0,0.36253378,Medium
24946,0,0,0.26992822,Medium
24947,0,0,0.110614076,Low
24948,0,0,0.42716756,High
24949,0,0,0.4114395,High
24950,0,0,0.20920606,Medium
24951,0,1,0.6869227,Very High
24952,0,0,0.39314672,Medium
24953,1,0,0.37054095,Medium
24954,1,0,0.34688798,Medium
24955,0,0,0.21214971,Medium
24956,0,0,0.45800096,High
24957,0,0,0.24502634,Medium
24958,0,0,0.15710199,Low
24959,0,0,0.24997926,Medium
24960,0,0,0.23104031,Medium
24961,0,0,0.3781571,Medium
24962,0,0,0.3098885,Medium
24963,1,1,0.70003575,Very High
24964,0,0,0.05606565,Low
24965,0,0,0.4077133,High
24966,0,0,0.25360894,Medium
24967,1,1,0.8457627,Very High
24968,0,0,0.10924442,Low
24969,1,1,0.88108605,Very High
24970,1,1,0.8798714,Very High
24971,0,0,0.41879994,High
24972,0,0,0.1617363,Low
24973,0,0,0.28989232,Medium
24974,0,1,0.86050934,Very High
24975,0,0,0.22082606,Medium
24976,0,0,0.27605087,Medium
24977,0,0,0.18810312,Low
24978,0,0,0.05789122,Low
24979,0,0,0.23944798,Medium
24980,0,0,0.33738753,Medium
24981,0,0,0.19828428,Low
24982,0,1,0.599472,High
24983,0,0,0.31080925,Medium
24984,0,1,0.61723197,Very High
24985,0,0,0.28755084,Medium
24986,0,0,0.15408722,Low
24987,0,0,0.24029057,Medium
24988,0,0,0.12499274,Low
24989,1,1,0.754748,Very High
24990,0,0,0.10703404,Low
24991,0,0,0.2942792,Medium
24992,0,0,0.13774343,Low
24993,1,0,0.47776785,High
24994,0,0,0.20087005,Medium
24995,1,0,0.32844415,Medium
24996,0,0,0.113950685,Low
24997,1,1,0.8669619,Very High
24998,0,0,0.22440784,Medium
24999,0,0,0.33546844,Medium
25000,1,0,0.42853737,High
25001,0,0,0.40638614,High
25002,1,0,0.4743082,High
25003,0,0,0.35117957,Medium
25004,0,0,0.35987678,Medium
25005,0,0,0.3433141,Medium
25006,0,0,0.4835307,High
25007,1,1,0.8581028,Very High
25008,1,1,0.5356075,High
25009,0,1,0.8020869,Very High
25010,0,0,0.07690383,Low
25011,0,0,0.46050784,High
25012,0,0,0.29092702,Medium
25013,0,0,0.16509818,Low
25014,0,0,0.13234067,Low
25015,1,0,0.35167122,Medium
25016,0,1,0.7828891,Very High
25017,0,0,0.24941133,Medium
25018,1,1,0.6158315,Very High
25019,0,0,0.31831077,Medium
25020,0,0,0.34119833,Medium
25021,0,0,0.45956072,High
25022,0,0,0.30010787,Medium
25023,1,0,0.28211612,Medium
25024,0,0,0.39452314,Medium
25025,1,1,0.8959184,Very High
25026,0,0,0.09231971,Low
25027,0,1,0.55858797,High
25028,0,0,0.4439519,High
25029,0,0,0.15246065,Low
25030,0,0,0.19797274,Low
25031,0,0,0.12109882,Low
25032,0,0,0.34302926,Medium
25033,1,1,0.90014577,Very High
25034,1,0,0.43061623,High
25035,0,1,0.6298843,Very High
25036,1,0,0.43065587,High
25037,0,0,0.23663957,Medium
25038,0,0,0.15042716,Low
25039,0,0,0.09512291,Low
25040,0,0,0.27480522,Medium
25041,0,0,0.18037587,Low
25042,0,0,0.15021504,Low
25043,0,1,0.5967438,High
25044,1,1,0.8596424,Very High
25045,0,1,0.5805441,High
25046,0,0,0.34439665,Medium
25047,0,0,0.14433666,Low
25048,1,0,0.13099778,Low
25049,1,1,0.5207874,High
25050,0,0,0.3820412,Medium
25051,1,0,0.20186114,Medium
25052,0,0,0.09714596,Low
25053,0,0,0.3919711,Medium
25054,1,1,0.9321426,Very High
25055,1,0,0.3672894,Medium
25056,0,0,0.14534973,Low
25057,0,0,0.14674886,Low
25058,0,0,0.17194317,Low
25059,0,0,0.13822117,Low
25060,1,0,0.44154277,High
25061,0,0,0.16384545,Low
25062,0,0,0.29186568,Medium
25063,0,1,0.7575507,Very High
25064,1,0,0.36210668,Medium
25065,0,0,0.28299978,Medium
25066,0,0,0.13108176,Low
25067,0,0,0.3858876,Medium
25068,1,0,0.110858984,Low
25069,0,0,0.3202872,Medium
25070,1,1,0.8413415,Very High
25071,0,0,0.35267156,Medium
25072,0,1,0.814392,Very High
25073,0,0,0.3499076,Medium
25074,0,0,0.34345177,Medium
25075,0,0,0.35810813,Medium
25076,0,0,0.16388716,Low
25077,0,0,0.20187694,Medium
25078,0,0,0.4527381,High
25079,0,0,0.14525394,Low
25080,0,0,0.4159161,High
25081,1,0,0.44868714,High
25082,0,0,0.20509347,Medium
25083,0,0,0.12689264,Low
25084,0,1,0.60620904,Very High
25085,0,1,0.6041626,Very High
25086,1,0,0.38262975,Medium
25087,0,0,0.35285902,Medium
25088,0,0,0.12771669,Low
25089,0,0,0.21524046,Medium
25090,1,1,0.5371417,High
25091,0,0,0.15081072,Low
25092,0,0,0.106411606,Low
25093,0,0,0.40464017,High
25094,0,0,0.17383358,Low
25095,0,0,0.105265535,Low
25096,0,0,0.32994407,Medium
25097,1,0,0.34414533,Medium
25098,1,0,0.3176391,Medium
25099,0,0,0.13433123,Low
25100,0,0,0.22162193,Medium
25101,0,0,0.20127738,Medium
25102,0,0,0.34231734,Medium
25103,1,1,0.8649988,Very High
25104,0,0,0.35252178,Medium
25105,0,0,0.32045138,Medium
25106,0,0,0.20583077,Medium
25107,0,0,0.3452778,Medium
25108,0,0,0.35188887,Medium
25109,0,0,0.15142444,Low
25110,1,1,0.8519691,Very High
25111,0,0,0.35364768,Medium
25112,0,0,0.25880647,Medium
25113,0,0,0.23152928,Medium
25114,0,0,0.34268823,Medium
25115,1,1,0.5893835,High
25116,0,0,0.32007593,Medium
25117,1,0,0.40803525,High
25118,0,0,0.48337403,High
25119,0,0,0.08868915,Low
25120,0,0,0.23519099,Medium
25121,0,0,0.1214604,Low
25122,1,1,0.7290413,Very High
25123,0,1,0.52386415,High
25124,0,0,0.09464454,Low
25125,0,0,0.33127582,Medium
25126,0,1,0.63791883,Very High
25127,0,0,0.16895387,Low
25128,0,0,0.27394333,Medium
25129,0,0,0.23983788,Medium
25130,0,0,0.14812045,Low
25131,0,0,0.08947736,Low
25132,0,0,0.40396446,High
25133,0,0,0.16289136,Low
25134,0,0,0.36461866,Medium
25135,0,0,0.2921559,Medium
25136,0,0,0.1774608,Low
25137,1,1,0.7081586,Very High
25138,0,1,0.6090784,Very High
25139,0,0,0.36442468,Medium
25140,0,0,0.41236752,High
25141,0,0,0.21587048,Medium
25142,0,0,0.29973224,Medium
25143,0,0,0.39850476,Medium
25144,1,1,0.7216896,Very High
25145,0,0,0.15305723,Low
25146,1,1,0.63602376,Very High
25147,1,1,0.868565,Very High
25148,0,0,0.09830672,Low
25149,0,0,0.12747519,Low
25150,0,0,0.1083966,Low
25151,0,0,0.28960922,Medium
25152,0,0,0.16754784,Low
25153,0,0,0.20128873,Medium
25154,1,1,0.71861404,Very High
25155,1,1,0.85991627,Very High
25156,0,1,0.73266584,Very High
25157,0,0,0.32952616,Medium
25158,0,0,0.28261366,Medium
25159,1,1,0.66898096,Very High
25160,0,0,0.14377004,Low
25161,1,1,0.89804894,Very High
25162,0,0,0.31833985,Medium
25163,1,1,0.85231626,Very High
25164,0,0,0.25260544,Medium
25165,0,0,0.22483629,Medium
25166,0,0,0.2528095,Medium
25167,0,0,0.36863688,Medium
25168,0,1,0.52212036,High
25169,0,1,0.521186,High
25170,0,1,0.69558203,Very High
25171,0,1,0.5983885,High
25172,0,0,0.33355254,Medium
25173,0,0,0.364829,Medium
25174,0,0,0.32054296,Medium
25175,1,1,0.6050756,Very High
25176,0,1,0.6821485,Very High
25177,0,1,0.8425984,Very High
25178,0,1,0.7191069,Very High
25179,0,0,0.37026602,Medium
25180,0,0,0.27256063,Medium
25181,0,1,0.69777685,Very High
25182,0,0,0.37505037,Medium
25183,1,1,0.81968355,Very High
25184,0,0,0.25256345,Medium
25185,0,0,0.34140238,Medium
25186,0,1,0.8265447,Very High
25187,0,0,0.27837455,Medium
25188,0,0,0.25463197,Medium
25189,0,0,0.33989504,Medium
25190,0,0,0.30929732,Medium
25191,1,1,0.69409335,Very High
25192,1,1,0.8746223,Very High
25193,0,1,0.76620084,Very High
25194,1,1,0.8222232,Very High
25195,0,0,0.26579642,Medium
25196,0,1,0.54488087,High
25197,1,1,0.9083127,Very High
25198,0,0,0.2992547,Medium
25199,0,0,0.23573379,Medium
25200,0,0,0.28493372,Medium
25201,0,1,0.8425317,Very High
25202,1,0,0.27304915,Medium
25203,0,0,0.44248846,High
25204,0,0,0.36279693,Medium
25205,0,0,0.22235551,Medium
25206,0,0,0.29770118,Medium
25207,0,0,0.2829354,Medium
25208,0,0,0.4976374,High
25209,0,0,0.15269588,Low
25210,0,0,0.27347842,Medium
25211,0,0,0.15970123,Low
25212,0,0,0.1989778,Low
25213,0,0,0.39478478,Medium
25214,0,0,0.30604583,Medium
25215,0,0,0.31479487,Medium
25216,1,0,0.2782193,Medium
25217,0,0,0.15438873,Low
25218,0,0,0.3286848,Medium
25219,0,0,0.27943447,Medium
25220,0,1,0.54040724,High
25221,0,1,0.78478724,Very High
25222,1,0,0.22795433,Medium
25223,0,0,0.32176954,Medium
25224,0,1,0.7269228,Very High
25225,0,0,0.10159434,Low
25226,0,1,0.5215627,High
25227,0,1,0.57081175,High
25228,0,0,0.23173222,Medium
25229,0,0,0.3090565,Medium
25230,0,0,0.30718485,Medium
25231,0,0,0.2567135,Medium
25232,1,0,0.2777603,Medium
25233,0,0,0.2938825,Medium
25234,1,0,0.46592626,High
25235,0,0,0.29100394,Medium
25236,1,1,0.5610501,High
25237,0,0,0.23898815,Medium
25238,0,0,0.31380552,Medium
25239,0,0,0.1280771,Low
25240,0,0,0.32530892,Medium
25241,0,0,0.21874782,Medium
25242,0,0,0.36108506,Medium
25243,0,0,0.25878942,Medium
25244,1,1,0.8410762,Very High
25245,0,0,0.28364044,Medium
25246,0,0,0.11492715,Low
25247,0,0,0.11698204,Low
25248,0,1,0.55605584,High
25249,0,1,0.866688,Very High
25250,0,0,0.17718947,Low
25251,0,1,0.65647095,Very High
25252,0,0,0.10834737,Low
25253,1,1,0.8281988,Very High
25254,0,0,0.33529106,Medium
25255,1,0,0.13328016,Low
25256,1,1,0.8124025,Very High
25257,0,0,0.37795648,Medium
25258,1,1,0.8300756,Very High
25259,0,0,0.20619014,Medium
25260,1,1,0.8842371,Very High
25261,0,1,0.6378248,Very High
25262,1,1,0.58204806,High
25263,1,1,0.81029576,Very High
25264,0,0,0.36158648,Medium
25265,0,0,0.24761799,Medium
25266,0,0,0.21472956,Medium
25267,0,0,0.15083143,Low
25268,0,0,0.33494228,Medium
25269,0,0,0.18764095,Low
25270,0,0,0.25248447,Medium
25271,0,0,0.14124438,Low
25272,0,0,0.2781422,Medium
25273,0,0,0.29598123,Medium
25274,0,0,0.31273937,Medium
25275,0,0,0.15643089,Low
25276,1,0,0.32383275,Medium
25277,0,0,0.19261457,Low
25278,0,0,0.10877343,Low
25279,1,0,0.21223497,Medium
25280,0,0,0.21134613,Medium
25281,0,1,0.56072557,High
25282,0,0,0.24501346,Medium
25283,0,0,0.24732544,Medium
25284,0,1,0.8162938,Very High
25285,0,0,0.29110897,Medium
25286,1,1,0.81739557,Very High
25287,0,1,0.8164866,Very High
25288,0,0,0.22719647,Medium
25289,0,0,0.20731446,Medium
25290,0,0,0.101098634,Low
25291,0,0,0.15401167,Low
25292,0,0,0.20683274,Medium
25293,1,0,0.2705531,Medium
25294,0,0,0.28790706,Medium
25295,0,0,0.15672873,Low
25296,0,0,0.3013623,Medium
25297,0,0,0.25197896,Medium
25298,0,0,0.31890002,Medium
25299,1,1,0.8065449,Very High
25300,0,0,0.31591243,Medium
25301,0,0,0.2807156,Medium
25302,0,0,0.28257465,Medium
25303,0,1,0.5378201,High
25304,0,0,0.26556388,Medium
25305,0,0,0.21139957,Medium
25306,1,1,0.7146135,Very High
25307,0,0,0.28725252,Medium
25308,1,0,0.26220092,Medium
25309,0,0,0.12397635,Low
25310,1,1,0.5139044,High
25311,0,0,0.09821597,Low
25312,0,1,0.7896484,Very High
25313,1,0,0.392486,Medium
25314,0,0,0.29250813,Medium
25315,0,0,0.24246947,Medium
25316,0,0,0.20443757,Medium
25317,1,1,0.88940763,Very High
25318,0,0,0.16982096,Low
25319,1,0,0.43568408,High
25320,0,0,0.17568468,Low
25321,0,0,0.21003105,Medium
25322,0,0,0.29442698,Medium
25323,0,0,0.09138905,Low
25324,0,0,0.14590196,Low
25325,0,0,0.108646765,Low
25326,0,0,0.11279331,Low
25327,0,0,0.17720632,Low
25328,0,1,0.57568425,High
25329,0,0,0.40407377,High
25330,1,1,0.6951702,Very High
25331,0,0,0.113469124,Low
25332,0,0,0.33674026,Medium
25333,0,0,0.058082387,Low
25334,0,0,0.21669208,Medium
25335,0,0,0.11892571,Low
25336,0,0,0.22806965,Medium
25337,0,0,0.26808828,Medium
25338,0,0,0.15252952,Low
25339,1,0,0.27068007,Medium
25340,0,0,0.4625078,High
25341,0,0,0.22402124,Medium
25342,0,0,0.26473346,Medium
25343,0,0,0.27340737,Medium
25344,0,0,0.1711887,Low
25345,0,0,0.26507258,Medium
25346,0,0,0.28434962,Medium
25347,0,0,0.24387388,Medium
25348,0,0,0.46323615,High
25349,1,0,0.40714616,High
25350,0,0,0.27531332,Medium
25351,0,0,0.15726374,Low
25352,1,0,0.26111132,Medium
25353,0,0,0.2706412,Medium
25354,0,1,0.6886159,Very High
25355,0,0,0.25755158,Medium
25356,0,0,0.3455663,Medium
25357,0,0,0.12618962,Low
25358,0,0,0.13096127,Low
25359,0,0,0.13966493,Low
25360,0,0,0.29961684,Medium
25361,0,0,0.2915793,Medium
25362,0,0,0.22309777,Medium
25363,0,0,0.38519135,Medium
25364,0,1,0.83467674,Very High
25365,0,0,0.34434718,Medium
25366,0,0,0.09517552,Low
25367,0,0,0.18443704,Low
25368,0,0,0.2713012,Medium
25369,0,0,0.44261464,High
25370,0,0,0.28480273,Medium
25371,0,0,0.11931036,Low
25372,0,0,0.09106639,Low
25373,0,0,0.26992396,Medium
25374,1,1,0.7647547,Very High
25375,0,0,0.15218887,Low
25376,0,0,0.24590938,Medium
25377,0,0,0.17988788,Low
25378,1,0,0.48617914,High
25379,0,0,0.28634328,Medium
25380,0,0,0.34261686,Medium
25381,0,0,0.33401126,Medium
25382,1,1,0.894073,Very High
25383,0,0,0.13617907,Low
25384,0,1,0.82464296,Very High
25385,1,1,0.8040801,Very High
25386,0,0,0.15893081,Low
25387,0,0,0.33861777,Medium
25388,1,1,0.8759521,Very High
25389,0,0,0.31307775,Medium
25390,0,0,0.13703299,Low
25391,0,0,0.25788817,Medium
25392,0,0,0.2964904,Medium
25393,0,0,0.18390498,Low
25394,0,0,0.19261168,Low
25395,0,0,0.29623714,Medium
25396,0,0,0.25032887,Medium
25397,0,0,0.19863051,Low
25398,0,1,0.5408417,High
25399,0,0,0.16742282,Low
25400,0,0,0.49452978,High
25401,1,1,0.80725753,Very High
25402,0,0,0.19938247,Low
25403,1,0,0.30031916,Medium
25404,0,0,0.4319019,High
25405,0,0,0.20442015,Medium
25406,1,1,0.61495215,Very High
25407,1,0,0.17765898,Low
25408,0,0,0.2552569,Medium
25409,0,0,0.27397594,Medium
25410,0,0,0.094500035,Low
25411,0,0,0.2065084,Medium
25412,0,0,0.2742817,Medium
25413,0,0,0.192414,Low
25414,1,0,0.35567784,Medium
25415,0,0,0.10646543,Low
25416,1,1,0.8737359,Very High
25417,0,0,0.092970975,Low
25418,0,0,0.080470465,Low
25419,1,0,0.22782956,Medium
25420,0,0,0.32750362,Medium
25421,1,1,0.7995147,Very High
25422,0,0,0.39751667,Medium
25423,0,0,0.053314336,Low
25424,0,0,0.10398518,Low
25425,0,0,0.25387457,Medium
25426,0,0,0.28666672,Medium
25427,1,1,0.8242425,Very High
25428,0,0,0.164806,Low
25429,0,0,0.48295403,High
25430,0,0,0.28420603,Medium
25431,0,0,0.3612581,Medium
25432,0,0,0.12035361,Low
25433,0,0,0.14292958,Low
25434,0,1,0.877894,Very High
25435,0,0,0.17724629,Low
25436,1,0,0.23625055,Medium
25437,0,0,0.17396972,Low
25438,0,0,0.2009409,Medium
25439,0,0,0.068538345,Low
25440,0,0,0.27507645,Medium
25441,0,0,0.45497707,High
25442,0,0,0.23154166,Medium
25443,1,0,0.13116881,Low
25444,1,0,0.19975175,Low
25445,0,0,0.045892134,Low
25446,0,0,0.27860215,Medium
25447,0,0,0.3319682,Medium
25448,0,0,0.25334448,Medium
25449,0,0,0.11578834,Low
25450,0,0,0.18421905,Low
25451,0,0,0.30783978,Medium
25452,0,0,0.30060753,Medium
25453,0,0,0.2930115,Medium
25454,1,1,0.54538816,High
25455,0,0,0.3063881,Medium
25456,0,0,0.17659836,Low
25457,0,0,0.25740013,Medium
25458,1,0,0.2505096,Medium
25459,0,0,0.24473661,Medium
25460,1,0,0.49359295,High
25461,1,1,0.8201585,Very High
25462,0,0,0.15924378,Low
25463,0,0,0.23474464,Medium
25464,0,0,0.3779941,Medium
25465,0,0,0.20012432,Medium
25466,0,0,0.28145713,Medium
25467,1,0,0.3151461,Medium
25468,1,1,0.89407045,Very High
25469,0,0,0.17640468,Low
25470,0,0,0.07052942,Low
25471,0,0,0.08374066,Low
25472,1,0,0.35464516,Medium
25473,1,0,0.21426056,Medium
25474,0,0,0.1215246,Low
25475,0,0,0.30157685,Medium
25476,0,0,0.17568845,Low
25477,0,0,0.15369438,Low
25478,0,0,0.22670369,Medium
25479,0,0,0.15461276,Low
25480,0,0,0.34639445,Medium
25481,1,0,0.3683802,Medium
25482,0,0,0.15314604,Low
25483,0,0,0.20356874,Medium
25484,1,1,0.5606488,High
25485,1,1,0.791372,Very High
25486,0,0,0.09197721,Low
25487,0,0,0.28316474,Medium
25488,0,0,0.22496629,Medium
25489,0,0,0.24676876,Medium
25490,0,0,0.14072546,Low
25491,0,1,0.5441044,High
25492,0,0,0.25545022,Medium
25493,0,0,0.1713574,Low
25494,0,0,0.092377566,Low
25495,0,0,0.21466409,Medium
25496,0,0,0.21597716,Medium
25497,0,0,0.08808187,Low
25498,0,0,0.275967,Medium
25499,0,0,0.1346687,Low
25500,0,0,0.18427971,Low
25501,0,0,0.4681127,High
25502,0,0,0.41747394,High
25503,0,0,0.21180815,Medium
25504,0,0,0.4342401,High
25505,1,0,0.35902128,Medium
25506,0,0,0.18405487,Low
25507,0,0,0.115313694,Low
25508,0,0,0.29068184,Medium
25509,0,0,0.36169264,Medium
25510,0,0,0.25164616,Medium
25511,1,1,0.8414274,Very High
25512,0,0,0.28962147,Medium
25513,1,0,0.3211324,Medium
25514,0,0,0.27614,Medium
25515,1,0,0.3024862,Medium
25516,0,0,0.3638267,Medium
25517,0,0,0.46728382,High
25518,0,0,0.23202516,Medium
25519,0,0,0.17940344,Low
25520,0,0,0.27450505,Medium
25521,0,1,0.5628752,High
25522,0,0,0.14191958,Low
25523,0,0,0.11860283,Low
25524,0,0,0.3158218,Medium
25525,0,0,0.41990522,High
25526,0,0,0.1452366,Low
25527,0,0,0.14926912,Low
25528,0,0,0.34272307,Medium
25529,0,0,0.25276896,Medium
25530,0,0,0.19331868,Low
25531,1,1,0.8976546,Very High
25532,0,0,0.48961127,High
25533,0,1,0.90051997,Very High
25534,0,0,0.22342831,Medium
25535,1,0,0.39740908,Medium
25536,0,0,0.10088463,Low
25537,0,1,0.58667845,High
25538,0,1,0.5340431,High
25539,0,0,0.29363266,Medium
25540,0,0,0.3566494,Medium
25541,1,1,0.8563659,Very High
25542,0,0,0.2708856,Medium
25543,0,0,0.10430365,Low
25544,1,1,0.62047905,Very High
25545,0,0,0.20107347,Medium
25546,0,0,0.19079645,Low
25547,0,1,0.57831305,High
25548,0,0,0.10866436,Low
25549,1,1,0.9150876,Very High
25550,0,0,0.14553437,Low
25551,0,0,0.103141166,Low
25552,0,0,0.25771174,Medium
25553,1,1,0.5925709,High
25554,0,0,0.1271584,Low
25555,0,0,0.13415821,Low
25556,0,1,0.56885636,High
25557,0,0,0.39460158,Medium
25558,0,0,0.39240712,Medium
25559,0,0,0.17672846,Low
25560,0,0,0.108310126,Low
25561,0,0,0.12276373,Low
25562,0,0,0.08411036,Low
25563,0,1,0.55378956,High
25564,0,0,0.0955119,Low
25565,0,0,0.15148354,Low
25566,0,0,0.20762703,Medium
25567,0,0,0.09697114,Low
25568,0,0,0.07911805,Low
25569,0,0,0.16870569,Low
25570,1,1,0.8850413,Very High
25571,0,0,0.23954834,Medium
25572,0,0,0.09982103,Low
25573,1,0,0.22716595,Medium
25574,0,0,0.30466312,Medium
25575,1,1,0.8492971,Very High
25576,0,0,0.13824934,Low
25577,0,0,0.088576585,Low
25578,0,0,0.1959648,Low
25579,0,0,0.21883383,Medium
25580,1,0,0.26312348,Medium
25581,0,1,0.81704354,Very High
25582,0,1,0.5380186,High
25583,0,0,0.14894593,Low
25584,0,0,0.1506691,Low
25585,1,1,0.87176055,Very High
25586,0,0,0.15709843,Low
25587,1,1,0.5336951,High
25588,1,1,0.8421321,Very High
25589,0,0,0.23178215,Medium
25590,0,1,0.56296164,High
25591,1,1,0.857181,Very High
25592,0,0,0.13806464,Low
25593,0,0,0.10389486,Low
25594,0,0,0.18963414,Low
25595,0,0,0.16384368,Low
25596,0,0,0.2841107,Medium
25597,0,0,0.31602615,Medium
25598,0,0,0.3608977,Medium
25599,0,0,0.31559733,Medium
25600,0,0,0.46182543,High
25601,0,0,0.06603603,Low
25602,0,0,0.17920576,Low
25603,0,0,0.15578246,Low
25604,0,0,0.34427255,Medium
25605,1,1,0.8707057,Very High
25606,0,0,0.38631082,Medium
25607,0,0,0.4071859,High
25608,0,0,0.24493316,Medium
25609,1,1,0.5481681,High
25610,0,0,0.27184477,Medium
25611,0,0,0.2559592,Medium
25612,0,0,0.1880615,Low
25613,0,0,0.25927922,Medium
25614,0,0,0.08505679,Low
25615,0,0,0.097314425,Low
25616,0,0,0.235053,Medium
25617,0,0,0.23154774,Medium
25618,0,0,0.29249442,Medium
25619,0,0,0.15521795,Low
25620,1,1,0.611311,Very High
25621,0,0,0.2287692,Medium
25622,0,0,0.12769721,Low
25623,0,1,0.6451145,Very High
25624,0,0,0.26582375,Medium
25625,0,0,0.12272981,Low
25626,0,0,0.1520249,Low
25627,0,0,0.08342505,Low
25628,1,0,0.42877898,High
25629,0,0,0.14929444,Low
25630,1,1,0.8813135,Very High
25631,0,0,0.11620761,Low
25632,0,1,0.5564818,High
25633,0,0,0.22497247,Medium
25634,1,1,0.9035553,Very High
25635,0,0,0.2864571,Medium
25636,0,0,0.2088647,Medium
25637,0,0,0.20207241,Medium
25638,0,0,0.11623019,Low
25639,0,0,0.12593682,Low
25640,0,0,0.24996278,Medium
25641,0,0,0.119642906,Low
25642,0,0,0.08865586,Low
25643,0,0,0.46874774,High
25644,0,0,0.12132963,Low
25645,0,0,0.3492876,Medium
25646,1,1,0.8875658,Very High
25647,0,0,0.08038755,Low
25648,1,0,0.3557607,Medium
25649,0,0,0.095875114,Low
25650,0,0,0.27778557,Medium
25651,0,0,0.19776067,Low
25652,0,0,0.11315745,Low
25653,1,0,0.39707416,Medium
25654,0,1,0.5680225,High
25655,0,0,0.26495463,Medium
25656,0,0,0.29807317,Medium
25657,0,0,0.20251748,Medium
25658,0,0,0.31090254,Medium
25659,0,0,0.1096336,Low
25660,0,0,0.22685711,Medium
25661,0,0,0.48961127,High
25662,0,0,0.14672343,Low
25663,0,0,0.20708513,Medium
25664,0,0,0.1475681,Low
25665,0,0,0.33334902,Medium
25666,0,0,0.29585066,Medium
25667,0,0,0.28809074,Medium
25668,0,0,0.30939955,Medium
25669,1,0,0.47396362,High
25670,0,0,0.14197089,Low
25671,0,0,0.14842255,Low
25672,0,0,0.12291797,Low
25673,0,0,0.33671945,Medium
25674,0,0,0.25161716,Medium
25675,0,0,0.3481328,Medium
25676,0,0,0.49537763,High
25677,0,1,0.58383685,High
25678,0,0,0.29313976,Medium
25679,1,1,0.82401973,Very High
25680,0,0,0.15389228,Low
25681,0,0,0.24645314,Medium
25682,0,0,0.48763907,High
25683,0,0,0.23850012,Medium
25684,0,0,0.18223776,Low
25685,0,0,0.11520329,Low
25686,0,0,0.1680582,Low
25687,0,0,0.44790986,High
25688,0,0,0.1471062,Low
25689,0,0,0.05635448,Low
25690,0,0,0.067129575,Low
25691,0,0,0.32729277,Medium
25692,1,0,0.25173074,Medium
25693,0,0,0.04913294,Low
25694,0,0,0.13385986,Low
25695,0,0,0.23123267,Medium
25696,0,0,0.31376725,Medium
25697,0,0,0.19796172,Low
25698,0,0,0.4254407,High
25699,0,0,0.17072126,Low
25700,0,0,0.19695075,Low
25701,0,0,0.1087527,Low
25702,0,0,0.25600442,Medium
25703,0,0,0.34182784,Medium
25704,0,0,0.38759097,Medium
25705,1,1,0.7173017,Very High
25706,0,0,0.071965225,Low
25707,0,0,0.058792546,Low
25708,0,0,0.06686086,Low
25709,0,1,0.5661512,High
25710,0,0,0.32564658,Medium
25711,0,0,0.3353069,Medium
25712,0,0,0.39487523,Medium
25713,0,0,0.25851557,Medium
25714,1,0,0.18986748,Low
25715,0,0,0.28791797,Medium
25716,0,0,0.16891989,Low
25717,0,0,0.27331585,Medium
25718,0,0,0.19282636,Low
25719,0,0,0.112017415,Low
25720,0,0,0.27070418,Medium
25721,1,0,0.36469564,Medium
25722,1,0,0.11677124,Low
25723,0,0,0.21136315,Medium
25724,0,0,0.39962178,Medium
25725,0,0,0.250076,Medium
25726,1,1,0.7652602,Very High
25727,1,0,0.2480658,Medium
25728,1,1,0.79460645,Very High
25729,0,0,0.12673494,Low
25730,0,0,0.098768495,Low
25731,0,1,0.52515745,High
25732,0,0,0.1709509,Low
25733,0,1,0.5960337,High
25734,0,0,0.30193472,Medium
25735,0,0,0.14649425,Low
25736,0,0,0.21148136,Medium
25737,1,1,0.8269607,Very High
25738,0,0,0.2437461,Medium
25739,1,0,0.25408667,Medium
25740,1,1,0.9130889,Very High
25741,0,0,0.079191096,Low
25742,1,1,0.8546876,Very High
25743,1,0,0.2049676,Medium
25744,1,1,0.77973723,Very High
25745,0,0,0.30117553,Medium
25746,0,0,0.30902568,Medium
25747,0,0,0.34918565,Medium
25748,0,0,0.43020266,High
25749,0,0,0.09592079,Low
25750,1,0,0.21826531,Medium
25751,1,1,0.5373292,High
25752,0,0,0.11387376,Low
25753,0,1,0.59154606,High
25754,0,0,0.38341007,Medium
25755,0,0,0.05219806,Low
25756,0,0,0.2194289,Medium
25757,0,0,0.14281577,Low
25758,0,0,0.24468996,Medium
25759,0,0,0.2729831,Medium
25760,0,0,0.2530465,Medium
25761,1,0,0.3778893,Medium
25762,0,0,0.1424822,Low
25763,0,0,0.12851286,Low
25764,1,1,0.85775614,Very High
25765,0,0,0.25089177,Medium
25766,0,0,0.29225087,Medium
25767,0,0,0.07398026,Low
25768,1,0,0.26004568,Medium
25769,0,0,0.47432095,High
25770,0,0,0.11384205,Low
25771,0,0,0.08417474,Low
25772,1,0,0.102483846,Low
25773,0,0,0.07945616,Low
25774,0,0,0.2706104,Medium
25775,0,0,0.40332136,High
25776,0,0,0.20483895,Medium
25777,0,0,0.27925363,Medium
25778,0,1,0.6450972,Very High
25779,0,0,0.33050054,Medium
25780,0,0,0.3022068,Medium
25781,0,0,0.2799185,Medium
25782,0,0,0.2898242,Medium
25783,0,0,0.21925783,Medium
25784,0,0,0.1429652,Low
25785,0,0,0.27708206,Medium
25786,0,0,0.19619264,Low
25787,1,1,0.62047905,Very High
25788,0,0,0.32957,Medium
25789,0,0,0.19669902,Low
25790,0,0,0.23104139,Medium
25791,0,0,0.46216047,High
25792,0,0,0.13438456,Low
25793,0,0,0.050779577,Low
25794,0,0,0.2522068,Medium
25795,0,0,0.21320312,Medium
25796,0,0,0.2863686,Medium
25797,0,0,0.19740835,Low
25798,1,1,0.8687549,Very High
25799,1,0,0.36970207,Medium
25800,0,0,0.032230604,Low
25801,0,0,0.35311386,Medium
25802,0,0,0.22627898,Medium
25803,0,1,0.56850696,High
25804,0,0,0.493911,High
25805,0,0,0.4001826,High
25806,0,0,0.26338258,Medium
25807,0,0,0.14716245,Low
25808,0,0,0.22302711,Medium
25809,0,1,0.62816215,Very High
25810,0,0,0.26918742,Medium
25811,0,0,0.12292825,Low
25812,0,0,0.15123737,Low
25813,0,0,0.44147938,High
25814,0,0,0.09268344,Low
25815,0,0,0.21313582,Medium
25816,1,0,0.10817955,Low
25817,0,0,0.3635155,Medium
25818,1,0,0.3190931,Medium
25819,0,0,0.38398752,Medium
25820,0,0,0.25542343,Medium
25821,0,0,0.17698663,Low
25822,1,1,0.6665633,Very High
25823,0,0,0.15046121,Low
25824,0,0,0.32894683,Medium
25825,0,0,0.321629,Medium
25826,0,0,0.14397739,Low
25827,0,0,0.11592426,Low
25828,0,0,0.24761495,Medium
25829,1,0,0.41386002,High
25830,0,0,0.35389456,Medium
25831,1,1,0.5893988,High
25832,0,0,0.25885215,Medium
25833,0,0,0.19035047,Low
25834,0,0,0.29670575,Medium
25835,1,1,0.8954292,Very High
25836,0,0,0.113725714,Low
25837,0,0,0.12276789,Low
25838,1,1,0.7859819,Very High
25839,1,1,0.57974714,High
25840,1,0,0.44696972,High
25841,0,0,0.13695635,Low
25842,0,0,0.079355925,Low
25843,0,0,0.11994404,Low
25844,0,0,0.0863962,Low
25845,1,1,0.69241714,Very High
25846,1,0,0.40822405,High
25847,0,0,0.2982078,Medium
25848,0,0,0.056697357,Low
25849,0,0,0.1349657,Low
25850,0,0,0.2855608,Medium
25851,1,1,0.50511074,High
25852,1,1,0.78509486,Very High
25853,0,0,0.21077286,Medium
25854,0,0,0.17258497,Low
25855,0,0,0.22534528,Medium
25856,0,0,0.31560805,Medium
25857,0,0,0.10133059,Low
25858,0,0,0.09821979,Low
25859,1,0,0.38878605,Medium
25860,0,0,0.39806098,Medium
25861,0,0,0.081589565,Low
25862,0,0,0.31190553,Medium
25863,0,0,0.3690381,Medium
25864,0,0,0.17974217,Low
25865,0,0,0.34041396,Medium
25866,0,0,0.11223842,Low
25867,0,0,0.3851352,Medium
25868,0,0,0.32778928,Medium
25869,0,0,0.4409869,High
25870,1,1,0.9313899,Very High
25871,0,0,0.21806264,Medium
25872,0,0,0.22662133,Medium
25873,0,0,0.1669767,Low
25874,1,1,0.5880155,High
25875,1,1,0.8537962,Very High
25876,0,0,0.07908436,Low
25877,1,0,0.12123909,Low
25878,0,0,0.07396896,Low
25879,1,1,0.8892485,Very High
25880,0,0,0.103937306,Low
25881,0,0,0.10618606,Low
25882,0,0,0.25931308,Medium
25883,0,0,0.2827346,Medium
25884,0,0,0.08837183,Low
25885,1,1,0.88109726,Very High
25886,0,0,0.23920049,Medium
25887,1,1,0.73298985,Very High
25888,0,0,0.2151832,Medium
25889,0,0,0.12401546,Low
25890,0,0,0.1118363,Low
25891,0,0,0.4378495,High
25892,0,0,0.40025365,High
25893,0,0,0.35225934,Medium
25894,0,0,0.30378604,Medium
25895,0,0,0.14235404,Low
25896,0,0,0.097245984,Low
25897,0,0,0.37467682,Medium
25898,1,1,0.8665586,Very High
25899,0,0,0.2605362,Medium
25900,0,0,0.4206934,High
25901,0,0,0.12331514,Low
25902,0,0,0.27517503,Medium
25903,0,0,0.19240859,Low
25904,0,0,0.3126596,Medium
25905,1,1,0.6075493,Very High
25906,0,0,0.3358795,Medium
25907,0,0,0.24177466,Medium
25908,0,0,0.21867295,Medium
25909,0,0,0.37093884,Medium
25910,0,0,0.27613166,Medium
25911,0,0,0.16847219,Low
25912,0,0,0.22443905,Medium
25913,0,1,0.8059345,Very High
25914,0,0,0.09820932,Low
25915,0,0,0.4080726,High
25916,0,1,0.7913901,Very High
25917,0,0,0.37276193,Medium
25918,0,0,0.14413989,Low
25919,0,0,0.09304682,Low
25920,0,0,0.36262962,Medium
25921,0,0,0.111148775,Low
25922,1,0,0.37031415,Medium
25923,0,0,0.3682741,Medium
25924,1,1,0.57951033,High
25925,0,0,0.2813721,Medium
25926,0,0,0.27778226,Medium
25927,0,0,0.16452058,Low
25928,0,0,0.09068084,Low
25929,1,0,0.49386957,High
25930,0,0,0.45891598,High
25931,0,0,0.27742028,Medium
25932,0,0,0.10195089,Low
25933,0,0,0.35760903,Medium
25934,1,1,0.87279487,Very High
25935,0,0,0.17299381,Low
25936,0,0,0.3039512,Medium
25937,0,0,0.41784713,High
25938,0,0,0.2075277,Medium
25939,0,0,0.09219185,Low
25940,0,0,0.24408898,Medium
25941,0,0,0.17479882,Low
25942,0,0,0.13207431,Low
25943,0,1,0.7050546,Very High
25944,0,0,0.165172,Low
25945,0,0,0.3290602,Medium
25946,0,0,0.32562634,Medium
25947,0,0,0.10425005,Low
25948,0,0,0.2031162,Medium
25949,0,0,0.11241018,Low
25950,0,0,0.17106754,Low
25951,0,0,0.20548911,Medium
25952,0,0,0.20297186,Medium
25953,0,0,0.0774462,Low
25954,0,0,0.18714581,Low
25955,0,0,0.2656108,Medium
25956,0,0,0.39580736,Medium
25957,0,1,0.5689358,High
25958,0,0,0.11894591,Low
25959,0,0,0.1646736,Low
25960,0,0,0.10782952,Low
25961,1,1,0.56398726,High
25962,0,1,0.762542,Very High
25963,0,0,0.12587957,Low
25964,0,0,0.22079909,Medium
25965,1,0,0.47943485,High
25966,0,0,0.0763411,Low
25967,0,0,0.11714203,Low
25968,0,0,0.32780606,Medium
25969,0,0,0.25901672,Medium
25970,0,0,0.41009852,High
25971,0,0,0.2698573,Medium
25972,0,0,0.34848672,Medium
25973,1,1,0.54366744,High
25974,0,0,0.26237425,Medium
25975,0,1,0.7083807,Very High
25976,0,0,0.2949544,Medium
25977,1,0,0.29861176,Medium
25978,1,0,0.3594191,Medium
25979,0,0,0.23522407,Medium
25980,0,0,0.17621854,Low
25981,0,0,0.24359523,Medium
25982,0,0,0.25382382,Medium
25983,0,1,0.82361066,Very High
25984,0,0,0.07604939,Low
25985,1,1,0.56292355,High
25986,0,0,0.18109037,Low
25987,0,1,0.728929,Very High
25988,0,0,0.12306687,Low
25989,0,0,0.23545516,Medium
25990,0,0,0.113057025,Low
25991,0,0,0.18229471,Low
25992,0,0,0.2959085,Medium
25993,0,0,0.32132572,Medium
25994,0,0,0.3425496,Medium
25995,0,0,0.35137796,Medium
25996,1,1,0.8314155,Very High
25997,0,0,0.17086588,Low
25998,0,0,0.1806259,Low
25999,0,0,0.27576336,Medium
26000,0,0,0.3738407,Medium
26001,0,0,0.28178608,Medium
26002,1,1,0.59465384,High
26003,0,0,0.22951967,Medium
26004,0,0,0.12332416,Low
26005,1,0,0.14641252,Low
26006,1,0,0.39190122,Medium
26007,1,0,0.16606797,Low
26008,0,0,0.39470768,Medium
26009,0,0,0.37675416,Medium
26010,0,0,0.14660166,Low
26011,0,0,0.11251861,Low
26012,0,0,0.35377762,Medium
26013,1,1,0.9058215,Very High
26014,0,0,0.22103898,Medium
26015,0,0,0.23545775,Medium
26016,0,0,0.26184848,Medium
26017,0,0,0.16768529,Low
26018,0,0,0.24325743,Medium
26019,0,0,0.16144381,Low
26020,0,0,0.23228581,Medium
26021,0,0,0.27314302,Medium
26022,0,0,0.20266442,Medium
26023,0,1,0.8101778,Very High
26024,0,0,0.17852545,Low
26025,0,0,0.273127,Medium
26026,0,0,0.23441611,Medium
26027,0,0,0.10531282,Low
26028,1,0,0.36906633,Medium
26029,0,0,0.08755649,Low
26030,1,0,0.2530129,Medium
26031,0,0,0.21072455,Medium
26032,0,0,0.19726741,Low
26033,0,0,0.14413507,Low
26034,0,0,0.12740624,Low
26035,1,1,0.7632923,Very High
26036,0,0,0.28261182,Medium
26037,0,0,0.21270913,Medium
26038,0,0,0.12369945,Low
26039,0,1,0.5175177,High
26040,0,0,0.20969297,Medium
26041,0,0,0.26648048,Medium
26042,0,0,0.43400085,High
26043,0,0,0.11635566,Low
26044,1,1,0.87769914,Very High
26045,0,0,0.13583635,Low
26046,0,0,0.21097234,Medium
26047,0,0,0.18467712,Low
26048,0,0,0.17898192,Low
26049,0,0,0.28780928,Medium
26050,0,0,0.23956609,Medium
26051,0,0,0.37867305,Medium
26052,0,0,0.12383423,Low
26053,0,0,0.22491175,Medium
26054,0,0,0.055002216,Low
26055,0,0,0.051011674,Low
26056,0,0,0.2971585,Medium
26057,0,0,0.14819458,Low
26058,1,1,0.858059,Very High
26059,1,1,0.55713,High
26060,0,0,0.124697775,Low
26061,0,0,0.40428522,High
26062,0,0,0.100663416,Low
26063,0,1,0.87246764,Very High
26064,0,0,0.08114504,Low
26065,0,0,0.24549076,Medium
26066,0,0,0.48494783,High
26067,0,0,0.16631481,Low
26068,0,0,0.07135266,Low
26069,0,0,0.2515076,Medium
26070,0,0,0.38444194,Medium
26071,0,0,0.11649286,Low
26072,1,1,0.50790197,High
26073,0,0,0.28202486,Medium
26074,0,1,0.5811096,High
26075,0,0,0.20140523,Medium
26076,0,0,0.24046773,Medium
26077,0,1,0.6365247,Very High
26078,0,0,0.2702681,Medium
26079,0,0,0.3241046,Medium
26080,0,0,0.08761846,Low
26081,0,0,0.24295814,Medium
26082,0,0,0.18826692,Low
26083,0,1,0.76142234,Very High
26084,1,0,0.37893412,Medium
26085,0,0,0.21874851,Medium
26086,0,0,0.1892513,Low
26087,1,1,0.8949785,Very High
26088,0,0,0.24391453,Medium
26089,0,1,0.7733858,Very High
26090,0,0,0.30631247,Medium
26091,0,0,0.19168244,Low
26092,0,0,0.37478328,Medium
26093,0,0,0.1315776,Low
26094,0,0,0.08577355,Low
26095,1,1,0.83013934,Very High
26096,0,0,0.23538159,Medium
26097,0,0,0.39296997,Medium
26098,0,0,0.1866873,Low
26099,0,1,0.85546184,Very High
26100,0,0,0.14319828,Low
26101,0,0,0.16310163,Low
26102,0,1,0.826229,Very High
26103,0,0,0.31821108,Medium
26104,0,0,0.18066788,Low
26105,0,0,0.19787358,Low
26106,0,0,0.21794751,Medium
26107,0,0,0.35805756,Medium
26108,0,0,0.1685547,Low
26109,1,1,0.55618376,High
26110,0,0,0.20199469,Medium
26111,0,0,0.40745988,High
26112,0,0,0.17921574,Low
26113,0,0,0.22289148,Medium
26114,0,0,0.33286282,Medium
26115,0,0,0.34370613,Medium
26116,0,1,0.5590117,High
26117,0,0,0.26770964,Medium
26118,0,0,0.31013164,Medium
26119,0,0,0.13218209,Low
26120,1,0,0.20497973,Medium
26121,0,0,0.31922707,Medium
26122,1,0,0.30916947,Medium
26123,0,0,0.21087573,Medium
26124,0,0,0.25446552,Medium
26125,0,0,0.39097935,Medium
26126,0,0,0.34465387,Medium
26127,0,0,0.202384,Medium
26128,1,1,0.57054394,High
26129,0,0,0.22304077,Medium
26130,0,1,0.53831196,High
26131,0,0,0.123352215,Low
26132,0,0,0.2328207,Medium
26133,0,1,0.8460208,Very High
26134,1,1,0.50491387,High
26135,0,0,0.24799012,Medium
26136,0,0,0.2597966,Medium
26137,0,0,0.0900823,Low
26138,0,0,0.22573571,Medium
26139,1,1,0.89422554,Very High
26140,0,0,0.28734964,Medium
26141,0,0,0.29587758,Medium
26142,0,0,0.10603187,Low
26143,0,0,0.09365314,Low
26144,0,0,0.39805403,Medium
26145,0,0,0.08468932,Low
26146,0,0,0.3116201,Medium
26147,0,1,0.6462854,Very High
26148,0,0,0.35168546,Medium
26149,1,1,0.8492257,Very High
26150,0,0,0.2536516,Medium
26151,1,1,0.8548622,Very High
26152,0,0,0.1760373,Low
26153,0,0,0.12846616,Low
26154,0,0,0.23869225,Medium
26155,0,0,0.44691715,High
26156,0,0,0.34791437,Medium
26157,0,0,0.1301581,Low
26158,0,0,0.18692833,Low
26159,1,0,0.17222568,Low
26160,0,0,0.2542401,Medium
26161,0,0,0.45368105,High
26162,0,0,0.12751527,Low
26163,0,0,0.13560219,Low
26164,0,0,0.18331784,Low
26165,1,0,0.47311485,High
26166,0,0,0.16324903,Low
26167,0,0,0.13620672,Low
26168,1,1,0.8104237,Very High
26169,1,1,0.6154483,Very High
26170,0,0,0.33479345,Medium
26171,1,1,0.8635758,Very High
26172,0,0,0.25588,Medium
26173,0,0,0.39882362,Medium
26174,1,1,0.8682774,Very High
26175,0,0,0.2944749,Medium
26176,0,0,0.1126509,Low
26177,0,0,0.0775453,Low
26178,0,0,0.45539325,High
26179,0,0,0.17592824,Low
26180,0,0,0.24644716,Medium
26181,0,0,0.30000794,Medium
26182,0,0,0.26053607,Medium
26183,0,0,0.34093097,Medium
26184,0,0,0.44929138,High
26185,1,0,0.38834792,Medium
26186,0,0,0.25050205,Medium
26187,0,0,0.11147083,Low
26188,0,0,0.3893317,Medium
26189,1,1,0.5187325,High
26190,0,0,0.19762595,Low
26191,0,0,0.09680789,Low
26192,0,0,0.22967395,Medium
26193,1,0,0.15946099,Low
26194,0,0,0.23240733,Medium
26195,0,0,0.21515793,Medium
26196,0,0,0.37233296,Medium
26197,0,0,0.09809651,Low
26198,0,0,0.17397273,Low
26199,0,0,0.36458647,Medium
26200,0,0,0.2319982,Medium
26201,0,0,0.34486136,Medium
26202,0,0,0.18453355,Low
26203,0,0,0.19014633,Low
26204,0,0,0.3587009,Medium
26205,0,0,0.11445914,Low
26206,0,0,0.37894854,Medium
26207,0,0,0.23087849,Medium
26208,0,0,0.13678218,Low
26209,0,0,0.081632465,Low
26210,0,0,0.3669095,Medium
26211,0,0,0.13515294,Low
26212,0,0,0.49036333,High
26213,0,0,0.182968,Low
26214,0,0,0.2829407,Medium
26215,0,0,0.12554927,Low
26216,0,0,0.4679505,High
26217,1,1,0.8824596,Very High
26218,0,0,0.4249904,High
26219,1,0,0.32737356,Medium
26220,0,0,0.24120885,Medium
26221,0,0,0.39511824,Medium
26222,0,0,0.37118745,Medium
26223,0,0,0.29989514,Medium
26224,0,0,0.14997344,Low
26225,0,0,0.18679258,Low
26226,0,0,0.09009653,Low
26227,0,0,0.48261592,High
26228,0,0,0.22575417,Medium
26229,0,0,0.2005775,Medium
26230,0,0,0.15363915,Low
26231,1,1,0.5017149,High
26232,0,0,0.28917536,Medium
26233,0,0,0.29969543,Medium
26234,0,0,0.20530234,Medium
26235,1,1,0.8075975,Very High
26236,1,0,0.1950971,Low
26237,0,0,0.09945328,Low
26238,0,0,0.17348294,Low
26239,0,0,0.26451352,Medium
26240,0,0,0.12122624,Low
26241,0,0,0.12254842,Low
26242,0,0,0.117729776,Low
26243,0,0,0.16530949,Low
26244,1,1,0.67864776,Very High
26245,0,0,0.3184136,Medium
26246,0,0,0.24052607,Medium
26247,1,1,0.63064635,Very High
26248,0,0,0.1038213,Low
26249,0,0,0.20355546,Medium
26250,0,1,0.558248,High
26251,0,0,0.11524612,Low
26252,0,0,0.05999743,Low
26253,0,0,0.41933757,High
26254,0,0,0.2913394,Medium
26255,0,0,0.3009412,Medium
26256,0,0,0.40561754,High
26257,0,0,0.13061026,Low
26258,0,0,0.1698207,Low
26259,0,0,0.24569525,Medium
26260,0,1,0.6555027,Very High
26261,1,0,0.3904351,Medium
26262,0,0,0.21880458,Medium
26263,0,0,0.1901306,Low
26264,0,0,0.25871918,Medium
26265,0,0,0.30889475,Medium
26266,0,1,0.5733545,High
26267,0,0,0.16316397,Low
26268,0,0,0.10000867,Low
26269,0,0,0.25250515,Medium
26270,0,0,0.19500518,Low
26271,1,0,0.26279545,Medium
26272,0,0,0.42533895,High
26273,0,1,0.5156412,High
26274,0,0,0.17643847,Low
26275,0,0,0.26628813,Medium
26276,0,0,0.2793082,Medium
26277,0,1,0.699568,Very High
26278,0,0,0.3355462,Medium
26279,1,0,0.3837244,Medium
26280,0,1,0.5135594,High
26281,0,1,0.8086014,Very High
26282,0,0,0.11084692,Low
26283,0,0,0.095595956,Low
26284,0,0,0.3684833,Medium
26285,1,0,0.3415295,Medium
26286,0,0,0.09006466,Low
26287,0,0,0.08290309,Low
26288,0,0,0.18431051,Low
26289,1,1,0.5944728,High
26290,0,0,0.12836944,Low
26291,0,0,0.2614642,Medium
26292,0,0,0.14717014,Low
26293,0,0,0.3160847,Medium
26294,0,0,0.40548238,High
26295,1,0,0.4807366,High
26296,0,0,0.31677762,Medium
26297,0,0,0.13292368,Low
26298,1,1,0.8439733,Very High
26299,0,0,0.2545742,Medium
26300,0,0,0.2889341,Medium
26301,1,1,0.84509134,Very High
26302,0,0,0.26882428,Medium
26303,0,0,0.0760059,Low
26304,0,1,0.62876254,Very High
26305,0,0,0.08500546,Low
26306,0,0,0.31366467,Medium
26307,0,0,0.3434811,Medium
26308,1,1,0.83056575,Very High
26309,0,0,0.1902557,Low
26310,0,0,0.3077098,Medium
26311,0,0,0.4818104,High
26312,0,0,0.2864264,Medium
26313,1,1,0.51138484,High
26314,1,1,0.8475998,Very High
26315,1,1,0.69401205,Very High
26316,1,0,0.20790407,Medium
26317,0,0,0.22379977,Medium
26318,0,0,0.22006476,Medium
26319,1,1,0.50484145,High
26320,0,0,0.28408015,Medium
26321,0,0,0.20915262,Medium
26322,1,0,0.35872838,Medium
26323,0,0,0.42787302,High
26324,0,0,0.31633845,Medium
26325,1,0,0.15015505,Low
26326,0,0,0.4235188,High
26327,1,1,0.6601307,Very High
26328,1,1,0.5924406,High
26329,0,0,0.112863384,Low
26330,0,0,0.46587124,High
26331,0,0,0.25110173,Medium
26332,0,0,0.17165306,Low
26333,0,0,0.24270047,Medium
26334,0,0,0.10925146,Low
26335,0,0,0.36234272,Medium
26336,1,0,0.2119118,Medium
26337,0,0,0.2323233,Medium
26338,0,0,0.119480334,Low
26339,0,0,0.15014265,Low
26340,1,0,0.12403511,Low
26341,0,0,0.32405257,Medium
26342,0,0,0.07356238,Low
26343,0,0,0.21934293,Medium
26344,0,0,0.29149327,Medium
26345,0,0,0.31654605,Medium
26346,0,0,0.22739315,Medium
26347,1,1,0.5380332,High
26348,0,1,0.82602,Very High
26349,0,0,0.31513962,Medium
26350,0,0,0.39728782,Medium
26351,0,0,0.17097041,Low
26352,0,0,0.2101674,Medium
26353,1,0,0.19858648,Low
26354,0,1,0.5687783,High
26355,0,0,0.39457718,Medium
26356,0,0,0.35173988,Medium
26357,0,0,0.16232172,Low
26358,0,0,0.16613485,Low
26359,0,1,0.8347736,Very High
26360,0,0,0.094078965,Low
26361,0,0,0.15860376,Low
26362,0,0,0.26462603,Medium
26363,0,0,0.27620205,Medium
26364,0,0,0.2967288,Medium
26365,0,0,0.29312742,Medium
26366,0,0,0.32179788,Medium
26367,0,0,0.23808217,Medium
26368,1,0,0.3623407,Medium
26369,0,0,0.25645363,Medium
26370,0,0,0.08516593,Low
26371,1,1,0.5678326,High
26372,0,0,0.23137602,Medium
26373,0,1,0.70448184,Very High
26374,0,0,0.3593127,Medium
26375,1,1,0.5916507,High
26376,0,1,0.58242255,High
26377,1,0,0.3085456,Medium
26378,0,0,0.07095278,Low
26379,1,1,0.89264715,Very High
26380,0,1,0.5680225,High
26381,0,0,0.10422221,Low
26382,0,1,0.72041833,Very High
26383,0,0,0.107962586,Low
26384,0,0,0.13016354,Low
26385,0,0,0.14596133,Low
26386,0,0,0.21375051,Medium
26387,0,1,0.5021317,High
26388,0,0,0.11668558,Low
26389,0,0,0.22945666,Medium
26390,0,0,0.39346543,Medium
26391,1,1,0.7572593,Very High
26392,0,0,0.08530262,Low
26393,0,0,0.11331978,Low
26394,0,0,0.31103984,Medium
26395,0,1,0.8279584,Very High
26396,0,0,0.16920313,Low
26397,0,0,0.1865256,Low
26398,0,0,0.12815848,Low
26399,0,0,0.22790112,Medium
26400,0,0,0.1836906,Low
26401,0,0,0.07247542,Low
26402,0,0,0.27621922,Medium
26403,0,0,0.18170115,Low
26404,0,0,0.15110475,Low
26405,1,1,0.5310254,High
26406,0,1,0.5247025,High
26407,0,1,0.5274795,High
26408,0,0,0.3306406,Medium
26409,1,0,0.34463456,Medium
26410,0,0,0.37204888,Medium
26411,0,0,0.18920529,Low
26412,0,0,0.29674968,Medium
26413,0,1,0.788793,Very High
26414,0,0,0.14910716,Low
26415,0,0,0.096626475,Low
26416,0,0,0.4416259,High
26417,0,0,0.23361094,Medium
26418,0,0,0.14211331,Low
26419,0,0,0.33658373,Medium
26420,0,0,0.33251235,Medium
26421,1,0,0.22070141,Medium
26422,0,0,0.38011017,Medium
26423,0,0,0.122832745,Low
26424,0,0,0.13826974,Low
26425,0,0,0.19797769,Low
26426,0,0,0.17537746,Low
26427,1,0,0.34037316,Medium
26428,0,0,0.2015402,Medium
26429,0,0,0.1554466,Low
26430,0,0,0.3581161,Medium
26431,0,0,0.26333442,Medium
26432,0,0,0.26184303,Medium
26433,0,0,0.22833122,Medium
26434,0,0,0.071270436,Low
26435,0,0,0.12515688,Low
26436,0,0,0.44075936,High
26437,0,0,0.23349603,Medium
26438,0,0,0.24142928,Medium
26439,0,0,0.21728675,Medium
26440,0,0,0.32491064,Medium
26441,0,1,0.91083467,Very High
26442,1,1,0.6470808,Very High
26443,1,0,0.2444909,Medium
26444,0,0,0.2435438,Medium
26445,0,1,0.5773324,High
26446,1,0,0.48607126,High
26447,1,1,0.78152597,Very High
26448,0,0,0.23715058,Medium
26449,1,0,0.24723592,Medium
26450,0,0,0.24577513,Medium
26451,0,0,0.1498076,Low
26452,0,0,0.30951723,Medium
26453,0,0,0.23660193,Medium
26454,1,0,0.43393064,High
26455,1,1,0.8644329,Very High
26456,0,0,0.19012477,Low
26457,1,0,0.32697648,Medium
26458,0,1,0.71553135,Very High
26459,0,0,0.23074761,Medium
26460,1,0,0.4079205,High
26461,0,0,0.27706745,Medium
26462,0,0,0.1842034,Low
26463,0,0,0.38886085,Medium
26464,1,0,0.4402058,High
26465,0,0,0.3136414,Medium
26466,1,0,0.19157404,Low
26467,1,0,0.13398467,Low
26468,0,0,0.16165581,Low
26469,0,0,0.23392504,Medium
26470,0,0,0.29689056,Medium
26471,0,0,0.229793,Medium
26472,0,0,0.35366893,Medium
26473,1,0,0.19465378,Low
26474,0,0,0.13138461,Low
26475,0,0,0.2737203,Medium
26476,1,1,0.57719994,High
26477,0,0,0.074087694,Low
26478,0,0,0.30683205,Medium
26479,0,0,0.36679837,Medium
26480,1,0,0.41031393,High
26481,0,0,0.33496907,Medium
26482,0,0,0.29018363,Medium
26483,0,0,0.36156562,Medium
26484,0,1,0.6905671,Very High
26485,1,1,0.8868362,Very High
26486,0,0,0.31198514,Medium
26487,1,1,0.6239714,Very High
26488,0,0,0.34961623,Medium
26489,0,0,0.15874925,Low
26490,0,0,0.1904842,Low
26491,0,1,0.57522845,High
26492,0,0,0.22437818,Medium
26493,1,0,0.32116202,Medium
26494,0,0,0.28685436,Medium
26495,1,1,0.7138888,Very High
26496,0,0,0.37397787,Medium
26497,0,0,0.20743518,Medium
26498,0,0,0.18696193,Low
26499,0,0,0.33630064,Medium
26500,0,0,0.27367467,Medium
26501,1,1,0.83907175,Very High
26502,1,0,0.16152813,Low
26503,1,1,0.6853183,Very High
26504,0,0,0.3075941,Medium
26505,0,0,0.3470491,Medium
26506,0,0,0.23980506,Medium
26507,1,1,0.9134363,Very High
26508,0,0,0.14623848,Low
26509,0,0,0.26438066,Medium
26510,0,0,0.22364084,Medium
26511,0,1,0.5735109,High
26512,0,1,0.74521816,Very High
26513,0,0,0.3451376,Medium
26514,1,0,0.44985336,High
26515,0,0,0.35360935,Medium
26516,0,0,0.24191695,Medium
26517,0,1,0.70598096,Very High
26518,1,0,0.4001615,High
26519,0,1,0.6514177,Very High
26520,0,1,0.5299027,High
26521,1,0,0.44081694,High
26522,0,0,0.23146208,Medium
26523,0,0,0.1666033,Low
26524,0,0,0.08988602,Low
26525,1,1,0.6752282,Very High
26526,0,0,0.29143977,Medium
26527,0,0,0.431164,High
26528,0,0,0.1842705,Low
26529,1,0,0.15146506,Low
26530,0,0,0.3530421,Medium
26531,1,1,0.8052356,Very High
26532,0,0,0.21916439,Medium
26533,0,0,0.2588294,Medium
26534,1,0,0.44653994,High
26535,1,0,0.39410874,Medium
26536,1,1,0.75937206,Very High
26537,0,0,0.2768523,Medium
26538,0,0,0.4040683,High
26539,0,0,0.32587638,Medium
26540,0,0,0.48572248,High
26541,0,1,0.5174257,High
26542,1,0,0.38482317,Medium
26543,0,0,0.22097167,Medium
26544,0,0,0.24615957,Medium
26545,0,0,0.10652512,Low
26546,0,0,0.4332164,High
26547,0,0,0.10524302,Low
26548,0,0,0.2949972,Medium
26549,0,0,0.35999772,Medium
26550,0,0,0.06490642,Low
26551,1,0,0.206104,Medium
26552,1,0,0.31399602,Medium
26553,0,0,0.25650615,Medium
26554,0,0,0.17383441,Low
26555,0,1,0.74016184,Very High
26556,0,0,0.21161771,Medium
26557,1,1,0.87144774,Very High
26558,0,0,0.3121046,Medium
26559,1,0,0.3071971,Medium
26560,0,0,0.327926,Medium
26561,0,1,0.87353337,Very High
26562,0,0,0.21264382,Medium
26563,0,0,0.18732373,Low
26564,0,0,0.27443936,Medium
26565,0,1,0.85683644,Very High
26566,0,0,0.12762496,Low
26567,0,0,0.27522197,Medium
26568,0,0,0.4343319,High
26569,0,0,0.13196872,Low
26570,1,1,0.80923766,Very High
26571,0,0,0.34936312,Medium
26572,0,0,0.39882323,Medium
26573,0,0,0.18183166,Low
26574,0,0,0.40521792,High
26575,0,0,0.2669554,Medium
26576,0,1,0.5694544,High
26577,0,0,0.36336488,Medium
26578,0,0,0.25619093,Medium
26579,0,0,0.4399969,High
26580,0,1,0.91614354,Very High
26581,0,0,0.18357094,Low
26582,0,0,0.26342523,Medium
26583,1,0,0.2757223,Medium
26584,0,0,0.16188641,Low
26585,1,1,0.54411465,High
26586,1,0,0.42271787,High
26587,1,0,0.43196526,High
26588,1,1,0.74796927,Very High
26589,1,1,0.81140065,Very High
26590,0,0,0.22301368,Medium
26591,0,0,0.2747172,Medium
26592,0,0,0.2854024,Medium
26593,0,0,0.13842826,Low
26594,0,0,0.37708807,Medium
26595,0,0,0.23855388,Medium
26596,0,0,0.48667294,High
26597,0,0,0.38015154,Medium
26598,0,0,0.36977726,Medium
26599,1,1,0.6204358,Very High
26600,0,0,0.07583701,Low
26601,0,0,0.30604887,Medium
26602,0,0,0.37094748,Medium
26603,0,1,0.55264336,High
26604,0,0,0.3179405,Medium
26605,0,0,0.14382772,Low
26606,1,1,0.9187987,Very High
26607,0,0,0.2809584,Medium
26608,0,0,0.3083821,Medium
26609,0,0,0.29292583,Medium
26610,1,1,0.76990885,Very High
26611,0,1,0.5140622,High
26612,0,1,0.6026391,Very High
26613,0,0,0.3237993,Medium
26614,0,1,0.5735954,High
26615,0,1,0.8214271,Very High
26616,1,1,0.7908118,Very High
26617,0,0,0.4373128,High
26618,0,1,0.53344053,High
26619,1,0,0.32389206,Medium
26620,1,1,0.904457,Very High
26621,1,0,0.37763476,Medium
26622,0,0,0.32758105,Medium
26623,0,0,0.4110622,High
26624,0,0,0.25857818,Medium
26625,1,0,0.33001038,Medium
26626,0,0,0.14369617,Low
26627,1,0,0.48500237,High
26628,1,1,0.81441206,Very High
26629,0,0,0.30454403,Medium
26630,0,0,0.2944256,Medium
26631,0,0,0.32430038,Medium
26632,0,1,0.55532444,High
26633,0,0,0.41248643,High
26634,1,1,0.55268276,High
26635,0,0,0.48360208,High
26636,1,1,0.6943459,Very High
26637,0,1,0.6357319,Very High
26638,0,0,0.2160528,Medium
26639,0,0,0.3577159,Medium
26640,0,0,0.29902247,Medium
26641,1,1,0.92041296,Very High
26642,0,0,0.3459507,Medium
26643,0,0,0.2716943,Medium
26644,1,1,0.893833,Very High
26645,1,0,0.44692686,High
26646,1,0,0.3792254,Medium
26647,0,0,0.20446794,Medium
26648,1,1,0.8506343,Very High
26649,1,0,0.2882556,Medium
26650,0,1,0.6890186,Very High
26651,0,1,0.81304324,Very High
26652,1,1,0.80225503,Very High
26653,0,0,0.30553016,Medium
26654,0,0,0.21121842,Medium
26655,0,0,0.36434722,Medium
26656,0,1,0.57669014,High
26657,1,0,0.3858347,Medium
26658,0,0,0.3741593,Medium
26659,1,1,0.655857,Very High
26660,0,0,0.49890414,High
26661,0,0,0.14038964,Low
26662,0,0,0.39557442,Medium
26663,0,0,0.2780207,Medium
26664,1,1,0.8096934,Very High
26665,0,0,0.35688266,Medium
26666,0,0,0.48695308,High
26667,0,0,0.33192697,Medium
26668,0,0,0.31003687,Medium
26669,0,0,0.23624872,Medium
26670,0,0,0.12452184,Low
26671,0,0,0.26547986,Medium
26672,0,0,0.37937787,Medium
26673,0,0,0.31177625,Medium
26674,0,1,0.56449175,High
26675,0,0,0.23819022,Medium
26676,0,0,0.33265135,Medium
26677,0,0,0.106183484,Low
26678,0,0,0.06421563,Low
26679,0,0,0.28627792,Medium
26680,0,0,0.40529633,High
26681,1,1,0.83498347,Very High
26682,0,0,0.26914847,Medium
26683,0,0,0.32500082,Medium
26684,0,0,0.4393024,High
26685,0,1,0.57842445,High
26686,1,1,0.82913506,Very High
26687,0,1,0.7162046,Very High
26688,0,1,0.8135147,Very High
26689,1,0,0.43420005,High
26690,1,1,0.73767096,Very High
26691,0,0,0.18538284,Low
26692,0,1,0.6137057,Very High
26693,1,0,0.21382472,Medium
26694,0,0,0.11608516,Low
26695,0,0,0.41225252,High
26696,0,0,0.28416154,Medium
26697,0,0,0.41486368,High
26698,0,0,0.3909211,Medium
26699,0,0,0.26374513,Medium
26700,1,0,0.2836224,Medium
26701,1,0,0.24821497,Medium
26702,0,0,0.4713885,High
26703,0,1,0.7094983,Very High
26704,0,0,0.27561012,Medium
26705,0,0,0.09409367,Low
26706,0,0,0.24634355,Medium
26707,1,1,0.86743534,Very High
26708,0,0,0.32047972,Medium
26709,0,0,0.25019538,Medium
26710,0,0,0.31662875,Medium
26711,1,1,0.8593843,Very High
26712,0,0,0.16727822,Low
26713,0,1,0.9107105,Very High
26714,0,0,0.1245345,Low
26715,0,0,0.29787973,Medium
26716,1,1,0.68416506,Very High
26717,0,0,0.15233499,Low
26718,0,0,0.3796556,Medium
26719,0,0,0.3142072,Medium
26720,1,1,0.7391218,Very High
26721,0,0,0.3105124,Medium
26722,0,0,0.14036858,Low
26723,0,0,0.17534024,Low
26724,0,0,0.4040933,High
26725,0,0,0.15866244,Low
26726,0,0,0.10559634,Low
26727,0,0,0.3257221,Medium
26728,0,0,0.12682578,Low
26729,1,1,0.68438333,Very High
26730,0,0,0.23892525,Medium
26731,0,0,0.31520012,Medium
26732,0,0,0.21853729,Medium
26733,0,0,0.17354625,Low
26734,1,1,0.7708363,Very High
26735,0,0,0.326242,Medium
26736,0,0,0.19526657,Low
26737,1,1,0.6918798,Very High
26738,0,0,0.25654998,Medium
26739,1,1,0.78253525,Very High
26740,1,0,0.47963342,High
26741,1,1,0.6801835,Very High
26742,0,1,0.7152787,Very High
26743,0,0,0.14584449,Low
26744,0,1,0.5619102,High
26745,0,0,0.26026982,Medium
26746,0,0,0.12245703,Low
26747,1,1,0.6964822,Very High
26748,1,0,0.2543789,Medium
26749,0,0,0.23135436,Medium
26750,1,1,0.84313464,Very High
26751,0,0,0.25173226,Medium
26752,0,0,0.45772165,High
26753,0,0,0.13987996,Low
26754,0,0,0.13211916,Low
26755,0,0,0.36893454,Medium
26756,0,0,0.34635776,Medium
26757,0,0,0.10969481,Low
26758,0,1,0.5853891,High
26759,0,0,0.21565552,Medium
26760,1,0,0.32070532,Medium
26761,0,0,0.08647878,Low
26762,0,0,0.41550443,High
26763,0,0,0.3249144,Medium
26764,0,0,0.15413435,Low
26765,1,1,0.86638963,Very High
26766,1,0,0.32403985,Medium
26767,0,0,0.33266768,Medium
26768,0,0,0.3107448,Medium
26769,1,0,0.24539845,Medium
26770,0,0,0.25892586,Medium
26771,0,0,0.20705011,Medium
26772,0,0,0.45003378,High
26773,0,0,0.26526234,Medium
26774,1,1,0.88605297,Very High
26775,0,1,0.8303335,Very High
26776,0,0,0.3755545,Medium
26777,0,0,0.3784173,Medium
26778,1,0,0.24456792,Medium
26779,0,0,0.17544642,Low
26780,0,1,0.72941786,Very High
26781,0,0,0.09618944,Low
26782,1,1,0.63107467,Very High
26783,0,0,0.096068,Low
26784,0,0,0.12366657,Low
26785,1,1,0.8701894,Very High
26786,0,1,0.853998,Very High
26787,0,0,0.20543173,Medium
26788,0,0,0.14742999,Low
26789,1,0,0.28485858,Medium
26790,0,0,0.41470742,High
26791,0,0,0.31181636,Medium
26792,0,0,0.09951841,Low
26793,0,1,0.6404349,Very High
26794,0,0,0.091006905,Low
26795,0,0,0.118577436,Low
26796,0,0,0.2482868,Medium
26797,0,0,0.1863129,Low
26798,0,0,0.2657735,Medium
26799,0,0,0.15424976,Low
26800,0,0,0.2790396,Medium
26801,0,0,0.21149515,Medium
26802,1,1,0.9366744,Very High
26803,0,0,0.3841554,Medium
26804,1,1,0.81417626,Very High
26805,0,0,0.20513447,Medium
26806,0,0,0.4974745,High
26807,0,0,0.075320326,Low
26808,0,0,0.09228863,Low
26809,1,0,0.31529102,Medium
26810,0,0,0.09240843,Low
26811,0,0,0.3036467,Medium
26812,0,0,0.4183497,High
26813,0,0,0.13419612,Low
26814,1,0,0.24416742,Medium
26815,0,0,0.30268618,Medium
26816,0,0,0.45592093,High
26817,0,0,0.2821587,Medium
26818,0,0,0.23367909,Medium
26819,1,1,0.54204834,High
26820,0,0,0.2449247,Medium
26821,0,0,0.15500645,Low
26822,0,0,0.23643927,Medium
26823,0,1,0.5026007,High
26824,0,0,0.206987,Medium
26825,0,0,0.29801887,Medium
26826,0,0,0.18365727,Low
26827,1,1,0.8076154,Very High
26828,0,0,0.27313527,Medium
26829,0,0,0.17420252,Low
26830,1,0,0.24775285,Medium
26831,1,1,0.5316647,High
26832,0,0,0.088058084,Low
26833,0,0,0.11120899,Low
26834,0,0,0.14055236,Low
26835,0,0,0.09688538,Low
26836,0,0,0.35477537,Medium
26837,0,0,0.22001073,Medium
26838,0,0,0.48379463,High
26839,0,0,0.12687922,Low
26840,0,0,0.29566,Medium
26841,0,1,0.7998477,Very High
26842,0,0,0.29828903,Medium
26843,0,0,0.19978668,Low
26844,0,0,0.41420087,High
26845,0,0,0.47842607,High
26846,1,1,0.83423954,Very High
26847,1,1,0.87850636,Very High
26848,0,0,0.2793884,Medium
26849,0,1,0.7652365,Very High
26850,1,1,0.88688236,Very High
26851,0,0,0.08957319,Low
26852,0,1,0.5362497,High
26853,0,0,0.25103283,Medium
26854,1,1,0.6459509,Very High
26855,0,0,0.4049692,High
26856,0,0,0.31434408,Medium
26857,1,1,0.55343163,High
26858,0,0,0.12742089,Low
26859,1,1,0.8869138,Very High
26860,0,0,0.103787765,Low
26861,0,0,0.27913687,Medium
26862,0,0,0.14881317,Low
26863,0,0,0.26964322,Medium
26864,0,0,0.3065762,Medium
26865,0,0,0.4046799,High
26866,1,1,0.7739365,Very High
26867,1,0,0.33366197,Medium
26868,0,0,0.29031432,Medium
26869,0,0,0.12881362,Low
26870,0,0,0.14859164,Low
26871,1,1,0.8327557,Very High
26872,0,0,0.2357604,Medium
26873,0,0,0.22451212,Medium
26874,0,1,0.52117264,High
26875,0,0,0.11105614,Low
26876,0,0,0.16154943,Low
26877,0,0,0.26356366,Medium
26878,0,0,0.14102052,Low
26879,0,0,0.13071512,Low
26880,0,1,0.6717603,Very High
26881,0,1,0.8600188,Very High
26882,0,0,0.095164105,Low
26883,0,0,0.08904022,Low
26884,1,0,0.45929766,High
26885,1,0,0.21770635,Medium
26886,0,0,0.03986981,Low
26887,0,0,0.21389946,Medium
26888,0,0,0.2228192,Medium
26889,0,0,0.094892286,Low
26890,1,1,0.8569857,Very High
26891,0,0,0.2542591,Medium
26892,1,0,0.3117544,Medium
26893,0,1,0.6896726,Very High
26894,0,0,0.28564778,Medium
26895,0,0,0.34159815,Medium
26896,0,0,0.32623008,Medium
26897,1,0,0.47265664,High
26898,0,0,0.35895795,Medium
26899,0,0,0.23678726,Medium
26900,1,1,0.6051158,Very High
26901,0,0,0.14720412,Low
26902,0,0,0.35956255,Medium
26903,0,0,0.29385093,Medium
26904,0,0,0.21433568,Medium
26905,0,0,0.07128825,Low
26906,0,0,0.13714634,Low
26907,0,0,0.16119447,Low
26908,0,0,0.3724516,Medium
26909,0,0,0.2746448,Medium
26910,0,0,0.09447599,Low
26911,0,1,0.7905828,Very High
26912,0,0,0.17810594,Low
26913,0,0,0.31876987,Medium
26914,1,0,0.35324815,Medium
26915,1,1,0.8908653,Very High
26916,0,0,0.15196443,Low
26917,0,1,0.8328372,Very High
26918,0,1,0.50619894,High
26919,0,0,0.43737766,High
26920,1,1,0.53466797,High
26921,0,0,0.14478728,Low
26922,1,0,0.16227812,Low
26923,0,0,0.43940294,High
26924,0,0,0.14864239,Low
26925,0,0,0.1527939,Low
26926,1,1,0.83262116,Very High
26927,0,0,0.06714274,Low
26928,0,0,0.20681643,Medium
26929,0,1,0.6171136,Very High
26930,1,1,0.74168557,Very High
26931,1,0,0.32541034,Medium
26932,0,0,0.26842535,Medium
26933,1,0,0.3926703,Medium
26934,0,0,0.072366126,Low
26935,1,1,0.8425691,Very High
26936,0,1,0.52413183,High
26937,1,1,0.6471726,Very High
26938,0,0,0.17104445,Low
26939,1,0,0.26549253,Medium
26940,0,0,0.077381715,Low
26941,0,0,0.10097715,Low
26942,0,0,0.13339263,Low
26943,1,1,0.7843412,Very High
26944,1,1,0.6829221,Very High
26945,0,0,0.22027133,Medium
26946,0,0,0.24266127,Medium
26947,0,0,0.45828164,High
26948,1,1,0.8855343,Very High
26949,0,0,0.32341057,Medium
26950,0,0,0.18520795,Low
26951,0,0,0.11166495,Low
26952,0,1,0.6115773,Very High
26953,0,0,0.34118488,Medium
26954,0,0,0.17761327,Low
26955,0,0,0.11666206,Low
26956,0,0,0.26239622,Medium
26957,0,0,0.1117026,Low
26958,0,0,0.10709896,Low
26959,0,0,0.16347441,Low
26960,0,0,0.12182507,Low
26961,0,0,0.2911513,Medium
26962,0,0,0.32129234,Medium
26963,0,0,0.1718715,Low
26964,0,0,0.09490609,Low
26965,0,0,0.4508736,High
26966,1,1,0.57299984,High
26967,0,0,0.35445058,Medium
26968,0,0,0.12506385,Low
26969,0,0,0.16002859,Low
26970,0,0,0.08526665,Low
26971,1,1,0.59213865,High
26972,0,0,0.19832149,Low
26973,0,0,0.08297282,Low
26974,0,0,0.073282376,Low
26975,1,0,0.42231882,High
26976,0,0,0.24881168,Medium
26977,0,0,0.11287982,Low
26978,0,0,0.123757325,Low
26979,0,1,0.7918909,Very High
26980,0,0,0.23288254,Medium
26981,0,0,0.2506314,Medium
26982,0,0,0.2686872,Medium
26983,0,0,0.2632152,Medium
26984,0,0,0.12099773,Low
26985,0,0,0.37068623,Medium
26986,0,0,0.4103097,High
26987,0,0,0.1535226,Low
26988,0,0,0.23121847,Medium
26989,0,0,0.1339562,Low
26990,0,0,0.080898926,Low
26991,0,0,0.48353094,High
26992,0,0,0.20618364,Medium
26993,0,0,0.14465623,Low
26994,0,1,0.5885407,High
26995,0,0,0.069023155,Low
26996,0,0,0.14995967,Low
26997,1,1,0.8766973,Very High
26998,0,0,0.13594049,Low
26999,0,0,0.40677842,High
27000,0,0,0.18720204,Low
27001,0,0,0.41344467,High
27002,0,0,0.27633268,Medium
27003,0,0,0.2821806,Medium
27004,0,0,0.2996236,Medium
27005,0,0,0.31017956,Medium
27006,1,1,0.66770005,Very High
27007,0,0,0.3922106,Medium
27008,0,0,0.16175228,Low
27009,0,0,0.47466558,High
27010,0,0,0.16035707,Low
27011,0,1,0.7268875,Very High
27012,0,0,0.3917453,Medium
27013,0,0,0.12292297,Low
27014,1,1,0.6333885,Very High
27015,0,0,0.24269722,Medium
27016,0,0,0.27487028,Medium
27017,0,0,0.09832936,Low
27018,0,0,0.1735902,Low
27019,0,0,0.31551552,Medium
27020,0,0,0.2618167,Medium
27021,1,1,0.5876834,High
27022,0,0,0.47275552,High
27023,0,0,0.17340328,Low
27024,0,0,0.3217773,Medium
27025,0,1,0.8195324,Very High
27026,0,0,0.2290458,Medium
27027,0,0,0.40886852,High
27028,1,1,0.7497431,Very High
27029,1,0,0.42900902,High
27030,0,0,0.34254184,Medium
27031,0,0,0.26090595,Medium
27032,0,0,0.34439415,Medium
27033,0,0,0.23027678,Medium
27034,0,0,0.17678249,Low
27035,1,1,0.8839181,Very High
27036,0,0,0.34270075,Medium
27037,0,0,0.41674465,High
27038,0,0,0.23301995,Medium
27039,0,0,0.12707454,Low
27040,1,0,0.38630491,Medium
27041,0,0,0.10527639,Low
27042,0,0,0.2781331,Medium
27043,0,0,0.24416833,Medium
27044,1,0,0.38744393,Medium
27045,0,0,0.19465086,Low
27046,0,0,0.17609194,Low
27047,0,0,0.43270358,High
27048,1,1,0.8204193,Very High
27049,0,1,0.8959681,Very High
27050,1,1,0.50713116,High
27051,0,0,0.19318524,Low
27052,0,0,0.28700525,Medium
27053,0,0,0.32284063,Medium
27054,1,1,0.8897729,Very High
27055,0,0,0.14438686,Low
27056,0,0,0.36419126,Medium
27057,0,1,0.6029692,Very High
27058,1,0,0.2309303,Medium
27059,0,0,0.24375843,Medium
27060,1,0,0.25749847,Medium
27061,0,0,0.40385368,High
27062,0,0,0.4683263,High
27063,0,0,0.22127631,Medium
27064,0,0,0.24927048,Medium
27065,0,0,0.44934934,High
27066,0,0,0.050418634,Low
27067,1,1,0.59652096,High
27068,0,0,0.384692,Medium
27069,1,1,0.89483124,Very High
27070,0,0,0.17030941,Low
27071,0,0,0.12650616,Low
27072,1,1,0.8382879,Very High
27073,0,0,0.2642948,Medium
27074,0,0,0.076563224,Low
27075,1,0,0.22494018,Medium
27076,0,0,0.16253999,Low
27077,0,0,0.22763425,Medium
27078,0,1,0.8581036,Very High
27079,0,0,0.11518517,Low
27080,0,0,0.2796542,Medium
27081,0,0,0.20814566,Medium
27082,0,0,0.24442542,Medium
27083,1,1,0.91925436,Very High
27084,0,0,0.097801134,Low
27085,1,1,0.6962355,Very High
27086,0,0,0.44402498,High
27087,0,0,0.11798409,Low
27088,0,1,0.71007985,Very High
27089,1,0,0.4021637,High
27090,0,0,0.1347046,Low
27091,0,1,0.52953315,High
27092,1,1,0.8120899,Very High
27093,0,0,0.368496,Medium
27094,0,0,0.3692521,Medium
27095,0,0,0.23083767,Medium
27096,0,0,0.07972137,Low
27097,0,0,0.13087425,Low
27098,0,0,0.23484084,Medium
27099,0,0,0.4423101,High
27100,0,0,0.17935981,Low
27101,0,0,0.20119639,Medium
27102,1,0,0.39906782,Medium
27103,0,0,0.30333865,Medium
27104,0,0,0.3245186,Medium
27105,0,0,0.46611622,High
27106,1,0,0.43770012,High
27107,0,0,0.32475457,Medium
27108,0,0,0.24714476,Medium
27109,0,0,0.1616298,Low
27110,0,0,0.19085947,Low
27111,1,1,0.54958,High
27112,1,1,0.8116969,Very High
27113,1,0,0.2070324,Medium
27114,0,0,0.26466447,Medium
27115,0,0,0.086577885,Low
27116,0,0,0.48862532,High
27117,0,1,0.5120925,High
27118,0,0,0.16832186,Low
27119,0,0,0.25883815,Medium
27120,1,0,0.17689458,Low
27121,0,0,0.12740943,Low
27122,1,1,0.6236916,Very High
27123,1,1,0.85500824,Very High
27124,0,0,0.14150384,Low
27125,0,0,0.30979398,Medium
27126,0,0,0.341253,Medium
27127,0,0,0.39927286,Medium
27128,0,0,0.1349542,Low
27129,0,0,0.24570698,Medium
27130,1,0,0.47751775,High
27131,0,0,0.08297851,Low
27132,1,1,0.5021076,High
27133,0,0,0.12685312,Low
27134,0,0,0.22748679,Medium
27135,0,0,0.110498495,Low
27136,0,0,0.089909226,Low
27137,1,1,0.87651646,Very High
27138,0,0,0.2317317,Medium
27139,0,0,0.32552895,Medium
27140,1,1,0.9252864,Very High
27141,0,0,0.2006732,Medium
27142,0,0,0.2739506,Medium
27143,0,0,0.22531192,Medium
27144,0,0,0.49063933,High
27145,0,0,0.08220497,Low
27146,1,0,0.10008747,Low
27147,0,0,0.29108018,Medium
27148,0,0,0.2592145,Medium
27149,0,0,0.11931092,Low
27150,1,1,0.8650148,Very High
27151,0,1,0.5391511,High
27152,0,0,0.3957151,Medium
27153,0,0,0.117584154,Low
27154,0,0,0.2500586,Medium
27155,1,1,0.92209864,Very High
27156,0,0,0.15219073,Low
27157,1,1,0.7645941,Very High
27158,1,1,0.90930825,Very High
27159,1,0,0.43670142,High
27160,1,0,0.36953056,Medium
27161,1,1,0.88290113,Very High
27162,0,0,0.115820445,Low
27163,0,0,0.2861968,Medium
27164,0,1,0.86670965,Very High
27165,0,0,0.3341803,Medium
27166,0,1,0.5973365,High
27167,0,1,0.6534683,Very High
27168,1,0,0.41488495,High
27169,0,0,0.4951124,High
27170,0,0,0.1107822,Low
27171,0,0,0.19267642,Low
27172,0,0,0.2224334,Medium
27173,0,0,0.37556058,Medium
27174,0,0,0.46219346,High
27175,0,0,0.28154948,Medium
27176,0,0,0.13532867,Low
27177,0,1,0.5645593,High
27178,0,0,0.23976776,Medium
27179,1,1,0.8209596,Very High
27180,0,0,0.17085962,Low
27181,0,0,0.3014662,Medium
27182,0,0,0.16152975,Low
27183,0,0,0.10372347,Low
27184,0,0,0.09734309,Low
27185,1,1,0.5735581,High
27186,0,0,0.44573563,High
27187,0,0,0.17646228,Low
27188,0,0,0.12225398,Low
27189,0,0,0.23107977,Medium
27190,1,0,0.45387778,High
27191,0,1,0.887268,Very High
27192,0,0,0.38282618,Medium
27193,1,1,0.92232496,Very High
27194,1,0,0.31106317,Medium
27195,0,0,0.109448515,Low
27196,1,1,0.8515946,Very High
27197,1,1,0.56455475,High
27198,0,0,0.16975085,Low
27199,1,1,0.6325792,Very High
27200,0,0,0.3083624,Medium
27201,0,0,0.37874132,Medium
27202,0,0,0.36980143,Medium
27203,0,0,0.26364058,Medium
27204,0,0,0.21529493,Medium
27205,0,0,0.2895715,Medium
27206,0,0,0.4025497,High
27207,0,0,0.15311,Low
27208,0,0,0.2443684,Medium
27209,0,0,0.36469322,Medium
27210,1,1,0.6722345,Very High
27211,0,0,0.26490438,Medium
27212,1,1,0.86540335,Very High
27213,0,0,0.1546091,Low
27214,1,1,0.8621796,Very High
27215,0,1,0.90248567,Very High
27216,0,0,0.19758686,Low
27217,1,1,0.9175931,Very High
27218,1,1,0.74428916,Very High
27219,0,0,0.28472394,Medium
27220,0,0,0.22735578,Medium
27221,0,0,0.17174141,Low
27222,1,1,0.91759413,Very High
27223,1,0,0.42074594,High
27224,0,0,0.10495348,Low
27225,1,0,0.3747056,Medium
27226,0,0,0.47398075,High
27227,0,0,0.25958726,Medium
27228,0,0,0.10063797,Low
27229,1,1,0.8058753,Very High
27230,0,0,0.3170059,Medium
27231,1,1,0.8712847,Very High
27232,0,0,0.040717486,Low
27233,0,0,0.34061602,Medium
27234,0,0,0.14064644,Low
27235,0,0,0.23973668,Medium
27236,0,1,0.674548,Very High
27237,1,0,0.33018726,Medium
27238,0,0,0.1155543,Low
27239,0,0,0.34651613,Medium
27240,0,0,0.17846932,Low
27241,0,0,0.26587066,Medium
27242,0,1,0.842303,Very High
27243,1,0,0.22481212,Medium
27244,1,0,0.30388567,Medium
27245,0,0,0.29052743,Medium
27246,0,0,0.17491911,Low
27247,0,1,0.6452376,Very High
27248,0,0,0.04986315,Low
27249,0,0,0.09615467,Low
27250,0,0,0.30632257,Medium
27251,0,0,0.17107293,Low
27252,0,0,0.11896752,Low
27253,0,0,0.29849428,Medium
27254,1,1,0.568016,High
27255,0,1,0.9256564,Very High
27256,0,0,0.27116495,Medium
27257,0,0,0.25921327,Medium
27258,0,0,0.25821537,Medium
27259,0,0,0.21935003,Medium
27260,1,1,0.856612,Very High
27261,0,0,0.19429487,Low
27262,0,1,0.769616,Very High
27263,1,1,0.89329785,Very High
27264,1,1,0.79813105,Very High
27265,0,0,0.49539986,High
27266,0,0,0.48514643,High
27267,0,0,0.21573938,Medium
27268,1,1,0.90537584,Very High
27269,0,0,0.1611078,Low
27270,0,0,0.24072663,Medium
27271,0,0,0.06379547,Low
27272,0,0,0.08872396,Low
27273,0,0,0.12158607,Low
27274,1,0,0.4372492,High
27275,0,0,0.39390364,Medium
27276,0,0,0.24173716,Medium
27277,1,1,0.8866337,Very High
27278,0,1,0.71779794,Very High
27279,1,0,0.36668748,Medium
27280,0,0,0.3054805,Medium
27281,0,0,0.1699217,Low
27282,0,1,0.6634989,Very High
27283,0,0,0.34277898,Medium
27284,0,0,0.12604986,Low
27285,1,0,0.42978117,High
27286,0,0,0.18523589,Low
27287,0,0,0.31910166,Medium
27288,0,0,0.22648577,Medium
27289,1,0,0.30619335,Medium
27290,0,0,0.25826904,Medium
27291,0,0,0.16655925,Low
27292,0,0,0.4628744,High
27293,0,0,0.08363089,Low
27294,0,0,0.36570024,Medium
27295,0,0,0.24593787,Medium
27296,1,1,0.5885407,High
27297,0,0,0.3930687,Medium
27298,1,0,0.39375642,Medium
27299,1,1,0.74786377,Very High
27300,0,0,0.063883476,Low
27301,0,0,0.26695323,Medium
27302,0,0,0.32484248,Medium
27303,0,0,0.18815067,Low
27304,0,0,0.1396921,Low
27305,0,0,0.10970584,Low
27306,0,0,0.12937729,Low
27307,0,0,0.2138722,Medium
27308,0,0,0.36393917,Medium
27309,0,1,0.75583106,Very High
27310,0,0,0.12193014,Low
27311,0,0,0.4233855,High
27312,0,1,0.620667,Very High
27313,0,0,0.11103884,Low
27314,0,0,0.33946723,Medium
27315,1,0,0.35138592,Medium
27316,0,0,0.2336076,Medium
27317,0,0,0.22300972,Medium
27318,0,0,0.31482494,Medium
27319,0,0,0.3894059,Medium
27320,0,0,0.35215187,Medium
27321,1,1,0.66737705,Very High
27322,1,0,0.23158784,Medium
27323,0,0,0.23834166,Medium
27324,0,0,0.45486686,High
27325,0,0,0.066256925,Low
27326,0,0,0.22937226,Medium
27327,0,0,0.2362674,Medium
27328,0,0,0.37562624,Medium
27329,1,0,0.33695093,Medium
27330,0,0,0.33253554,Medium
27331,0,0,0.19511645,Low
27332,0,0,0.18308896,Low
27333,0,0,0.24261197,Medium
27334,0,0,0.41225085,High
27335,0,0,0.13611625,Low
27336,0,0,0.20920473,Medium
27337,1,1,0.8456764,Very High
27338,0,0,0.25237912,Medium
27339,0,0,0.15668888,Low
27340,0,1,0.56764245,High
27341,0,0,0.3240051,Medium
27342,0,0,0.11462989,Low
27343,0,0,0.14281054,Low
27344,0,0,0.16963932,Low
27345,0,0,0.12816764,Low
27346,1,0,0.26372552,Medium
27347,0,0,0.22414014,Medium
27348,1,0,0.4422717,High
27349,0,0,0.21812233,Medium
27350,0,0,0.41452998,High
27351,1,0,0.3744176,Medium
27352,0,0,0.32347926,Medium
27353,0,0,0.28015208,Medium
27354,1,1,0.84401137,Very High
27355,1,1,0.59427375,High
27356,0,0,0.26260063,Medium
27357,0,0,0.35905457,Medium
27358,0,0,0.06386571,Low
27359,0,0,0.1875242,Low
27360,0,0,0.23652788,Medium
27361,0,1,0.75723827,Very High
27362,1,0,0.28600788,Medium
27363,0,0,0.24395564,Medium
27364,0,0,0.20524548,Medium
27365,0,0,0.4054315,High
27366,0,0,0.4724076,High
27367,0,0,0.098428376,Low
27368,0,1,0.8532107,Very High
27369,0,1,0.5846253,High
27370,0,0,0.089375556,Low
27371,0,0,0.20186058,Medium
27372,0,0,0.058084995,Low
27373,1,1,0.81927705,Very High
27374,0,0,0.17400944,Low
27375,1,0,0.36434,Medium
27376,1,0,0.34000668,Medium
27377,0,0,0.17647365,Low
27378,0,0,0.21500762,Medium
27379,0,0,0.33069906,Medium
27380,0,0,0.34289214,Medium
27381,0,0,0.10844942,Low
27382,0,0,0.19842263,Low
27383,0,0,0.12615691,Low
27384,0,0,0.14971098,Low
27385,1,1,0.8554467,Very High
27386,0,0,0.22574368,Medium
27387,1,1,0.83501387,Very High
27388,0,0,0.31785122,Medium
27389,0,0,0.4205504,High
27390,1,0,0.3708569,Medium
27391,0,0,0.08589578,Low
27392,0,0,0.086451456,Low
27393,0,0,0.20425227,Medium
27394,1,1,0.8303,Very High
27395,0,0,0.13052407,Low
27396,0,0,0.121410176,Low
27397,0,0,0.3690059,Medium
27398,0,1,0.5081344,High
27399,0,0,0.38007933,Medium
27400,0,0,0.25652426,Medium
27401,0,0,0.40318513,High
27402,0,0,0.18069643,Low
27403,0,0,0.357388,Medium
27404,0,0,0.10779526,Low
27405,0,0,0.32520238,Medium
27406,0,1,0.56018066,High
27407,0,0,0.44378608,High
27408,0,0,0.2525263,Medium
27409,0,0,0.15683872,Low
27410,0,0,0.14520685,Low
27411,0,0,0.23559508,Medium
27412,0,0,0.3079485,Medium
27413,0,0,0.10864111,Low
27414,0,0,0.15747955,Low
27415,0,0,0.35451916,Medium
27416,1,1,0.5486927,High
27417,1,0,0.39980516,Medium
27418,0,0,0.16512497,Low
27419,0,0,0.16388136,Low
27420,1,0,0.4975129,High
27421,0,1,0.542144,High
27422,0,0,0.33823866,Medium
27423,0,0,0.25760183,Medium
27424,0,0,0.2779516,Medium
27425,1,0,0.30689067,Medium
27426,1,0,0.12778541,Low
27427,0,0,0.47281373,High
27428,1,1,0.74059373,Very High
27429,1,0,0.36201933,Medium
27430,0,0,0.179887,Low
27431,1,0,0.29698697,Medium
27432,1,0,0.35581994,Medium
27433,0,1,0.60728383,Very High
27434,0,0,0.18592395,Low
27435,1,0,0.33013228,Medium
27436,0,0,0.2872908,Medium
27437,0,0,0.32458162,Medium
27438,0,0,0.063376546,Low
27439,0,0,0.09307197,Low
27440,0,1,0.8286263,Very High
27441,1,1,0.9179321,Very High
27442,1,1,0.6950122,Very High
27443,0,1,0.61778957,Very High
27444,0,0,0.47065255,High
27445,0,0,0.11646856,Low
27446,0,0,0.26843485,Medium
27447,0,0,0.17466661,Low
27448,0,0,0.27620938,Medium
27449,1,1,0.77775174,Very High
27450,0,0,0.3800419,Medium
27451,0,0,0.12146784,Low
27452,0,0,0.1375696,Low
27453,1,1,0.84755194,Very High
27454,1,1,0.75290024,Very High
27455,0,1,0.58118,High
27456,0,0,0.46065202,High
27457,0,0,0.29549095,Medium
27458,1,1,0.55457985,High
27459,0,1,0.90583515,Very High
27460,0,0,0.2067247,Medium
27461,0,0,0.33541664,Medium
27462,0,0,0.1855206,Low
27463,0,0,0.100167796,Low
27464,0,1,0.7699719,Very High
27465,0,0,0.3368189,Medium
27466,0,0,0.21638331,Medium
27467,0,0,0.30100378,Medium
27468,1,1,0.8347802,Very High
27469,0,0,0.31309158,Medium
27470,0,0,0.47275242,High
27471,1,1,0.85297686,Very High
27472,0,0,0.17702025,Low
27473,0,0,0.19749829,Low
27474,1,1,0.8956007,Very High
27475,0,0,0.09613446,Low
27476,0,0,0.31929374,Medium
27477,0,1,0.6700496,Very High
27478,0,1,0.6391323,Very High
27479,0,0,0.20771787,Medium
27480,0,0,0.28146294,Medium
27481,0,0,0.08806531,Low
27482,1,0,0.417753,High
27483,0,1,0.82573384,Very High
27484,0,1,0.8435501,Very High
27485,1,1,0.89089495,Very High
27486,1,1,0.906999,Very High
27487,1,0,0.34157005,Medium
27488,0,0,0.29732636,Medium
27489,0,0,0.3359504,Medium
27490,0,0,0.2800558,Medium
27491,0,0,0.32090446,Medium
27492,0,0,0.26418212,Medium
27493,0,0,0.3796631,Medium
27494,1,0,0.30970415,Medium
27495,0,1,0.63571274,Very High
27496,1,0,0.37303108,Medium
27497,0,0,0.37702054,Medium
27498,0,0,0.47758627,High
27499,1,1,0.7879051,Very High
27500,1,1,0.9324019,Very High
27501,0,0,0.4274051,High
27502,1,0,0.3338202,Medium
27503,0,0,0.44231787,High
27504,0,0,0.37289524,Medium
27505,0,0,0.15456043,Low
27506,0,0,0.13495834,Low
27507,1,0,0.32014987,Medium
27508,1,0,0.372101,Medium
27509,0,0,0.29355922,Medium
27510,1,1,0.8391943,Very High
27511,0,1,0.7399781,Very High
27512,1,1,0.6184578,Very High
27513,0,0,0.2128107,Medium
27514,0,0,0.29640904,Medium
27515,0,0,0.24403723,Medium
27516,0,0,0.2967533,Medium
27517,0,0,0.44267145,High
27518,0,1,0.52270937,High
27519,0,0,0.2820115,Medium
27520,0,0,0.13093524,Low
27521,1,0,0.3177065,Medium
27522,0,1,0.69355565,Very High
27523,1,0,0.44202262,High
27524,1,1,0.65023774,Very High
27525,0,0,0.4616731,High
27526,0,0,0.26971388,Medium
27527,1,1,0.69081444,Very High
27528,1,0,0.20874076,Medium
27529,0,0,0.15239635,Low
27530,0,1,0.6514023,Very High
27531,0,0,0.28763175,Medium
27532,0,0,0.11887094,Low
27533,0,0,0.3639832,Medium
27534,1,1,0.83827776,Very High
27535,0,0,0.37006837,Medium
27536,1,1,0.87952316,Very High
27537,1,1,0.9414874,Very High
27538,0,0,0.3888667,Medium
27539,0,0,0.26369157,Medium
27540,1,0,0.33717448,Medium
27541,1,0,0.4513274,High
27542,0,0,0.1453292,Low
27543,0,1,0.54582083,High
27544,1,0,0.44059843,High
27545,0,1,0.6624961,Very High
27546,1,0,0.14423499,Low
27547,0,0,0.445276,High
27548,1,1,0.6667928,Very High
27549,1,1,0.849829,Very High
27550,1,1,0.782132,Very High
27551,1,1,0.65730995,Very High
27552,0,0,0.20375314,Medium
27553,0,0,0.16951,Low
27554,1,1,0.8352787,Very High
27555,1,1,0.6996599,Very High
27556,0,0,0.2553165,Medium
27557,1,1,0.8360815,Very High
27558,0,0,0.2613758,Medium
27559,0,0,0.22197299,Medium
27560,0,0,0.31263515,Medium
27561,0,0,0.47646996,High
27562,0,0,0.15433663,Low
27563,0,0,0.3892403,Medium
27564,0,0,0.19839399,Low
27565,1,0,0.43289572,High
27566,0,0,0.47694543,High
27567,0,1,0.77867323,Very High
27568,0,0,0.31371102,Medium
27569,0,0,0.41333738,High
27570,1,0,0.38582972,Medium
27571,0,0,0.45203984,High
27572,0,0,0.35890687,Medium
27573,0,0,0.26887718,Medium
27574,0,0,0.19088082,Low
27575,0,0,0.33018458,Medium
27576,0,0,0.3131367,Medium
27577,0,0,0.2534639,Medium
27578,1,1,0.64252305,Very High
27579,0,0,0.36546716,Medium
27580,1,1,0.7563684,Very High
27581,1,1,0.8540069,Very High
27582,0,1,0.84261197,Very High
27583,0,0,0.47488296,High
27584,0,0,0.1472344,Low
27585,1,0,0.1988741,Low
27586,1,1,0.70096856,Very High
27587,0,0,0.41742346,High
27588,1,0,0.44474965,High
27589,0,0,0.1737627,Low
27590,1,1,0.6656716,Very High
27591,0,0,0.13355044,Low
27592,0,1,0.5598806,High
27593,1,0,0.3322707,Medium
27594,0,0,0.31852728,Medium
27595,0,0,0.3931698,Medium
27596,1,0,0.33465782,Medium
27597,0,0,0.2584365,Medium
27598,0,0,0.13367355,Low
27599,0,0,0.47166696,High
27600,1,1,0.85427684,Very High
27601,0,0,0.19291411,Low
27602,0,0,0.2753925,Medium
27603,0,0,0.06267377,Low
27604,0,0,0.1443042,Low
27605,0,1,0.51975167,High
27606,0,0,0.41878882,High
27607,1,0,0.3604956,Medium
27608,0,0,0.15613925,Low
27609,0,0,0.14715733,Low
27610,0,0,0.22052944,Medium
27611,0,0,0.22999975,Medium
27612,0,0,0.3037807,Medium
27613,1,1,0.8943098,Very High
27614,1,1,0.7359434,Very High
27615,0,0,0.08266049,Low
27616,1,1,0.8594727,Very High
27617,0,0,0.2828795,Medium
27618,0,1,0.6135029,Very High
27619,1,1,0.85862,Very High
27620,1,0,0.40062147,High
27621,0,0,0.30458307,Medium
27622,0,0,0.25880593,Medium
27623,0,0,0.22184469,Medium
27624,1,1,0.84741664,Very High
27625,0,0,0.39095733,Medium
27626,0,0,0.2706184,Medium
27627,0,0,0.24584474,Medium
27628,1,1,0.7343264,Very High
27629,0,0,0.28317642,Medium
27630,0,0,0.31053832,Medium
27631,1,1,0.8811967,Very High
27632,1,1,0.84794354,Very High
27633,0,0,0.4873395,High
27634,0,0,0.35003585,Medium
27635,0,0,0.27216658,Medium
27636,1,0,0.28295043,Medium
27637,0,1,0.52736,High
27638,0,0,0.41145346,High
27639,0,1,0.5518158,High
27640,0,1,0.5993476,High
27641,0,0,0.322077,Medium
27642,0,0,0.31926417,Medium
27643,0,0,0.25851995,Medium
27644,1,1,0.76329535,Very High
27645,0,0,0.16381706,Low
27646,0,0,0.120333664,Low
27647,0,0,0.21491502,Medium
27648,0,0,0.30294302,Medium
27649,0,0,0.21474333,Medium
27650,0,0,0.17813867,Low
27651,0,1,0.8820736,Very High
27652,0,0,0.2652785,Medium
27653,0,1,0.532635,High
27654,1,1,0.8373364,Very High
27655,1,1,0.82016724,Very High
27656,0,0,0.22966704,Medium
27657,1,0,0.34955046,Medium
27658,0,1,0.8174964,Very High
27659,0,1,0.62978363,Very High
27660,1,1,0.8579307,Very High
27661,0,0,0.46299356,High
27662,1,0,0.28446162,Medium
27663,0,1,0.6097346,Very High
27664,1,1,0.62230664,Very High
27665,1,1,0.88923186,Very High
27666,1,0,0.39430156,Medium
27667,0,0,0.14013983,Low
27668,0,0,0.29188275,Medium
27669,1,1,0.5718376,High
27670,0,1,0.65303206,Very High
27671,1,1,0.7651145,Very High
27672,0,1,0.5900687,High
27673,0,0,0.3187779,Medium
27674,1,1,0.5039654,High
27675,0,0,0.29969025,Medium
27676,0,1,0.82285833,Very High
27677,0,0,0.20373502,Medium
27678,0,0,0.32225987,Medium
27679,0,0,0.2180664,Medium
27680,0,0,0.26056972,Medium
27681,0,0,0.30668294,Medium
27682,0,1,0.5254014,High
27683,0,1,0.51478714,High
27684,1,1,0.81575423,Very High
27685,0,0,0.15227255,Low
27686,0,0,0.4510756,High
27687,0,0,0.30638167,Medium
27688,1,0,0.3855684,Medium
27689,1,0,0.294391,Medium
27690,0,0,0.32740426,Medium
27691,0,0,0.17568626,Low
27692,0,0,0.09227629,Low
27693,0,0,0.08977987,Low
27694,0,1,0.5165917,High
27695,0,0,0.2579306,Medium
27696,0,0,0.14232923,Low
27697,1,1,0.73367167,Very High
27698,0,0,0.15578277,Low
27699,0,0,0.37464926,Medium
27700,0,0,0.4185778,High
27701,0,0,0.3163032,Medium
27702,1,1,0.8520103,Very High
27703,0,0,0.46933383,High
27704,1,1,0.86613137,Very High
27705,0,1,0.7010783,Very High
27706,0,0,0.22885244,Medium
27707,1,0,0.32815024,Medium
27708,0,0,0.14789915,Low
27709,1,0,0.25993684,Medium
27710,0,0,0.29488298,Medium
27711,0,0,0.29790214,Medium
27712,0,0,0.28328204,Medium
27713,0,0,0.29184723,Medium
27714,0,0,0.3519671,Medium
27715,0,0,0.10692693,Low
27716,0,0,0.4785526,High
27717,0,0,0.24143636,Medium
27718,0,0,0.20395042,Medium
27719,1,1,0.84469885,Very High
27720,0,0,0.40300095,High
27721,1,1,0.7627477,Very High
27722,1,0,0.33442846,Medium
27723,0,1,0.71215767,Very High
27724,0,1,0.82300365,Very High
27725,0,0,0.4112604,High
27726,0,0,0.44092977,High
27727,0,0,0.33420599,Medium
27728,1,0,0.4558744,High
27729,0,0,0.17721851,Low
27730,0,0,0.17348006,Low
27731,1,1,0.9031709,Very High
27732,0,0,0.43533456,High
27733,0,0,0.41554555,High
27734,0,1,0.5914763,High
27735,0,0,0.17697318,Low
27736,0,0,0.29343095,Medium
27737,1,1,0.86874807,Very High
27738,0,0,0.4397098,High
27739,0,0,0.23722425,Medium
27740,1,0,0.38923088,Medium
27741,0,0,0.30280828,Medium
27742,0,0,0.33541542,Medium
27743,0,1,0.8590567,Very High
27744,0,0,0.34050652,Medium
27745,0,0,0.2630677,Medium
27746,0,0,0.22705498,Medium
27747,0,0,0.16209207,Low
27748,1,1,0.8534335,Very High
27749,1,1,0.7726064,Very High
27750,0,0,0.30658463,Medium
27751,0,0,0.378284,Medium
27752,0,0,0.15984333,Low
27753,0,0,0.12015532,Low
27754,0,0,0.19962355,Low
27755,1,1,0.55485725,High
27756,0,0,0.30883017,Medium
27757,0,0,0.3246851,Medium
27758,1,0,0.23301072,Medium
27759,0,0,0.4322291,High
27760,1,1,0.8467545,Very High
27761,0,0,0.24705796,Medium
27762,0,0,0.22307849,Medium
27763,0,0,0.49540743,High
27764,0,0,0.21690843,Medium
27765,0,0,0.25645834,Medium
27766,0,0,0.47822315,High
27767,1,1,0.55533326,High
27768,0,0,0.42857656,High
27769,0,0,0.21521582,Medium
27770,0,0,0.31893244,Medium
27771,0,0,0.27181044,Medium
27772,0,0,0.11649546,Low
27773,1,0,0.36871213,Medium
27774,1,1,0.8307086,Very High
27775,0,0,0.14678915,Low
27776,0,1,0.52075565,High
27777,0,0,0.12312051,Low
27778,0,0,0.23781289,Medium
27779,0,0,0.33012304,Medium
27780,0,0,0.24503298,Medium
27781,0,0,0.23150936,Medium
27782,0,0,0.3417276,Medium
27783,0,0,0.2932004,Medium
27784,0,0,0.1772248,Low
27785,0,0,0.11999321,Low
27786,0,0,0.051841773,Low
27787,0,0,0.23764037,Medium
27788,0,0,0.3058629,Medium
27789,0,0,0.14072761,Low
27790,0,0,0.2906162,Medium
27791,1,1,0.8717811,Very High
27792,0,0,0.3417276,Medium
27793,0,0,0.27419898,Medium
27794,0,1,0.7747991,Very High
27795,0,0,0.2349229,Medium
27796,0,0,0.30669624,Medium
27797,0,0,0.19458555,Low
27798,0,0,0.2051337,Medium
27799,0,0,0.21357504,Medium
27800,1,1,0.8153553,Very High
27801,1,1,0.88923573,Very High
27802,0,0,0.48036698,High
27803,0,0,0.08875853,Low
27804,0,0,0.34214526,Medium
27805,1,1,0.5977263,High
27806,0,0,0.19468603,Low
27807,0,0,0.19904321,Low
27808,1,0,0.30876014,Medium
27809,0,0,0.08446375,Low
27810,0,1,0.83680636,Very High
27811,0,0,0.27986467,Medium
27812,0,0,0.36251956,Medium
27813,1,0,0.43529075,High
27814,0,1,0.5656691,High
27815,0,0,0.15170814,Low
27816,0,0,0.10487876,Low
27817,0,0,0.3255729,Medium
27818,0,0,0.26091847,Medium
27819,0,0,0.13762087,Low
27820,0,0,0.23652564,Medium
27821,0,0,0.48077443,High
27822,0,0,0.13439603,Low
27823,0,0,0.24897686,Medium
27824,1,1,0.6016921,Very High
27825,0,0,0.15916048,Low
27826,0,0,0.27452385,Medium
27827,1,1,0.8298319,Very High
27828,0,0,0.24341029,Medium
27829,0,0,0.15233813,Low
27830,0,1,0.6044751,Very High
27831,0,0,0.20680308,Medium
27832,0,0,0.11289692,Low
27833,0,0,0.14757776,Low
27834,1,1,0.54057336,High
27835,0,0,0.14394602,Low
27836,0,0,0.22209519,Medium
27837,0,0,0.2355063,Medium
27838,1,0,0.39686534,Medium
27839,0,1,0.55869085,High
27840,1,1,0.82321835,Very High
27841,0,0,0.4548306,High
27842,0,1,0.8745168,Very High
27843,0,1,0.6856473,Very High
27844,0,1,0.5490522,High
27845,0,0,0.08873977,Low
27846,1,1,0.8717665,Very High
27847,0,0,0.27676418,Medium
27848,0,0,0.47079772,High
27849,0,0,0.24964228,Medium
27850,0,1,0.80796796,Very High
27851,0,0,0.33163002,Medium
27852,0,1,0.8436626,Very High
27853,1,1,0.8351743,Very High
27854,1,1,0.50729895,High
27855,0,0,0.2374967,Medium
27856,0,0,0.15496589,Low
27857,0,0,0.2724947,Medium
27858,1,1,0.9178205,Very High
27859,1,1,0.81372404,Very High
27860,0,0,0.35233876,Medium
27861,0,0,0.24132568,Medium
27862,0,0,0.14079733,Low
27863,0,0,0.121434726,Low
27864,0,1,0.5790912,High
27865,0,0,0.24710084,Medium
27866,0,0,0.31442887,Medium
27867,0,0,0.3643202,Medium
27868,0,0,0.08322476,Low
27869,1,0,0.25323498,Medium
27870,0,0,0.25922173,Medium
27871,0,0,0.39096224,Medium
27872,0,0,0.036660187,Low
27873,0,1,0.5111531,High
27874,0,0,0.053374387,Low
27875,0,0,0.08257229,Low
27876,1,1,0.5758962,High
27877,0,0,0.16195415,Low
27878,0,0,0.16643184,Low
27879,0,1,0.7092143,Very High
27880,0,0,0.13902214,Low
27881,0,1,0.52022666,High
27882,0,0,0.1028661,Low
27883,0,0,0.13491113,Low
27884,0,1,0.82751083,Very High
27885,0,0,0.11093705,Low
27886,1,0,0.17871456,Low
27887,0,0,0.080724485,Low
27888,0,0,0.46542954,High
27889,0,1,0.68143,Very High
27890,0,0,0.18061106,Low
27891,0,0,0.083184004,Low
27892,0,0,0.38871947,Medium
27893,0,0,0.122169994,Low
27894,0,0,0.20150988,Medium
27895,0,0,0.110342555,Low
27896,0,0,0.20903946,Medium
27897,0,0,0.24329333,Medium
27898,0,0,0.11553349,Low
27899,0,0,0.2586156,Medium
27900,0,0,0.12851459,Low
27901,0,0,0.17243809,Low
27902,0,0,0.10564363,Low
27903,0,0,0.28051546,Medium
27904,0,0,0.19474564,Low
27905,0,0,0.4383564,High
27906,0,0,0.19634482,Low
27907,0,0,0.19309883,Low
27908,0,0,0.12334388,Low
27909,0,0,0.13227232,Low
27910,1,1,0.54366744,High
27911,0,0,0.49788928,High
27912,0,0,0.28480208,Medium
27913,1,0,0.2722754,Medium
27914,0,1,0.8913375,Very High
27915,0,0,0.16071005,Low
27916,1,1,0.7943078,Very High
27917,0,0,0.07644782,Low
27918,1,0,0.45478758,High
27919,0,0,0.14407593,Low
27920,0,1,0.7525111,Very High
27921,0,1,0.6034027,Very High
27922,0,0,0.22846968,Medium
27923,1,1,0.6857564,Very High
27924,0,0,0.2744227,Medium
27925,0,0,0.16424733,Low
27926,0,1,0.8407765,Very High
27927,0,0,0.16341008,Low
27928,0,0,0.27500254,Medium
27929,0,1,0.53240114,High
27930,1,1,0.85704964,Very High
27931,0,1,0.83133805,Very High
27932,0,0,0.15298605,Low
27933,1,1,0.75870454,Very High
27934,0,0,0.2217886,Medium
27935,0,0,0.16277756,Low
27936,0,0,0.38534155,Medium
27937,0,0,0.29231688,Medium
27938,1,0,0.45640963,High
27939,0,0,0.07950151,Low
27940,0,0,0.3394607,Medium
27941,0,0,0.094434775,Low
27942,0,0,0.10729569,Low
27943,0,0,0.11084199,Low
27944,0,0,0.33103734,Medium
27945,0,0,0.11766314,Low
27946,0,0,0.36170343,Medium
27947,0,0,0.35624513,Medium
27948,0,1,0.69931316,Very High
27949,0,0,0.103793375,Low
27950,0,0,0.08009623,Low
27951,1,1,0.64155287,Very High
27952,0,0,0.48434895,High
27953,0,0,0.16810976,Low
27954,0,0,0.27372146,Medium
27955,1,0,0.32672042,Medium
27956,0,1,0.7002449,Very High
27957,0,0,0.16086814,Low
27958,0,1,0.85809296,Very High
27959,1,1,0.9000438,Very High
27960,0,0,0.2994573,Medium
27961,0,0,0.28750083,Medium
27962,0,0,0.43165717,High
27963,0,1,0.57830256,High
27964,1,0,0.3695053,Medium
27965,0,0,0.24791545,Medium
27966,0,1,0.515501,High
27967,0,1,0.58676153,High
27968,0,0,0.10266017,Low
27969,0,0,0.4106922,High
27970,0,0,0.1649279,Low
27971,0,0,0.11608102,Low
27972,1,1,0.5682661,High
27973,0,0,0.170155,Low
27974,0,0,0.29854092,Medium
27975,0,0,0.16032125,Low
27976,0,0,0.2934186,Medium
27977,0,0,0.1819887,Low
27978,0,0,0.26964995,Medium
27979,0,0,0.2193916,Medium
27980,0,0,0.3582256,Medium
27981,0,0,0.15161406,Low
27982,0,0,0.29132473,Medium
27983,0,0,0.23905167,Medium
27984,1,0,0.42847183,High
27985,0,0,0.19174942,Low
27986,0,0,0.21816184,Medium
27987,0,0,0.08380848,Low
27988,1,0,0.29543698,Medium
27989,0,0,0.14839719,Low
27990,0,0,0.16946839,Low
27991,0,0,0.11612355,Low
27992,0,0,0.26818463,Medium
27993,0,0,0.0690888,Low
27994,0,0,0.47733766,High
27995,0,0,0.1697235,Low
27996,0,0,0.20130011,Medium
27997,0,0,0.30185854,Medium
27998,0,0,0.2512446,Medium
27999,0,0,0.2957895,Medium
28000,0,0,0.22172503,Medium
28001,1,1,0.710378,Very High
28002,0,0,0.22364357,Medium
28003,0,1,0.68407744,Very High
28004,0,0,0.07457132,Low
28005,1,1,0.5942351,High
28006,0,0,0.054816075,Low
28007,0,0,0.29882285,Medium
28008,0,0,0.13079739,Low
28009,0,1,0.54344857,High
28010,0,0,0.34733486,Medium
28011,0,0,0.16323502,Low
28012,0,0,0.07849842,Low
28013,0,0,0.14815477,Low
28014,0,0,0.20720561,Medium
28015,0,0,0.2816798,Medium
28016,1,1,0.70859975,Very High
28017,1,0,0.40586603,High
28018,0,0,0.11305509,Low
28019,1,0,0.4686945,High
28020,1,1,0.8065898,Very High
28021,0,1,0.82549673,Very High
28022,0,0,0.1296663,Low
28023,0,0,0.13431792,Low
28024,0,0,0.16400547,Low
28025,0,0,0.14869124,Low
28026,1,0,0.21899201,Medium
28027,0,0,0.49306443,High
28028,0,0,0.40882462,High
28029,1,0,0.27953795,Medium
28030,0,0,0.28746456,Medium
28031,1,0,0.3198691,Medium
28032,0,0,0.17295535,Low
28033,0,1,0.8526054,Very High
28034,0,0,0.38755357,Medium
28035,0,0,0.102273226,Low
28036,0,0,0.17286178,Low
28037,0,0,0.21514529,Medium
28038,0,0,0.12357284,Low
28039,1,0,0.23679322,Medium
28040,0,0,0.43402913,High
28041,0,0,0.36261156,Medium
28042,0,0,0.12147448,Low
28043,0,0,0.43186188,High
28044,0,1,0.70426387,Very High
28045,0,0,0.11739417,Low
28046,0,0,0.27217895,Medium
28047,0,0,0.18295732,Low
28048,0,1,0.51781315,High
28049,0,0,0.34865782,Medium
28050,1,0,0.22672756,Medium
28051,0,0,0.041945595,Low
28052,0,0,0.19861908,Low
28053,1,0,0.36802316,Medium
28054,0,0,0.06883928,Low
28055,1,1,0.9251396,Very High
28056,0,1,0.58125025,High
28057,0,1,0.5931596,High
28058,1,1,0.89408064,Very High
28059,0,0,0.32825872,Medium
28060,1,1,0.7119474,Very High
28061,0,0,0.32259452,Medium
28062,1,1,0.88813037,Very High
28063,0,0,0.19292319,Low
28064,0,0,0.47885233,High
28065,0,0,0.25180915,Medium
28066,1,1,0.7775613,Very High
28067,0,0,0.25968957,Medium
28068,0,0,0.13216208,Low
28069,0,0,0.22229196,Medium
28070,0,0,0.11986042,Low
28071,0,0,0.16698505,Low
28072,0,1,0.5116784,High
28073,0,0,0.3171588,Medium
28074,1,1,0.5332799,High
28075,0,0,0.29500753,Medium
28076,0,0,0.20487984,Medium
28077,1,1,0.84447044,Very High
28078,0,0,0.29547948,Medium
28079,1,0,0.4511281,High
28080,0,0,0.3387717,Medium
28081,0,1,0.5108217,High
28082,1,1,0.8412639,Very High
28083,0,0,0.16613463,Low
28084,0,0,0.24706699,Medium
28085,0,0,0.25190133,Medium
28086,0,0,0.3010904,Medium
28087,0,0,0.2483139,Medium
28088,0,0,0.3943154,Medium
28089,0,0,0.11563578,Low
28090,0,0,0.29058924,Medium
28091,0,0,0.3275467,Medium
28092,1,0,0.39900622,Medium
28093,0,0,0.21142405,Medium
28094,0,0,0.23481013,Medium
28095,0,0,0.14425956,Low
28096,0,0,0.38837528,Medium
28097,1,1,0.6947694,Very High
28098,0,0,0.11735909,Low
28099,0,0,0.2892362,Medium
28100,1,1,0.82575125,Very High
28101,0,0,0.13415685,Low
28102,0,0,0.27232233,Medium
28103,1,1,0.8704726,Very High
28104,1,1,0.6475818,Very High
28105,0,1,0.5821041,High
28106,0,0,0.17649715,Low
28107,0,0,0.12596872,Low
28108,0,0,0.42694262,High
28109,1,1,0.8485365,Very High
28110,1,0,0.334941,Medium
28111,0,0,0.05329715,Low
28112,0,0,0.22878173,Medium
28113,0,0,0.1354136,Low
28114,0,0,0.2510639,Medium
28115,0,0,0.2550735,Medium
28116,1,1,0.8419991,Very High
28117,0,0,0.12420221,Low
28118,0,0,0.21176553,Medium
28119,1,0,0.21317412,Medium
28120,0,0,0.34666467,Medium
28121,0,0,0.17164366,Low
28122,0,0,0.21507047,Medium
28123,0,0,0.20661959,Medium
28124,1,0,0.4152578,High
28125,0,0,0.3653167,Medium
28126,0,1,0.5946876,High
28127,1,1,0.65389025,Very High
28128,0,0,0.3838948,Medium
28129,0,0,0.05305545,Low
28130,0,0,0.37892917,Medium
28131,0,0,0.19840394,Low
28132,0,0,0.26071328,Medium
28133,0,0,0.37902704,Medium
28134,0,0,0.32963133,Medium
28135,0,0,0.074490726,Low
28136,0,0,0.16321345,Low
28137,0,0,0.3106177,Medium
28138,0,1,0.5166053,High
28139,0,0,0.14260367,Low
28140,0,0,0.22393838,Medium
28141,0,0,0.2577023,Medium
28142,0,0,0.19692919,Low
28143,0,0,0.20560512,Medium
28144,0,1,0.8596026,Very High
28145,0,0,0.3251592,Medium
28146,0,0,0.057050332,Low
28147,0,0,0.18867204,Low
28148,0,0,0.13879861,Low
28149,0,0,0.11481398,Low
28150,0,1,0.84388065,Very High
28151,1,1,0.7570051,Very High
28152,0,0,0.07726843,Low
28153,0,0,0.456245,High
28154,0,0,0.13094032,Low
28155,0,0,0.4543379,High
28156,0,0,0.18530501,Low
28157,0,0,0.27713597,Medium
28158,1,0,0.11975074,Low
28159,0,0,0.06331117,Low
28160,0,0,0.22388282,Medium
28161,0,0,0.06864317,Low
28162,0,0,0.37338394,Medium
28163,0,0,0.265318,Medium
28164,0,1,0.6448509,Very High
28165,0,0,0.2408493,Medium
28166,0,0,0.3877958,Medium
28167,1,0,0.29899305,Medium
28168,0,0,0.18451631,Low
28169,0,0,0.109501764,Low
28170,0,0,0.28376305,Medium
28171,1,1,0.7676432,Very High
28172,0,0,0.26237664,Medium
28173,0,0,0.1489642,Low
28174,1,0,0.48289284,High
28175,0,0,0.10914643,Low
28176,1,0,0.3503583,Medium
28177,0,1,0.81695896,Very High
28178,0,0,0.46604848,High
28179,0,0,0.44301453,High
28180,0,0,0.1832495,Low
28181,0,0,0.22293839,Medium
28182,0,0,0.39629227,Medium
28183,1,0,0.08874543,Low
28184,0,0,0.34057188,Medium
28185,0,0,0.23513219,Medium
28186,1,1,0.58350176,High
28187,0,0,0.12711808,Low
28188,1,0,0.43643355,High
28189,0,0,0.27956548,Medium
28190,0,0,0.31820375,Medium
28191,0,0,0.21700513,Medium
28192,0,0,0.3919846,Medium
28193,0,0,0.23118421,Medium
28194,0,0,0.17839754,Low
28195,0,0,0.1682157,Low
28196,0,0,0.11856353,Low
28197,0,0,0.087016806,Low
28198,0,0,0.12646104,Low
28199,0,0,0.13848072,Low
28200,0,0,0.13468371,Low
28201,1,0,0.1798807,Low
28202,1,1,0.6649588,Very High
28203,0,0,0.3002597,Medium
28204,0,0,0.2144893,Medium
28205,1,0,0.35330132,Medium
28206,1,0,0.35004118,Medium
28207,1,1,0.54112214,High
28208,0,0,0.35344487,Medium
28209,0,0,0.07340194,Low
28210,0,0,0.2018932,Medium
28211,0,0,0.16903292,Low
28212,0,0,0.23554169,Medium
28213,0,0,0.10024131,Low
28214,0,0,0.20657898,Medium
28215,0,0,0.46836615,High
28216,0,0,0.36629707,Medium
28217,0,0,0.11442256,Low
28218,0,0,0.21174288,Medium
28219,0,0,0.3709939,Medium
28220,0,0,0.3118818,Medium
28221,1,1,0.92508674,Very High
28222,0,0,0.19288123,Low
28223,0,0,0.30147374,Medium
28224,0,0,0.18529785,Low
28225,0,1,0.54104596,High
28226,0,0,0.124696724,Low
28227,0,0,0.07330967,Low
28228,0,0,0.31453335,Medium
28229,0,1,0.56383705,High
28230,1,1,0.72360224,Very High
28231,0,0,0.36765665,Medium
28232,1,1,0.6897964,Very High
28233,0,0,0.30799234,Medium
28234,0,0,0.37915435,Medium
28235,0,0,0.2197139,Medium
28236,1,1,0.56900793,High
28237,0,0,0.047043834,Low
28238,0,0,0.1249749,Low
28239,0,0,0.25891998,Medium
28240,1,0,0.3716038,Medium
28241,0,0,0.32469165,Medium
28242,0,0,0.41157076,High
28243,1,1,0.82725835,Very High
28244,0,0,0.2324336,Medium
28245,0,0,0.28301638,Medium
28246,1,1,0.54726416,High
28247,0,0,0.16013043,Low
28248,0,0,0.333854,Medium
28249,0,0,0.16038294,Low
28250,0,0,0.39324176,Medium
28251,0,1,0.5757438,High
28252,0,0,0.15655257,Low
28253,0,0,0.22736603,Medium
28254,0,0,0.3766441,Medium
28255,0,0,0.18742228,Low
28256,0,0,0.17249565,Low
28257,0,0,0.20156042,Medium
28258,0,0,0.23164293,Medium
28259,0,0,0.35110196,Medium
28260,0,1,0.5164278,High
28261,1,0,0.28693515,Medium
28262,1,1,0.8852173,Very High
28263,0,0,0.42446575,High
28264,0,0,0.27329674,Medium
28265,0,0,0.3046293,Medium
28266,1,0,0.4339265,High
28267,0,0,0.365665,Medium
28268,0,0,0.19719732,Low
28269,0,1,0.57827306,High
28270,1,1,0.5468834,High
28271,1,0,0.4669176,High
28272,0,0,0.15031834,Low
28273,0,0,0.102032624,Low
28274,0,0,0.31792665,Medium
28275,0,0,0.10000587,Low
28276,0,0,0.32313654,Medium
28277,1,0,0.19631442,Low
28278,0,0,0.09459965,Low
28279,0,0,0.2263662,Medium
28280,0,0,0.3253307,Medium
28281,0,0,0.28570867,Medium
28282,0,0,0.2989297,Medium
28283,1,0,0.23878671,Medium
28284,0,0,0.2749279,Medium
28285,0,0,0.11725914,Low
28286,1,0,0.41193753,High
28287,1,1,0.60076493,Very High
28288,1,1,0.8158165,Very High
28289,0,0,0.31880116,Medium
28290,1,1,0.819134,Very High
28291,0,0,0.24295916,Medium
28292,0,0,0.19749919,Low
28293,0,0,0.09486066,Low
28294,0,0,0.26917392,Medium
28295,0,0,0.24950977,Medium
28296,0,0,0.101467654,Low
28297,0,0,0.123410344,Low
28298,1,1,0.85962796,Very High
28299,0,0,0.31194103,Medium
28300,0,0,0.27311155,Medium
28301,0,0,0.34097898,Medium
28302,0,1,0.9157301,Very High
28303,0,0,0.21501406,Medium
28304,0,0,0.14044759,Low
28305,0,1,0.6392873,Very High
28306,0,1,0.6186229,Very High
28307,0,0,0.22600618,Medium
28308,1,1,0.81480926,Very High
28309,0,0,0.2644577,Medium
28310,0,0,0.09168107,Low
28311,0,0,0.21225336,Medium
28312,0,0,0.33614007,Medium
28313,0,0,0.14068195,Low
28314,0,0,0.3659543,Medium
28315,1,0,0.34799573,Medium
28316,0,0,0.20339417,Medium
28317,0,0,0.10880038,Low
28318,0,0,0.43480137,High
28319,0,0,0.063938245,Low
28320,0,1,0.7479639,Very High
28321,0,0,0.09047951,Low
28322,1,0,0.22187218,Medium
28323,0,0,0.36588714,Medium
28324,1,1,0.8734634,Very High
28325,0,0,0.31171334,Medium
28326,1,0,0.2778925,Medium
28327,0,0,0.12657084,Low
28328,0,0,0.37912208,Medium
28329,0,0,0.07363728,Low
28330,0,0,0.2789867,Medium
28331,0,0,0.23124656,Medium
28332,0,0,0.2240073,Medium
28333,0,0,0.09456955,Low
28334,0,0,0.057410758,Low
28335,0,0,0.4019873,High
28336,0,0,0.30791834,Medium
28337,0,0,0.27443916,Medium
28338,0,0,0.18470831,Low
28339,0,0,0.1525794,Low
28340,0,0,0.1508231,Low
28341,1,1,0.59369946,High
28342,0,1,0.50387543,High
28343,0,0,0.17894511,Low
28344,0,0,0.3012786,Medium
28345,0,1,0.50163245,High
28346,0,0,0.31358922,Medium
28347,0,0,0.30037045,Medium
28348,0,0,0.23542704,Medium
28349,0,0,0.07747157,Low
28350,1,1,0.8133779,Very High
28351,0,0,0.13714139,Low
28352,0,1,0.6956496,Very High
28353,0,0,0.10387411,Low
28354,0,0,0.082439154,Low
28355,0,0,0.40351146,High
28356,0,0,0.11603,Low
28357,0,0,0.17347986,Low
28358,0,0,0.33898258,Medium
28359,0,0,0.117096186,Low
28360,0,0,0.28208485,Medium
28361,0,0,0.18736818,Low
28362,0,0,0.18947658,Low
28363,0,0,0.1565718,Low
28364,0,1,0.57744926,High
28365,1,1,0.71902853,Very High
28366,0,0,0.4980941,High
28367,1,1,0.73700935,Very High
28368,0,0,0.13562423,Low
28369,0,0,0.12851025,Low
28370,0,0,0.20584935,Medium
28371,0,0,0.47796822,High
28372,0,0,0.41268343,High
28373,1,1,0.89927584,Very High
28374,0,0,0.32522953,Medium
28375,1,1,0.64618856,Very High
28376,0,0,0.16861963,Low
28377,0,1,0.8421012,Very High
28378,0,0,0.13053122,Low
28379,0,0,0.041715275,Low
28380,0,0,0.3315049,Medium
28381,0,0,0.12156442,Low
28382,0,0,0.18759917,Low
28383,0,0,0.377583,Medium
28384,0,0,0.25393838,Medium
28385,1,0,0.38222417,Medium
28386,0,0,0.46873567,High
28387,1,0,0.2183437,Medium
28388,0,0,0.32988313,Medium
28389,0,0,0.19255939,Low
28390,0,0,0.13912073,Low
28391,0,0,0.22722931,Medium
28392,0,0,0.41490516,High
28393,0,0,0.45016882,High
28394,0,0,0.25381583,Medium
28395,0,0,0.21933332,Medium
28396,0,0,0.23420441,Medium
28397,0,0,0.1350953,Low
28398,0,1,0.66231626,Very High
28399,0,0,0.2691188,Medium
28400,0,0,0.14173849,Low
28401,0,1,0.58541244,High
28402,0,0,0.3331205,Medium
28403,1,0,0.43474743,High
28404,0,0,0.14470357,Low
28405,1,0,0.36364526,Medium
28406,0,0,0.30872488,Medium
28407,0,1,0.55968535,High
28408,0,1,0.56947285,High
28409,0,0,0.11675215,Low
28410,0,0,0.25587413,Medium
28411,0,0,0.31135306,Medium
28412,0,0,0.14820828,Low
28413,0,0,0.061547324,Low
28414,0,0,0.17838892,Low
28415,0,0,0.18060061,Low
28416,0,0,0.21929714,Medium
28417,0,0,0.14911969,Low
28418,0,1,0.53240114,High
28419,0,1,0.7347332,Very High
28420,1,0,0.4279317,High
28421,0,0,0.12010431,Low
28422,0,0,0.07445809,Low
28423,0,0,0.13802837,Low
28424,0,0,0.118261315,Low
28425,0,0,0.099780135,Low
28426,1,0,0.32009706,Medium
28427,0,1,0.7071004,Very High
28428,0,0,0.2153057,Medium
28429,0,0,0.090456165,Low
28430,0,0,0.2660896,Medium
28431,0,0,0.214847,Medium
28432,0,0,0.36398813,Medium
28433,0,0,0.11609283,Low
28434,1,1,0.65481055,Very High
28435,0,0,0.32856297,Medium
28436,0,0,0.38492134,Medium
28437,0,0,0.18476854,Low
28438,0,0,0.26946437,Medium
28439,0,0,0.35037658,Medium
28440,0,0,0.24886057,Medium
28441,0,0,0.28807667,Medium
28442,0,0,0.064610966,Low
28443,0,1,0.84706676,Very High
28444,0,0,0.20519839,Medium
28445,0,0,0.30025524,Medium
28446,0,0,0.15405636,Low
28447,0,0,0.21869896,Medium
28448,0,0,0.15057147,Low
28449,0,0,0.09801968,Low
28450,0,0,0.30131707,Medium
28451,0,0,0.4299929,High
28452,0,0,0.13949227,Low
28453,0,0,0.4069804,High
28454,1,1,0.8210672,Very High
28455,1,0,0.26581085,Medium
28456,0,0,0.27632013,Medium
28457,0,0,0.3868621,Medium
28458,0,0,0.4275507,High
28459,0,0,0.22708827,Medium
28460,1,1,0.8055782,Very High
28461,1,1,0.5880215,High
28462,0,1,0.5316524,High
28463,0,1,0.55878377,High
28464,0,0,0.3051437,Medium
28465,0,0,0.4343325,High
28466,1,0,0.49386957,High
28467,0,0,0.40617228,High
28468,0,0,0.2083314,Medium
28469,0,0,0.07782777,Low
28470,0,0,0.3493413,Medium
28471,0,0,0.18110678,Low
28472,0,0,0.27306026,Medium
28473,0,0,0.20640683,Medium
28474,0,0,0.30623165,Medium
28475,0,0,0.18974183,Low
28476,0,0,0.152177,Low
28477,1,1,0.56346416,High
28478,0,0,0.25857988,Medium
28479,1,0,0.43602076,High
28480,0,0,0.23438565,Medium
28481,0,0,0.41679707,High
28482,1,1,0.86106616,Very High
28483,0,0,0.3852094,Medium
28484,0,0,0.34919697,Medium
28485,0,0,0.3246312,Medium
28486,0,0,0.36679283,Medium
28487,0,1,0.72565114,Very High
28488,0,0,0.4227717,High
28489,1,1,0.6977989,Very High
28490,0,0,0.18176599,Low
28491,1,1,0.5204737,High
28492,0,1,0.50378543,High
28493,1,1,0.8182781,Very High
28494,0,0,0.3074651,Medium
28495,0,0,0.23187535,Medium
28496,0,0,0.3723107,Medium
28497,0,0,0.31100944,Medium
28498,0,0,0.115540475,Low
28499,0,0,0.19927715,Low
28500,0,0,0.15357149,Low
28501,0,0,0.14895365,Low
28502,0,1,0.67658883,Very High
28503,0,0,0.1759238,Low
28504,1,1,0.8722786,Very High
28505,0,0,0.40616286,High
28506,0,0,0.3474625,Medium
28507,0,0,0.17358428,Low
28508,0,0,0.16429079,Low
28509,0,0,0.13554758,Low
28510,0,0,0.107502945,Low
28511,0,0,0.14213207,Low
28512,0,0,0.29486284,Medium
28513,0,0,0.22030172,Medium
28514,0,0,0.052544225,Low
28515,1,0,0.3257956,Medium
28516,0,0,0.0740709,Low
28517,1,0,0.4911401,High
28518,0,0,0.13367625,Low
28519,0,0,0.30833822,Medium
28520,0,0,0.19981289,Low
28521,0,1,0.6582552,Very High
28522,1,1,0.8553007,Very High
28523,0,0,0.16302271,Low
28524,0,0,0.17662066,Low
28525,0,0,0.18673614,Low
28526,0,0,0.2152346,Medium
28527,0,1,0.52529573,High
28528,0,0,0.10430575,Low
28529,0,0,0.25499335,Medium
28530,1,1,0.5925949,High
28531,0,0,0.33556557,Medium
28532,1,1,0.8928902,Very High
28533,1,1,0.785035,Very High
28534,1,1,0.6808609,Very High
28535,1,1,0.79111123,Very High
28536,0,0,0.15357578,Low
28537,0,0,0.34229228,Medium
28538,0,1,0.75645447,Very High
28539,0,0,0.18035388,Low
28540,0,0,0.20382294,Medium
28541,0,0,0.11907819,Low
28542,0,0,0.20916957,Medium
28543,0,0,0.28675595,Medium
28544,0,0,0.227238,Medium
28545,0,0,0.08539466,Low
28546,0,0,0.21281308,Medium
28547,1,1,0.87192845,Very High
28548,0,0,0.09352999,Low
28549,0,0,0.2024583,Medium
28550,0,0,0.091774486,Low
28551,0,0,0.34179753,Medium
28552,0,0,0.3402505,Medium
28553,1,0,0.4349802,High
28554,0,1,0.5018219,High
28555,0,1,0.65532506,Very High
28556,0,0,0.092229195,Low
28557,0,1,0.56773186,High
28558,0,0,0.24944755,Medium
28559,0,0,0.1841879,Low
28560,1,0,0.24791156,Medium
28561,1,0,0.3553476,Medium
28562,0,0,0.076925986,Low
28563,0,0,0.17476547,Low
28564,0,0,0.3315839,Medium
28565,0,0,0.1958726,Low
28566,0,0,0.24199998,Medium
28567,0,0,0.117966846,Low
28568,0,0,0.27777773,Medium
28569,0,0,0.17296097,Low
28570,0,0,0.31914186,Medium
28571,0,0,0.30647317,Medium
28572,0,0,0.21393731,Medium
28573,0,0,0.40424663,High
28574,0,0,0.039099846,Low
28575,0,0,0.24949531,Medium
28576,1,0,0.30720532,Medium
28577,0,1,0.68862087,Very High
28578,0,0,0.3181987,Medium
28579,0,0,0.07320303,Low
28580,0,1,0.6090372,Very High
28581,0,0,0.24166344,Medium
28582,0,1,0.87155163,Very High
28583,0,0,0.20845672,Medium
28584,0,0,0.20328556,Medium
28585,0,0,0.49534032,High
28586,0,1,0.6519464,Very High
28587,0,0,0.09257189,Low
28588,0,1,0.5644037,High
28589,0,0,0.39633772,Medium
28590,0,0,0.12141414,Low
28591,1,0,0.4386266,High
28592,1,1,0.86394787,Very High
28593,0,0,0.31979045,Medium
28594,0,0,0.24433815,Medium
28595,0,0,0.43313515,High
28596,0,0,0.28757972,Medium
28597,0,0,0.24097252,Medium
28598,1,1,0.8952458,Very High
28599,0,1,0.58029777,High
28600,0,0,0.33935323,Medium
28601,0,0,0.1723954,Low
28602,0,0,0.20336497,Medium
28603,0,0,0.3439074,Medium
28604,1,1,0.88415855,Very High
28605,1,1,0.8628226,Very High
28606,0,0,0.3198934,Medium
28607,0,0,0.38818586,Medium
28608,0,1,0.5481681,High
28609,0,0,0.3901038,Medium
28610,0,0,0.21496058,Medium
28611,0,0,0.4079774,High
28612,0,1,0.8197833,Very High
28613,0,0,0.37326586,Medium
28614,0,0,0.22863837,Medium
28615,0,0,0.2342019,Medium
28616,0,0,0.23492655,Medium
28617,0,0,0.31356466,Medium
28618,0,0,0.25470614,Medium
28619,0,0,0.07985516,Low
28620,0,0,0.29128274,Medium
28621,0,0,0.16535504,Low
28622,1,0,0.24148151,Medium
28623,0,0,0.23429838,Medium
28624,0,0,0.31995004,Medium
28625,1,1,0.91164887,Very High
28626,0,0,0.26919118,Medium
28627,0,0,0.16990514,Low
28628,0,0,0.38789952,Medium
28629,0,0,0.21508117,Medium
28630,0,0,0.33033195,Medium
28631,0,0,0.09589725,Low
28632,0,0,0.2156188,Medium
28633,0,0,0.184716,Low
28634,1,1,0.8771945,Very High
28635,0,0,0.15500487,Low
28636,1,1,0.8386783,Very High
28637,0,0,0.304643,Medium
28638,1,1,0.59866536,High
28639,0,0,0.29927626,Medium
28640,0,0,0.25537136,Medium
28641,0,0,0.2081382,Medium
28642,1,1,0.7257069,Very High
28643,0,0,0.1823961,Low
28644,0,0,0.25045794,Medium
28645,1,1,0.8412372,Very High
28646,0,0,0.107687555,Low
28647,1,1,0.7599038,Very High
28648,0,0,0.41643462,High
28649,0,0,0.29782367,Medium
28650,0,0,0.21211116,Medium
28651,0,0,0.29869553,Medium
28652,0,0,0.31114942,Medium
28653,0,0,0.29058146,Medium
28654,0,0,0.05114708,Low
28655,0,1,0.5600321,High
28656,1,0,0.34142926,Medium
28657,0,0,0.22307655,Medium
28658,0,1,0.5142972,High
28659,0,0,0.12953371,Low
28660,0,0,0.13709423,Low
28661,0,0,0.2767426,Medium
28662,0,1,0.6633171,Very High
28663,1,1,0.8954569,Very High
28664,1,1,0.54511356,High
28665,0,1,0.65106934,Very High
28666,1,0,0.30404955,Medium
28667,1,0,0.30914405,Medium
28668,0,0,0.22051844,Medium
28669,0,0,0.20569214,Medium
28670,0,0,0.33920962,Medium
28671,1,1,0.81874627,Very High
28672,0,0,0.09152381,Low
28673,0,0,0.4824284,High
28674,0,0,0.13910143,Low
28675,0,0,0.11808815,Low
28676,1,1,0.81256616,Very High
28677,0,0,0.063031144,Low
28678,0,0,0.06468419,Low
28679,0,0,0.39437476,Medium
28680,0,0,0.17472474,Low
28681,0,0,0.2217535,Medium
28682,1,0,0.30011827,Medium
28683,0,0,0.108545564,Low
28684,1,1,0.79916286,Very High
28685,0,0,0.2407492,Medium
28686,1,0,0.27591127,Medium
28687,0,0,0.14215516,Low
28688,0,0,0.3918479,Medium
28689,0,0,0.33255553,Medium
28690,0,1,0.5212698,High
28691,0,0,0.24641192,Medium
28692,0,0,0.06368257,Low
28693,0,0,0.2859512,Medium
28694,1,0,0.26205927,Medium
28695,0,0,0.15565854,Low
28696,0,0,0.06554678,Low
28697,0,1,0.6787107,Very High
28698,0,0,0.16907357,Low
28699,0,0,0.16638821,Low
28700,0,1,0.5597475,High
28701,1,0,0.3976515,Medium
28702,0,0,0.15856169,Low
28703,0,1,0.6142465,Very High
28704,0,0,0.3745508,Medium
28705,0,0,0.34454653,Medium
28706,0,0,0.222371,Medium
28707,0,0,0.29260832,Medium
28708,0,0,0.1283867,Low
28709,0,0,0.1311268,Low
28710,0,0,0.18342642,Low
28711,0,0,0.26213577,Medium
28712,1,1,0.6926332,Very High
28713,0,0,0.13436162,Low
28714,0,0,0.2571925,Medium
28715,0,0,0.19568872,Low
28716,0,0,0.0590946,Low
28717,0,0,0.111241266,Low
28718,0,0,0.17164934,Low
28719,0,0,0.3432461,Medium
28720,1,1,0.6180812,Very High
28721,0,0,0.2798285,Medium
28722,0,0,0.056849964,Low
28723,0,0,0.27067304,Medium
28724,0,0,0.38667497,Medium
28725,0,0,0.12532459,Low
28726,0,0,0.13991599,Low
28727,1,0,0.33115032,Medium
28728,0,0,0.21685374,Medium
28729,0,0,0.32360163,Medium
28730,0,0,0.20774822,Medium
28731,0,0,0.35906413,Medium
28732,1,1,0.56054294,High
28733,0,0,0.19102253,Low
28734,0,0,0.35290715,Medium
28735,0,0,0.31412148,Medium
28736,0,0,0.0699077,Low
28737,1,0,0.35697055,Medium
28738,0,0,0.09267375,Low
28739,0,0,0.26376292,Medium
28740,0,0,0.37398514,Medium
28741,0,0,0.46580604,High
28742,0,0,0.23742165,Medium
28743,0,0,0.063880496,Low
28744,0,0,0.10633903,Low
28745,0,0,0.38557556,Medium
28746,1,0,0.421056,High
28747,0,0,0.3945181,Medium
28748,0,1,0.92343897,Very High
28749,1,1,0.8096454,Very High
28750,0,0,0.3718412,Medium
28751,0,0,0.22019008,Medium
28752,1,0,0.33229724,Medium
28753,0,0,0.22315565,Medium
28754,0,0,0.20775528,Medium
28755,0,0,0.24517862,Medium
28756,0,0,0.15243134,Low
28757,0,0,0.046390597,Low
28758,0,0,0.09407538,Low
28759,0,0,0.1618194,Low
28760,0,0,0.13584492,Low
28761,0,0,0.17085285,Low
28762,1,1,0.64310086,Very High
28763,0,0,0.40748206,High
28764,1,0,0.19121596,Low
28765,0,0,0.30976513,Medium
28766,0,0,0.14452787,Low
28767,0,1,0.79009897,Very High
28768,0,0,0.22984472,Medium
28769,0,0,0.08780654,Low
28770,0,0,0.26029485,Medium
28771,1,1,0.5820829,High
28772,0,0,0.1527698,Low
28773,0,0,0.2958205,Medium
28774,0,1,0.51406115,High
28775,0,0,0.19455789,Low
28776,1,0,0.3119221,Medium
28777,0,0,0.43884325,High
28778,0,0,0.29925936,Medium
28779,0,0,0.34498134,Medium
28780,0,1,0.5680225,High
28781,0,0,0.08753346,Low
28782,0,0,0.35586646,Medium
28783,0,0,0.19367154,Low
28784,0,0,0.33872408,Medium
28785,0,0,0.34054896,Medium
28786,0,0,0.24760103,Medium
28787,0,0,0.13674201,Low
28788,0,0,0.25827736,Medium
28789,0,0,0.089523,Low
28790,0,0,0.1897677,Low
28791,0,0,0.2775178,Medium
28792,0,1,0.5594034,High
28793,0,0,0.21597461,Medium
28794,0,0,0.28538552,Medium
28795,0,0,0.3195116,Medium
28796,0,0,0.25084385,Medium
28797,1,0,0.39102027,Medium
28798,0,0,0.38042733,Medium
28799,0,0,0.11242472,Low
28800,0,0,0.39001715,Medium
28801,1,1,0.8622844,Very High
28802,0,0,0.2050786,Medium
28803,0,0,0.2509832,Medium
28804,0,0,0.14477207,Low
28805,0,1,0.54709494,High
28806,0,0,0.044011477,Low
28807,1,0,0.48077255,High
28808,0,0,0.28768244,Medium
28809,0,0,0.21033843,Medium
28810,0,0,0.48678747,High
28811,0,0,0.07048905,Low
28812,0,0,0.18371905,Low
28813,0,0,0.13415089,Low
28814,0,0,0.36797136,Medium
28815,0,0,0.4147407,High
28816,1,1,0.78487873,Very High
28817,0,0,0.21496607,Medium
28818,0,0,0.14797816,Low
28819,1,0,0.3709111,Medium
28820,0,0,0.3422467,Medium
28821,0,0,0.28462034,Medium
28822,0,0,0.118634336,Low
28823,0,0,0.068008766,Low
28824,0,0,0.19734794,Low
28825,0,0,0.1805946,Low
28826,0,0,0.42944884,High
28827,0,0,0.4693086,High
28828,0,0,0.21643195,Medium
28829,0,0,0.12543471,Low
28830,0,0,0.124779284,Low
28831,0,0,0.25935167,Medium
28832,0,0,0.12037138,Low
28833,0,0,0.14918004,Low
28834,0,1,0.5123357,High
28835,1,0,0.28440154,Medium
28836,0,0,0.07171289,Low
28837,0,0,0.29026943,Medium
28838,0,0,0.105209924,Low
28839,0,0,0.34440434,Medium
28840,1,1,0.8190143,Very High
28841,1,0,0.2827064,Medium
28842,0,0,0.49263218,High
28843,0,0,0.14388514,Low
28844,0,0,0.11301249,Low
28845,0,0,0.15013391,Low
28846,0,0,0.2576605,Medium
28847,0,0,0.30412817,Medium
28848,0,0,0.3215513,Medium
28849,0,0,0.44983578,High
28850,0,0,0.13893384,Low
28851,0,0,0.03863451,Low
28852,1,1,0.9346581,Very High
28853,0,0,0.13409626,Low
28854,1,0,0.2765462,Medium
28855,0,0,0.09997854,Low
28856,0,0,0.2459002,Medium
28857,0,0,0.37025315,Medium
28858,0,0,0.16077021,Low
28859,0,1,0.6475313,Very High
28860,0,0,0.16222875,Low
28861,0,1,0.52078,High
28862,0,0,0.061782934,Low
28863,0,0,0.2747275,Medium
28864,0,0,0.22563025,Medium
28865,0,0,0.12243833,Low
28866,0,0,0.12606667,Low
28867,0,0,0.24633643,Medium
28868,0,0,0.10447994,Low
28869,0,0,0.27291253,Medium
28870,0,0,0.22425768,Medium
28871,1,0,0.38358432,Medium
28872,0,0,0.3102234,Medium
28873,0,0,0.16387026,Low
28874,0,0,0.22854613,Medium
28875,0,0,0.4171543,High
28876,0,0,0.27573326,Medium
28877,0,0,0.34255928,Medium
28878,0,0,0.12642314,Low
28879,0,0,0.21417592,Medium
28880,1,1,0.9114156,Very High
28881,1,0,0.38051176,Medium
28882,0,1,0.67225933,Very High
28883,1,0,0.25363764,Medium
28884,0,0,0.4432491,High
28885,0,0,0.15601172,Low
28886,0,0,0.38193354,Medium
28887,0,0,0.38126838,Medium
28888,0,0,0.20310885,Medium
28889,0,0,0.21069863,Medium
28890,0,0,0.1823687,Low
28891,0,0,0.32819253,Medium
28892,0,0,0.24907947,Medium
28893,1,0,0.34650978,Medium
28894,0,1,0.7968894,Very High
28895,0,0,0.3706796,Medium
28896,0,0,0.37307465,Medium
28897,0,0,0.4466347,High
28898,0,0,0.14454803,Low
28899,0,0,0.21890898,Medium
28900,1,1,0.8749403,Very High
28901,0,0,0.08556633,Low
28902,0,0,0.12953399,Low
28903,0,0,0.3379674,Medium
28904,0,0,0.079743356,Low
28905,0,0,0.1702042,Low
28906,0,0,0.20149985,Medium
28907,0,0,0.47141555,High
28908,0,0,0.17658438,Low
28909,1,0,0.19823891,Low
28910,0,0,0.096090175,Low
28911,1,1,0.556263,High
28912,0,0,0.09988321,Low
28913,0,0,0.25190547,Medium
28914,0,0,0.12343978,Low
28915,0,0,0.25055102,Medium
28916,0,0,0.33166438,Medium
28917,0,0,0.34058508,Medium
28918,0,0,0.16652922,Low
28919,0,1,0.54737836,High
28920,0,0,0.14516662,Low
28921,1,1,0.612766,Very High
28922,0,0,0.20244145,Medium
28923,0,0,0.4513045,High
28924,0,0,0.12468375,Low
28925,0,1,0.8435099,Very High
28926,1,0,0.32182297,Medium
28927,1,1,0.5374615,High
28928,0,0,0.24850105,Medium
28929,0,0,0.26022944,Medium
28930,1,0,0.327712,Medium
28931,0,0,0.3203118,Medium
28932,0,0,0.14102049,Low
28933,1,1,0.5729061,High
28934,0,1,0.5680225,High
28935,0,0,0.21797721,Medium
28936,0,0,0.075656235,Low
28937,0,0,0.19819923,Low
28938,0,0,0.34267685,Medium
28939,0,0,0.1721015,Low
28940,0,0,0.112380445,Low
28941,0,1,0.73411894,Very High
28942,0,0,0.39590794,Medium
28943,0,0,0.05971108,Low
28944,0,0,0.16687305,Low
28945,0,1,0.5754027,High
28946,0,0,0.33876985,Medium
28947,1,0,0.15719588,Low
28948,0,0,0.26277086,Medium
28949,0,0,0.2789033,Medium
28950,0,0,0.12432139,Low
28951,1,0,0.39830774,Medium
28952,0,0,0.38946843,Medium
28953,0,0,0.064080484,Low
28954,0,0,0.13658267,Low
28955,0,0,0.13717471,Low
28956,0,0,0.07508299,Low
28957,0,0,0.20942055,Medium
28958,0,0,0.31670076,Medium
28959,1,1,0.86580473,Very High
28960,0,0,0.11510723,Low
28961,0,0,0.22175944,Medium
28962,0,0,0.43471053,High
28963,0,0,0.28775907,Medium
28964,1,0,0.2664796,Medium
28965,0,0,0.40487635,High
28966,1,0,0.27543366,Medium
28967,0,0,0.12983197,Low
28968,0,0,0.051151406,Low
28969,0,0,0.3699169,Medium
28970,0,0,0.31003788,Medium
28971,0,1,0.5168717,High
28972,0,1,0.6295046,Very High
28973,0,0,0.24052534,Medium
28974,1,0,0.2654661,Medium
28975,1,1,0.85722905,Very High
28976,0,0,0.099764034,Low
28977,0,0,0.36106616,Medium
28978,0,0,0.30996844,Medium
28979,1,0,0.4784461,High
28980,1,1,0.80137724,Very High
28981,0,0,0.21963923,Medium
28982,0,0,0.13795415,Low
28983,0,0,0.11797283,Low
28984,0,1,0.5035215,High
28985,1,0,0.37083453,Medium
28986,0,0,0.37145507,Medium
28987,0,0,0.13318731,Low
28988,0,0,0.33245692,Medium
28989,1,1,0.60488135,Very High
28990,0,0,0.17950194,Low
28991,0,0,0.37954384,Medium
28992,0,0,0.18675795,Low
28993,0,0,0.24790171,Medium
28994,1,0,0.07993925,Low
28995,0,0,0.09818301,Low
28996,1,1,0.87805194,Very High
28997,0,0,0.3609328,Medium
28998,0,0,0.074700914,Low
28999,0,1,0.62047905,Very High
29000,0,0,0.18213002,Low
29001,0,0,0.30694485,Medium
29002,1,0,0.40389985,High
29003,1,1,0.6862111,Very High
29004,0,0,0.17022476,Low
29005,0,1,0.79604745,Very High
29006,0,0,0.3930267,Medium
29007,0,1,0.5161876,High
29008,0,0,0.26231787,Medium
29009,0,0,0.15673573,Low
29010,0,0,0.2934024,Medium
29011,0,0,0.2721838,Medium
29012,1,0,0.41934535,High
29013,0,0,0.27494228,Medium
29014,0,0,0.23783295,Medium
29015,0,0,0.07839808,Low
29016,1,1,0.8635999,Very High
29017,0,0,0.39920676,Medium
29018,1,0,0.45115158,High
29019,0,0,0.3671125,Medium
29020,1,0,0.48968795,High
29021,0,0,0.22319333,Medium
29022,1,0,0.39758837,Medium
29023,0,1,0.60258454,Very High
29024,0,0,0.12684423,Low
29025,1,0,0.21855177,Medium
29026,1,1,0.8303834,Very High
29027,0,0,0.18751168,Low
29028,1,0,0.26303855,Medium
29029,1,1,0.88263196,Very High
29030,0,0,0.17687544,Low
29031,0,0,0.2738456,Medium
29032,0,0,0.29798204,Medium
29033,0,0,0.2695647,Medium
29034,1,1,0.5552371,High
29035,0,0,0.2960849,Medium
29036,1,0,0.38849926,Medium
29037,0,0,0.25580758,Medium
29038,0,0,0.35931164,Medium
29039,0,1,0.5584757,High
29040,0,0,0.22123766,Medium
29041,0,0,0.1381829,Low
29042,1,0,0.31165496,Medium
29043,0,1,0.6222247,Very High
29044,0,0,0.22096165,Medium
29045,1,1,0.5474414,High
29046,0,0,0.23585719,Medium
29047,0,0,0.32861498,Medium
29048,0,0,0.18329614,Low
29049,0,0,0.40524548,High
29050,1,1,0.6146732,Very High
29051,0,0,0.15365094,Low
29052,0,1,0.5358917,High
29053,1,1,0.71471936,Very High
29054,0,1,0.6055424,Very High
29055,1,0,0.23851834,Medium
29056,0,0,0.30782646,Medium
29057,0,1,0.8372933,Very High
29058,0,0,0.12653221,Low
29059,1,0,0.37453264,Medium
29060,0,0,0.32408082,Medium
29061,0,0,0.22006918,Medium
29062,0,0,0.20954871,Medium
29063,0,0,0.41104096,High
29064,0,0,0.23162441,Medium
29065,0,1,0.8204334,Very High
29066,0,0,0.13568316,Low
29067,0,0,0.31006438,Medium
29068,0,0,0.2718592,Medium
29069,0,0,0.2081764,Medium
29070,0,0,0.15842184,Low
29071,0,0,0.2603859,Medium
29072,0,0,0.11135087,Low
29073,0,0,0.32590902,Medium
29074,0,1,0.85453695,Very High
29075,1,1,0.6274342,Very High
29076,0,0,0.077657126,Low
29077,0,0,0.34676573,Medium
29078,0,0,0.38957262,Medium
29079,0,1,0.67666775,Very High
29080,0,0,0.33023992,Medium
29081,1,0,0.37962973,Medium
29082,1,1,0.6359764,Very High
29083,0,1,0.64023525,Very High
29084,0,0,0.18697613,Low
29085,1,1,0.6245621,Very High
29086,0,0,0.45244208,High
29087,0,0,0.22148772,Medium
29088,0,1,0.7256707,Very High
29089,0,0,0.18835102,Low
29090,0,0,0.22110663,Medium
29091,0,0,0.4267395,High
29092,1,1,0.62148976,Very High
29093,0,0,0.35547894,Medium
29094,0,0,0.09994028,Low
29095,0,0,0.37395033,Medium
29096,1,0,0.27235678,Medium
29097,0,0,0.15222557,Low
29098,0,0,0.29163116,Medium
29099,0,0,0.15813503,Low
29100,0,0,0.3304635,Medium
29101,0,0,0.33902588,Medium
29102,0,0,0.22231245,Medium
29103,0,0,0.32603586,Medium
29104,0,0,0.21480443,Medium
29105,0,0,0.16871722,Low
29106,1,1,0.7636945,Very High
29107,0,0,0.24207133,Medium
29108,0,1,0.68983763,Very High
29109,1,1,0.81395036,Very High
29110,1,1,0.76356685,Very High
29111,0,0,0.23401165,Medium
29112,0,1,0.5703831,High
29113,0,0,0.23331602,Medium
29114,1,0,0.38329446,Medium
29115,1,1,0.52274746,High
29116,1,1,0.9105802,Very High
29117,0,0,0.29536504,Medium
29118,0,0,0.27570152,Medium
29119,1,1,0.75868607,Very High
29120,0,1,0.51466966,High
29121,0,0,0.3488464,Medium
29122,0,1,0.61663157,Very High
29123,0,0,0.29038635,Medium
29124,0,0,0.33155805,Medium
29125,0,1,0.52777994,High
29126,0,0,0.28783357,Medium
29127,1,1,0.82741296,Very High
29128,0,1,0.6985531,Very High
29129,0,0,0.2888024,Medium
29130,0,0,0.48684058,High
29131,0,0,0.09362589,Low
29132,0,0,0.47507176,High
29133,1,0,0.39410874,Medium
29134,0,0,0.43593055,High
29135,0,0,0.3410065,Medium
29136,0,0,0.19601147,Low
29137,0,0,0.13444693,Low
29138,0,0,0.28357148,Medium
29139,1,1,0.9131765,Very High
29140,0,0,0.28263465,Medium
29141,0,0,0.28025603,Medium
29142,0,0,0.05161495,Low
29143,0,0,0.32715473,Medium
29144,0,0,0.217351,Medium
29145,0,0,0.36844862,Medium
29146,1,0,0.1735741,Low
29147,0,0,0.30305687,Medium
29148,0,0,0.16860633,Low
29149,0,0,0.38432303,Medium
29150,0,1,0.7932654,Very High
29151,1,1,0.85306275,Very High
29152,1,1,0.8954777,Very High
29153,1,1,0.5804194,High
29154,0,0,0.34831992,Medium
29155,1,1,0.86060864,Very High
29156,1,1,0.61389154,Very High
29157,0,0,0.30006242,Medium
29158,0,1,0.6817754,Very High
29159,0,0,0.2669952,Medium
29160,0,0,0.08735672,Low
29161,0,1,0.82506806,Very High
29162,1,1,0.83712584,Very High
29163,0,1,0.54631114,High
29164,1,1,0.6564496,Very High
29165,0,0,0.3845476,Medium
29166,0,0,0.303616,Medium
29167,0,0,0.31984878,Medium
29168,1,0,0.2447757,Medium
29169,0,0,0.19536941,Low
29170,1,1,0.7524317,Very High
29171,1,1,0.6581751,Very High
29172,0,0,0.17295977,Low
29173,0,0,0.11867804,Low
29174,0,0,0.27572635,Medium
29175,0,0,0.119084075,Low
29176,0,0,0.12634452,Low
29177,1,1,0.8840525,Very High
29178,0,1,0.76696485,Very High
29179,0,0,0.13751079,Low
29180,1,0,0.2826259,Medium
29181,1,1,0.8189725,Very High
29182,0,0,0.20784257,Medium
29183,0,0,0.1789491,Low
29184,0,0,0.30494747,Medium
29185,1,1,0.56175786,High
29186,0,1,0.8093842,Very High
29187,0,0,0.43921125,High
29188,0,0,0.21506555,Medium
29189,0,0,0.18737277,Low
29190,1,1,0.63578606,Very High
29191,0,0,0.23960534,Medium
29192,0,0,0.07214795,Low
29193,1,0,0.4195689,High
29194,1,0,0.39521578,Medium
29195,0,0,0.24695247,Medium
29196,0,1,0.7501641,Very High
29197,0,0,0.31429917,Medium
29198,0,0,0.45308736,High
29199,0,0,0.23684865,Medium
29200,0,0,0.37558204,Medium
29201,0,0,0.47397363,High
29202,1,1,0.696696,Very High
29203,1,0,0.4047664,High
29204,0,0,0.2734265,Medium
29205,0,0,0.31787238,Medium
29206,0,1,0.55684215,High
29207,0,0,0.22423725,Medium
29208,0,0,0.21359676,Medium
29209,0,0,0.30380568,Medium
29210,0,0,0.26384243,Medium
29211,1,1,0.70804566,Very High
29212,0,0,0.3154168,Medium
29213,0,0,0.17471732,Low
29214,1,1,0.8458701,Very High
29215,1,1,0.7371924,Very High
29216,0,0,0.32364145,Medium
29217,0,0,0.3904448,Medium
29218,0,0,0.1767858,Low
29219,0,0,0.29193437,Medium
29220,0,0,0.46544018,High
29221,0,1,0.6292502,Very High
29222,0,0,0.35016158,Medium
29223,0,1,0.5977013,High
29224,0,0,0.40108255,High
29225,0,1,0.82883275,Very High
29226,0,0,0.18455936,Low
29227,0,0,0.40348858,High
29228,0,0,0.2959959,Medium
29229,0,0,0.42980054,High
29230,0,0,0.21963009,Medium
29231,0,0,0.40699145,High
29232,0,0,0.33966917,Medium
29233,0,0,0.3178974,Medium
29234,1,0,0.42593944,High
29235,1,1,0.5739779,High
29236,0,0,0.3381064,Medium
29237,1,0,0.33438364,Medium
29238,0,0,0.30702892,Medium
29239,0,1,0.57408714,High
29240,0,0,0.4155825,High
29241,1,0,0.32577536,Medium
29242,0,1,0.6222915,Very High
29243,1,0,0.453818,High
29244,0,0,0.32992655,Medium
29245,0,0,0.2574067,Medium
29246,0,0,0.44036806,High
29247,0,1,0.6387848,Very High
29248,1,1,0.55436295,High
29249,1,1,0.5433848,High
29250,1,1,0.8902334,Very High
29251,1,1,0.7222933,Very High
29252,0,0,0.46177813,High
29253,0,0,0.25579193,Medium
29254,0,0,0.34588337,Medium
29255,1,0,0.351879,Medium
29256,1,0,0.35138527,Medium
29257,0,0,0.3468129,Medium
29258,1,0,0.4055856,High
29259,0,0,0.47667235,High
29260,0,0,0.1426695,Low
29261,0,0,0.36923453,Medium
29262,1,0,0.3578583,Medium
29263,0,0,0.32313246,Medium
29264,0,0,0.4976954,High
29265,0,0,0.19176754,Low
29266,0,0,0.42116824,High
29267,0,0,0.10623973,Low
29268,0,0,0.3012846,Medium
29269,1,1,0.91264313,Very High
29270,0,0,0.23835428,Medium
29271,1,0,0.32573777,Medium
29272,0,0,0.29382384,Medium
29273,0,0,0.3083828,Medium
29274,0,1,0.6785298,Very High
29275,0,0,0.19930317,Low
29276,0,1,0.8092945,Very High
29277,0,0,0.29947245,Medium
29278,0,0,0.09417762,Low
29279,1,0,0.22965139,Medium
29280,0,0,0.2602872,Medium
29281,0,0,0.075895056,Low
29282,1,1,0.7067038,Very High
29283,0,0,0.3239607,Medium
29284,0,0,0.13291976,Low
29285,0,0,0.16558988,Low
29286,0,0,0.10080788,Low
29287,1,1,0.69819015,Very High
29288,0,1,0.51426125,High
29289,0,0,0.20390864,Medium
29290,0,0,0.21542889,Medium
29291,1,1,0.8020996,Very High
29292,0,0,0.26264372,Medium
29293,1,1,0.85375535,Very High
29294,1,0,0.13831128,Low
29295,0,0,0.18760748,Low
29296,0,1,0.80930734,Very High
29297,0,0,0.27943602,Medium
29298,0,0,0.19913284,Low
29299,0,0,0.39458534,Medium
29300,0,0,0.10144455,Low
29301,1,1,0.88840574,Very High
29302,0,1,0.50857204,High
29303,0,0,0.107283175,Low
29304,0,0,0.42137495,High
29305,0,0,0.11376282,Low
29306,0,0,0.3219773,Medium
29307,0,0,0.42145455,High
29308,0,0,0.08959079,Low
29309,0,0,0.24675633,Medium
29310,1,1,0.70685416,Very High
29311,0,0,0.22501247,Medium
29312,1,0,0.47756034,High
29313,1,1,0.8735196,Very High
29314,0,0,0.3333821,Medium
29315,0,0,0.27381766,Medium
29316,0,0,0.18652174,Low
29317,0,1,0.5706526,High
29318,0,0,0.2922981,Medium
29319,0,0,0.22836986,Medium
29320,0,0,0.18580706,Low
29321,0,0,0.1541834,Low
29322,0,0,0.20422673,Medium
29323,0,1,0.7336228,Very High
29324,0,0,0.18295631,Low
29325,0,0,0.3131689,Medium
29326,0,0,0.30252755,Medium
29327,0,0,0.31075588,Medium
29328,0,0,0.17335714,Low
29329,0,0,0.25953862,Medium
29330,1,0,0.12090375,Low
29331,0,0,0.23662297,Medium
29332,0,0,0.22214228,Medium
29333,0,0,0.14285249,Low
29334,0,0,0.21046382,Medium
29335,0,0,0.20250975,Medium
29336,0,0,0.1490105,Low
29337,0,0,0.39689457,Medium
29338,0,0,0.2213412,Medium
29339,1,1,0.79199004,Very High
29340,0,1,0.56525,High
29341,0,0,0.13633637,Low
29342,0,1,0.5153274,High
29343,1,1,0.73609954,Very High
29344,0,0,0.17210846,Low
29345,0,0,0.22006007,Medium
29346,1,1,0.7042168,Very High
29347,0,0,0.17114374,Low
29348,0,1,0.7317456,Very High
29349,0,0,0.35103527,Medium
29350,0,0,0.23436642,Medium
29351,0,0,0.080741026,Low
29352,0,0,0.35876986,Medium
29353,1,0,0.41967472,High
29354,0,0,0.15372434,Low
29355,1,1,0.5317793,High
29356,1,1,0.55020094,High
29357,1,1,0.7712066,Very High
29358,0,1,0.66153806,Very High
29359,0,0,0.23282215,Medium
29360,0,0,0.28039244,Medium
29361,1,0,0.45930234,High
29362,0,0,0.47804502,High
29363,0,0,0.27520445,Medium
29364,0,0,0.18786865,Low
29365,0,0,0.35485506,Medium
29366,0,0,0.27448693,Medium
29367,1,1,0.85823584,Very High
29368,0,0,0.250783,Medium
29369,0,0,0.1646306,Low
29370,0,0,0.2012686,Medium
29371,0,0,0.16600831,Low
29372,0,0,0.3149182,Medium
29373,0,0,0.15717289,Low
29374,0,0,0.13318235,Low
29375,0,1,0.5713379,High
29376,0,0,0.30345342,Medium
29377,1,0,0.26179016,Medium
29378,0,0,0.18386513,Low
29379,1,1,0.51952904,High
29380,0,0,0.35506815,Medium
29381,0,1,0.5273815,High
29382,0,0,0.3678751,Medium
29383,0,1,0.5790678,High
29384,0,0,0.092444055,Low
29385,0,0,0.17722052,Low
29386,0,0,0.10004193,Low
29387,0,0,0.2339303,Medium
29388,0,0,0.24070595,Medium
29389,0,0,0.27481174,Medium
29390,0,0,0.32326838,Medium
29391,0,0,0.23740624,Medium
29392,1,1,0.5652749,High
29393,0,0,0.07560979,Low
29394,0,0,0.35226965,Medium
29395,0,0,0.14764835,Low
29396,0,0,0.3033257,Medium
29397,0,0,0.21711247,Medium
29398,0,0,0.37247193,Medium
29399,0,1,0.54350084,High
29400,0,0,0.2584797,Medium
29401,0,0,0.4274402,High
29402,0,0,0.27963015,Medium
29403,0,0,0.27116537,Medium
29404,0,0,0.1546457,Low
29405,0,0,0.09317468,Low
29406,0,0,0.23925266,Medium
29407,0,0,0.31203383,Medium
29408,0,0,0.2615076,Medium
29409,1,1,0.67285085,Very High
29410,0,0,0.34847307,Medium
29411,0,0,0.26745138,Medium
29412,0,0,0.44915658,High
29413,0,1,0.61195874,Very High
29414,1,1,0.83818555,Very High
29415,0,0,0.22851932,Medium
29416,0,0,0.44396967,High
29417,0,0,0.39618048,Medium
29418,0,0,0.32277045,Medium
29419,1,1,0.9089068,Very High
29420,0,0,0.13620646,Low
29421,0,0,0.30115724,Medium
29422,0,0,0.059741676,Low
29423,0,0,0.26633972,Medium
29424,0,0,0.07919876,Low
29425,0,0,0.24383132,Medium
29426,0,0,0.36375135,Medium
29427,0,0,0.23341748,Medium
29428,1,1,0.6399501,Very High
29429,0,0,0.31719965,Medium
29430,0,0,0.27772447,Medium
29431,0,0,0.2938592,Medium
29432,0,1,0.5326666,High
29433,0,1,0.6496025,Very High
29434,0,0,0.2196254,Medium
29435,0,0,0.174355,Low
29436,0,0,0.4140131,High
29437,1,1,0.6817684,Very High
29438,0,0,0.33597046,Medium
29439,0,0,0.11572929,Low
29440,0,0,0.35536656,Medium
29441,0,0,0.1353088,Low
29442,0,0,0.23560779,Medium
29443,0,0,0.24033955,Medium
29444,0,0,0.1780471,Low
29445,1,0,0.40370247,High
29446,0,0,0.13817134,Low
29447,0,0,0.24469572,Medium
29448,1,0,0.2836474,Medium
29449,0,1,0.54059994,High
29450,0,0,0.30614787,Medium
29451,0,0,0.4587098,High
29452,1,1,0.9146319,Very High
29453,1,1,0.5472524,High
29454,0,0,0.34707698,Medium
29455,1,0,0.36995348,Medium
29456,0,1,0.55062824,High
29457,0,0,0.40512612,High
29458,0,0,0.082552135,Low
29459,0,0,0.08349816,Low
29460,0,1,0.57204634,High
29461,0,0,0.30529913,Medium
29462,0,0,0.23245548,Medium
29463,0,0,0.13400458,Low
29464,0,0,0.17304137,Low
29465,1,0,0.31802857,Medium
29466,0,0,0.09020403,Low
29467,0,1,0.77809817,Very High
29468,0,0,0.17814094,Low
29469,0,0,0.326884,Medium
29470,0,0,0.26773342,Medium
29471,0,0,0.41298193,High
29472,0,0,0.16574839,Low
29473,0,0,0.3385032,Medium
29474,0,0,0.39176074,Medium
29475,0,0,0.20178661,Medium
29476,0,0,0.31183296,Medium
29477,0,0,0.15161484,Low
29478,1,1,0.8824509,Very High
29479,0,0,0.44638225,High
29480,0,0,0.19692387,Low
29481,0,1,0.5489934,High
29482,0,0,0.14324029,Low
29483,0,0,0.34350827,Medium
29484,1,0,0.13086909,Low
29485,0,0,0.2111057,Medium
29486,1,0,0.3333129,Medium
29487,0,0,0.20056546,Medium
29488,0,0,0.43123254,High
29489,0,0,0.15220825,Low
29490,0,0,0.40496138,High
29491,0,0,0.1867294,Low
29492,1,0,0.47948602,High
29493,0,0,0.46536013,High
29494,0,1,0.87478626,Very High
29495,0,0,0.09123761,Low
29496,0,0,0.12717563,Low
29497,0,0,0.37973502,Medium
29498,1,1,0.65275246,Very High
29499,0,0,0.4636415,High
29500,0,0,0.3203252,Medium
29501,1,1,0.92754424,Very High
29502,0,0,0.4671174,High
29503,0,0,0.3204872,Medium
29504,1,1,0.7259583,Very High
29505,0,1,0.82757354,Very High
29506,0,0,0.43400174,High
29507,0,0,0.17190857,Low
29508,0,0,0.26292008,Medium
29509,0,0,0.18382753,Low
29510,0,1,0.51846504,High
29511,0,0,0.3038723,Medium
29512,1,1,0.56525,High
29513,1,0,0.45004812,High
29514,0,1,0.52381957,High
29515,0,0,0.26381811,Medium
29516,1,0,0.40112758,High
29517,1,0,0.37249008,Medium
29518,0,0,0.18090132,Low
29519,1,0,0.2834204,Medium
29520,0,0,0.16490944,Low
29521,1,0,0.32030267,Medium
29522,0,0,0.21393506,Medium
29523,0,0,0.4951169,High
29524,1,1,0.93237305,Very High
29525,1,1,0.75800604,Very High
29526,0,0,0.3002084,Medium
29527,0,0,0.36523825,Medium
29528,0,0,0.20230106,Medium
29529,0,0,0.38515973,Medium
29530,0,0,0.36310485,Medium
29531,0,0,0.39152575,Medium
29532,1,1,0.5672256,High
29533,0,0,0.18382983,Low
29534,0,1,0.5773091,High
29535,0,0,0.3260823,Medium
29536,0,1,0.70692307,Very High
29537,0,0,0.23398021,Medium
29538,1,0,0.3730612,Medium
29539,0,1,0.8921758,Very High
29540,0,0,0.27934217,Medium
29541,1,0,0.405493,High
29542,0,1,0.74760205,Very High
29543,0,0,0.20966567,Medium
29544,0,0,0.33793163,Medium
29545,0,0,0.32081613,Medium
29546,1,0,0.28860593,Medium
29547,0,0,0.30896956,Medium
29548,0,0,0.19891924,Low
29549,1,1,0.587097,High
29550,0,0,0.27534756,Medium
29551,0,1,0.841792,Very High
29552,0,0,0.3673717,Medium
29553,0,0,0.20277345,Medium
29554,0,0,0.35123676,Medium
29555,1,0,0.4294951,High
29556,0,0,0.20912585,Medium
29557,1,1,0.8479482,Very High
29558,1,1,0.50827247,High
29559,0,0,0.29041404,Medium
29560,0,0,0.35624102,Medium
29561,0,1,0.6648493,Very High
29562,0,1,0.61256063,Very High
29563,0,0,0.1196488,Low
29564,0,0,0.22449982,Medium
29565,0,0,0.2085818,Medium
29566,0,0,0.2851787,Medium
29567,0,0,0.35636514,Medium
29568,0,0,0.3146604,Medium
29569,0,1,0.5312124,High
29570,1,1,0.7747804,Very High
29571,1,1,0.91398627,Very High
29572,0,0,0.22233579,Medium
29573,1,0,0.27841064,Medium
29574,0,1,0.616699,Very High
29575,0,0,0.3709868,Medium
29576,1,1,0.83066463,Very High
29577,1,1,0.7256412,Very High
29578,1,0,0.46697083,High
29579,0,0,0.28748733,Medium
29580,1,1,0.9247548,Very High
29581,0,0,0.18162897,Low
29582,0,0,0.15121287,Low
29583,0,0,0.45198402,High
29584,0,0,0.2895963,Medium
29585,1,0,0.15735926,Low
29586,1,1,0.51636016,High
29587,0,0,0.17322151,Low
29588,0,0,0.3155306,Medium
29589,0,0,0.16382465,Low
29590,0,0,0.3924636,Medium
29591,1,1,0.87007165,Very High
29592,0,0,0.40044597,High
29593,0,0,0.47017792,High
29594,0,0,0.36957756,Medium
29595,1,0,0.4387217,High
29596,0,0,0.07216726,Low
29597,0,0,0.16017193,Low
29598,0,0,0.19167744,Low
29599,1,0,0.33174723,Medium
29600,0,0,0.21162823,Medium
29601,0,0,0.24848041,Medium
29602,0,0,0.12486228,Low
29603,0,0,0.2622896,Medium
29604,0,1,0.8083508,Very High
29605,0,0,0.39574835,Medium
29606,0,0,0.4273464,High
29607,1,1,0.72409546,Very High
29608,0,0,0.19578329,Low
29609,1,1,0.61641496,Very High
29610,1,0,0.3170398,Medium
29611,0,0,0.058167882,Low
29612,1,0,0.39830995,Medium
29613,1,1,0.6391732,Very High
29614,0,0,0.27757588,Medium
29615,1,1,0.8704093,Very High
29616,1,1,0.5751678,High
29617,0,0,0.1660432,Low
29618,0,0,0.31374383,Medium
29619,0,0,0.3016276,Medium
29620,1,1,0.75821394,Very High
29621,0,1,0.5980842,High
29622,0,0,0.48668417,High
29623,1,1,0.9027413,Very High
29624,0,0,0.15027428,Low
29625,0,0,0.25091484,Medium
29626,0,0,0.33178788,Medium
29627,0,0,0.3360976,Medium
29628,0,0,0.24800399,Medium
29629,0,0,0.12611447,Low
29630,0,0,0.23150972,Medium
29631,0,0,0.23150393,Medium
29632,0,0,0.3420405,Medium
29633,0,0,0.33394012,Medium
29634,0,0,0.3344899,Medium
29635,0,0,0.12701882,Low
29636,0,0,0.3282772,Medium
29637,0,1,0.55442774,High
29638,0,0,0.31506845,Medium
29639,1,0,0.19286299,Low
29640,0,0,0.19744322,Low
29641,1,0,0.2867445,Medium
29642,0,0,0.15873867,Low
29643,1,1,0.8383794,Very High
29644,1,1,0.7903358,Very High
29645,0,1,0.524089,High
29646,0,0,0.12451894,Low
29647,0,0,0.4404119,High
29648,0,0,0.16608013,Low
29649,0,0,0.18430516,Low
29650,0,0,0.15847374,Low
29651,1,1,0.83932376,Very High
29652,1,1,0.8468634,Very High
29653,0,0,0.055390947,Low
29654,0,0,0.2648554,Medium
29655,1,0,0.3433758,Medium
29656,0,0,0.07933095,Low
29657,0,0,0.29758036,Medium
29658,1,0,0.40843207,High
29659,0,0,0.3244756,Medium
29660,0,0,0.25655854,Medium
29661,0,0,0.35088772,Medium
29662,0,0,0.12986784,Low
29663,0,0,0.2290114,Medium
29664,0,0,0.30222976,Medium
29665,0,0,0.3264298,Medium
29666,0,1,0.88267326,Very High
29667,0,0,0.1376381,Low
29668,1,1,0.8617199,Very High
29669,1,1,0.8699432,Very High
29670,0,0,0.26911417,Medium
29671,0,1,0.87257946,Very High
29672,0,0,0.28902313,Medium
29673,0,0,0.48560208,High
29674,0,0,0.092764884,Low
29675,0,0,0.26278925,Medium
29676,0,0,0.22158746,Medium
29677,0,0,0.25601923,Medium
29678,0,0,0.280428,Medium
29679,1,1,0.80203426,Very High
29680,0,0,0.33467278,Medium
29681,0,1,0.6918212,Very High
29682,1,1,0.57397527,High
29683,0,0,0.32640725,Medium
29684,0,0,0.38201168,Medium
29685,0,0,0.22506687,Medium
29686,1,0,0.3404966,Medium
29687,0,0,0.10702563,Low
29688,1,1,0.84935886,Very High
29689,0,1,0.84311557,Very High
29690,0,0,0.40002307,High
29691,0,0,0.22580342,Medium
29692,0,0,0.16124724,Low
29693,0,0,0.19460495,Low
29694,0,0,0.060568407,Low
29695,0,0,0.31693992,Medium
29696,0,0,0.4276132,High
29697,0,0,0.19752617,Low
29698,0,1,0.6175363,Very High
29699,0,0,0.24471577,Medium
29700,0,0,0.364222,Medium
29701,1,1,0.55408335,High
29702,1,1,0.8455242,Very High
29703,0,0,0.2006698,Medium
29704,0,0,0.21583804,Medium
29705,0,0,0.36287585,Medium
29706,0,1,0.5555153,High
29707,0,0,0.06014238,Low
29708,0,1,0.6495384,Very High
29709,0,1,0.72627753,Very High
29710,1,1,0.5617695,High
29711,0,0,0.24669196,Medium
29712,0,1,0.6347563,Very High
29713,0,0,0.26871467,Medium
29714,0,0,0.40259853,High
29715,0,0,0.3152558,Medium
29716,1,1,0.7404975,Very High
29717,1,1,0.83860797,Very High
29718,1,0,0.25889376,Medium
29719,0,0,0.24674577,Medium
29720,0,0,0.3145851,Medium
29721,0,0,0.14919688,Low
29722,0,0,0.29574573,Medium
29723,0,0,0.37444314,Medium
29724,1,1,0.89878476,Very High
29725,0,0,0.1906804,Low
29726,0,0,0.30532622,Medium
29727,1,1,0.93237305,Very High
29728,0,0,0.29969084,Medium
29729,1,1,0.54439384,High
29730,0,0,0.14419869,Low
29731,0,0,0.3345025,Medium
29732,1,0,0.40562487,High
29733,0,1,0.82857686,Very High
29734,0,0,0.16215752,Low
29735,1,0,0.36311132,Medium
29736,1,1,0.83703136,Very High
29737,0,0,0.21827444,Medium
29738,1,1,0.84388995,Very High
29739,0,0,0.29598752,Medium
29740,0,0,0.14905211,Low
29741,0,0,0.114841685,Low
29742,0,0,0.23428766,Medium
29743,0,0,0.3050476,Medium
29744,0,0,0.39625287,Medium
29745,1,1,0.87351817,Very High
29746,0,0,0.42793384,High
29747,1,1,0.5214506,High
29748,1,1,0.8626138,Very High
29749,0,0,0.21955353,Medium
29750,0,0,0.30535674,Medium
29751,0,0,0.37459844,Medium
29752,0,0,0.32585016,Medium
29753,0,1,0.5792175,High
29754,0,0,0.19393119,Low
29755,0,1,0.594208,High
29756,0,1,0.8230832,Very High
29757,0,1,0.6683727,Very High
29758,0,0,0.30766746,Medium
29759,0,0,0.39151528,Medium
29760,0,1,0.66017735,Very High
29761,1,1,0.5457989,High
29762,0,0,0.14410241,Low
29763,0,0,0.37601173,Medium
29764,0,0,0.3638469,Medium
29765,0,0,0.37138748,Medium
29766,0,0,0.26553673,Medium
29767,0,1,0.56861526,High
29768,0,1,0.6038749,Very High
29769,0,0,0.29584953,Medium
29770,0,0,0.3676009,Medium
29771,1,1,0.9205284,Very High
29772,1,1,0.81053,Very High
29773,0,0,0.22974642,Medium
29774,0,0,0.29802135,Medium
29775,1,0,0.19562773,Low
29776,0,1,0.58704656,High
29777,0,0,0.24385692,Medium
29778,1,0,0.27385843,Medium
29779,1,1,0.8293089,Very High
29780,0,0,0.16617966,Low
29781,0,0,0.27237448,Medium
29782,0,0,0.4592775,High
29783,0,0,0.29646295,Medium
29784,0,1,0.70669556,Very High
29785,0,0,0.46183223,High
29786,1,1,0.85002303,Very High
29787,0,0,0.2609857,Medium
29788,0,1,0.67700607,Very High
29789,0,0,0.29264203,Medium
29790,0,0,0.24275261,Medium
29791,0,0,0.17500116,Low
29792,0,0,0.10043959,Low
29793,0,0,0.3778708,Medium
29794,1,0,0.2460536,Medium
29795,0,0,0.18753383,Low
29796,0,0,0.3537034,Medium
29797,0,0,0.34190634,Medium
29798,0,0,0.28966883,Medium
29799,0,1,0.5153929,High
29800,1,1,0.89700377,Very High
29801,0,0,0.122760385,Low
29802,0,1,0.8439609,Very High
29803,0,0,0.37478772,Medium
29804,0,0,0.276115,Medium
29805,1,1,0.73683494,Very High
29806,0,0,0.32901835,Medium
29807,0,0,0.37754503,Medium
29808,0,0,0.3546465,Medium
29809,1,0,0.22772858,Medium
29810,1,1,0.7787999,Very High
29811,0,0,0.17897567,Low
29812,0,0,0.22767632,Medium
29813,0,0,0.119334064,Low
29814,0,0,0.122057274,Low
29815,0,1,0.7723544,Very High
29816,0,0,0.43116924,High
29817,0,1,0.7092444,Very High
29818,1,1,0.8521441,Very High
29819,0,0,0.27509287,Medium
29820,1,0,0.4161357,High
29821,0,1,0.5316551,High
29822,0,0,0.1041967,Low
29823,0,0,0.30981085,Medium
29824,1,1,0.59702116,High
29825,1,1,0.9255498,Very High
29826,0,0,0.3141876,Medium
29827,0,0,0.2847659,Medium
29828,1,1,0.84060496,Very High
29829,1,0,0.47279337,High
29830,0,0,0.2451507,Medium
29831,1,1,0.6244874,Very High
29832,0,0,0.18230817,Low
29833,0,0,0.29073846,Medium
29834,1,0,0.47388756,High
29835,0,0,0.30367768,Medium
29836,0,0,0.155762,Low
29837,0,0,0.1903961,Low
29838,0,0,0.25339106,Medium
29839,1,0,0.14664942,Low
29840,0,0,0.12041502,Low
29841,1,1,0.8906278,Very High
29842,0,0,0.102980085,Low
29843,0,0,0.09668582,Low
29844,1,1,0.8742886,Very High
29845,0,0,0.106011264,Low
29846,1,1,0.6289729,Very High
29847,0,0,0.10622659,Low
29848,0,0,0.04478787,Low
29849,1,1,0.8945179,Very High
29850,0,0,0.18705133,Low
29851,0,0,0.4196481,High
29852,0,0,0.29400444,Medium
29853,0,0,0.18392186,Low
29854,1,0,0.45383382,High
29855,0,0,0.19604766,Low
29856,0,1,0.65176696,Very High
29857,0,0,0.17076577,Low
29858,0,0,0.3327533,Medium
29859,0,0,0.47895744,High
29860,1,0,0.31435296,Medium
29861,0,0,0.09932259,Low
29862,0,0,0.17156872,Low
29863,1,0,0.41043007,High
29864,0,0,0.269631,Medium
29865,0,0,0.12440303,Low
29866,1,1,0.6832804,Very High
29867,1,1,0.8783509,Very High
29868,0,0,0.13691643,Low
29869,0,0,0.07194153,Low
29870,0,1,0.5580667,High
29871,1,0,0.40464172,High
29872,0,0,0.35169277,Medium
29873,0,0,0.31576687,Medium
29874,0,0,0.16757882,Low
29875,1,0,0.31361818,Medium
29876,0,0,0.2566418,Medium
29877,0,0,0.2023012,Medium
29878,0,0,0.07606841,Low
29879,1,0,0.29933783,Medium
29880,0,0,0.17910992,Low
29881,1,0,0.33641332,Medium
29882,0,0,0.12807298,Low
29883,0,0,0.40725127,High
29884,0,0,0.32886064,Medium
29885,0,1,0.5089345,High
29886,1,0,0.33230737,Medium
29887,0,0,0.11252837,Low
29888,0,0,0.15336752,Low
29889,0,0,0.16118708,Low
29890,0,0,0.10126642,Low
29891,0,0,0.41484937,High
29892,0,0,0.25500175,Medium
29893,0,0,0.34498724,Medium
29894,0,0,0.16230601,Low
29895,1,0,0.28997025,Medium
29896,0,0,0.19817656,Low
29897,1,1,0.9074208,Very High
29898,1,0,0.20679305,Medium
29899,0,1,0.6700226,Very High
29900,1,0,0.23444277,Medium
29901,1,0,0.3709218,Medium
29902,0,1,0.5796804,High
29903,0,0,0.07709401,Low
29904,0,0,0.18769538,Low
29905,1,0,0.27498642,Medium
29906,1,1,0.6357728,Very High
29907,0,0,0.12027629,Low
29908,1,0,0.3844029,Medium
29909,1,0,0.4840843,High
29910,0,1,0.5453302,High
29911,0,0,0.36070266,Medium
29912,1,0,0.46653894,High
29913,0,0,0.23559768,Medium
29914,0,0,0.071324,Low
29915,0,0,0.08666382,Low
29916,0,1,0.84071946,Very High
29917,0,0,0.11428635,Low
29918,1,1,0.63595414,Very High
29919,0,0,0.17692141,Low
29920,1,1,0.544301,High
29921,1,1,0.74476284,Very High
29922,1,0,0.4028498,High
29923,0,1,0.5362909,High
29924,0,0,0.26704887,Medium
29925,0,0,0.35601127,Medium
29926,0,0,0.10198859,Low
29927,0,1,0.83985466,Very High
29928,0,0,0.13314979,Low
29929,0,1,0.598414,High
29930,1,0,0.31825173,Medium
29931,0,1,0.79719484,Very High
29932,0,0,0.43252328,High
29933,1,1,0.8103889,Very High
29934,0,1,0.62455046,Very High
29935,0,0,0.18427631,Low
29936,1,0,0.33498603,Medium
29937,0,0,0.22554603,Medium
29938,0,0,0.11129857,Low
29939,0,1,0.8569577,Very High
29940,0,0,0.186885,Low
29941,0,1,0.6436425,Very High
29942,0,0,0.37782145,Medium
29943,1,0,0.2989029,Medium
29944,0,0,0.10905654,Low
29945,1,1,0.7839946,Very High
29946,0,0,0.3675922,Medium
29947,0,0,0.21931253,Medium
29948,0,1,0.5017795,High
29949,0,0,0.13849379,Low
29950,0,0,0.13461192,Low
29951,0,1,0.58146846,High
29952,0,0,0.23292212,Medium
29953,0,0,0.22390366,Medium
29954,0,0,0.24223654,Medium
29955,0,0,0.24307163,Medium
29956,0,0,0.4830341,High
29957,0,0,0.2783027,Medium
29958,0,0,0.08785192,Low
29959,0,0,0.22972222,Medium
29960,0,0,0.099780165,Low
29961,0,0,0.41161376,High
29962,0,0,0.29432902,Medium
29963,0,0,0.33535224,Medium
29964,0,0,0.44853503,High
29965,0,0,0.15564322,Low
29966,0,0,0.26141235,Medium
29967,1,1,0.72098386,Very High
29968,0,0,0.49988988,High
29969,0,0,0.2695682,Medium
29970,0,0,0.16979814,Low
29971,0,0,0.08489248,Low
29972,0,0,0.281137,Medium
29973,0,0,0.15215695,Low
29974,1,1,0.59065056,High
29975,1,1,0.7376731,Very High
29976,0,0,0.11194779,Low
29977,1,1,0.8770446,Very High
29978,0,0,0.08337329,Low
29979,0,0,0.22885928,Medium
29980,0,1,0.5071856,High
29981,0,0,0.21386896,Medium
29982,0,1,0.7280879,Very High
29983,1,0,0.312095,Medium
29984,0,0,0.35626206,Medium
29985,0,0,0.3192419,Medium
29986,0,0,0.4757165,High
29987,0,0,0.3934422,Medium
29988,0,0,0.1339896,Low
29989,0,0,0.35224748,Medium
29990,0,0,0.2683668,Medium
29991,0,0,0.32748413,Medium
29992,1,1,0.9382626,Very High
29993,0,0,0.4690419,High
29994,0,0,0.119378574,Low
29995,1,1,0.87473655,Very High
29996,0,0,0.16691865,Low
29997,0,0,0.25730622,Medium
29998,1,1,0.8696988,Very High
29999,1,0,0.21393716,Medium
30000,1,0,0.35007986,Medium
